execution	target_a	target_b	reads_a	reads_b	shared_reads	union_reads	jaccard	shared_fraction_a	shared_fraction_b
Lib1barcode41	montagem_LIB_3_HSV6	montagem_LIB_3_HSV7	0	0	0	0			
Lib1barcode41	montagem_LIB_3_HSV6	montagens_Alouatta_macconnelli_cytomegalovirus	0	0	0	0			
Lib1barcode41	montagem_LIB_3_HSV6	montagens_Alouatta_palliata_cytomegalovirus	0	0	0	0			
Lib1barcode41	montagem_LIB_3_HSV6	montagens_CALHV3	0	960	0	960	0.0		0.0
Lib1barcode41	montagem_LIB_3_HSV6	montagens_Cebus_albifrons_lymphocryptovirus_1	0	0	0	0			
Lib1barcode41	montagem_LIB_3_HSV6	montagens_consenso_H1	0	0	0	0			
Lib1barcode41	montagem_LIB_3_HSV7	montagens_Alouatta_macconnelli_cytomegalovirus	0	0	0	0			
Lib1barcode41	montagem_LIB_3_HSV7	montagens_Alouatta_palliata_cytomegalovirus	0	0	0	0			
Lib1barcode41	montagem_LIB_3_HSV7	montagens_CALHV3	0	960	0	960	0.0		0.0
Lib1barcode41	montagem_LIB_3_HSV7	montagens_Cebus_albifrons_lymphocryptovirus_1	0	0	0	0			
Lib1barcode41	montagem_LIB_3_HSV7	montagens_consenso_H1	0	0	0	0			
Lib1barcode41	montagens_Alouatta_macconnelli_cytomegalovirus	montagens_Alouatta_palliata_cytomegalovirus	0	0	0	0			
Lib1barcode41	montagens_Alouatta_macconnelli_cytomegalovirus	montagens_CALHV3	0	960	0	960	0.0		0.0
Lib1barcode41	montagens_Alouatta_macconnelli_cytomegalovirus	montagens_Cebus_albifrons_lymphocryptovirus_1	0	0	0	0			
Lib1barcode41	montagens_Alouatta_macconnelli_cytomegalovirus	montagens_consenso_H1	0	0	0	0			
Lib1barcode41	montagens_Alouatta_palliata_cytomegalovirus	montagens_CALHV3	0	960	0	960	0.0		0.0
Lib1barcode41	montagens_Alouatta_palliata_cytomegalovirus	montagens_Cebus_albifrons_lymphocryptovirus_1	0	0	0	0			
Lib1barcode41	montagens_Alouatta_palliata_cytomegalovirus	montagens_consenso_H1	0	0	0	0			
Lib1barcode41	montagens_CALHV3	montagens_Cebus_albifrons_lymphocryptovirus_1	960	0	0	960	0.0	0.0	
Lib1barcode41	montagens_CALHV3	montagens_consenso_H1	960	0	0	960	0.0	0.0	
Lib1barcode41	montagens_Cebus_albifrons_lymphocryptovirus_1	montagens_consenso_H1	0	0	0	0			
Lib1barcode42	montagem_LIB_3_HSV6	montagem_LIB_3_HSV7	0	0	0	0			
Lib1barcode42	montagem_LIB_3_HSV6	montagens_Alouatta_macconnelli_cytomegalovirus	0	0	0	0			
Lib1barcode42	montagem_LIB_3_HSV6	montagens_Alouatta_palliata_cytomegalovirus	0	0	0	0			
Lib1barcode42	montagem_LIB_3_HSV6	montagens_CALHV3	0	15	0	15	0.0		0.0
Lib1barcode42	montagem_LIB_3_HSV6	montagens_Cebus_albifrons_lymphocryptovirus_1	0	0	0	0			
Lib1barcode42	montagem_LIB_3_HSV6	montagens_consenso_H1	0	611	0	611	0.0		0.0
Lib1barcode42	montagem_LIB_3_HSV7	montagens_Alouatta_macconnelli_cytomegalovirus	0	0	0	0			
Lib1barcode42	montagem_LIB_3_HSV7	montagens_Alouatta_palliata_cytomegalovirus	0	0	0	0			
Lib1barcode42	montagem_LIB_3_HSV7	montagens_CALHV3	0	15	0	15	0.0		0.0
Lib1barcode42	montagem_LIB_3_HSV7	montagens_Cebus_albifrons_lymphocryptovirus_1	0	0	0	0			
Lib1barcode42	montagem_LIB_3_HSV7	montagens_consenso_H1	0	611	0	611	0.0		0.0
Lib1barcode42	montagens_Alouatta_macconnelli_cytomegalovirus	montagens_Alouatta_palliata_cytomegalovirus	0	0	0	0			
Lib1barcode42	montagens_Alouatta_macconnelli_cytomegalovirus	montagens_CALHV3	0	15	0	15	0.0		0.0
Lib1barcode42	montagens_Alouatta_macconnelli_cytomegalovirus	montagens_Cebus_albifrons_lymphocryptovirus_1	0	0	0	0			
Lib1barcode42	montagens_Alouatta_macconnelli_cytomegalovirus	montagens_consenso_H1	0	611	0	611	0.0		0.0
Lib1barcode42	montagens_Alouatta_palliata_cytomegalovirus	montagens_CALHV3	0	15	0	15	0.0		0.0
Lib1barcode42	montagens_Alouatta_palliata_cytomegalovirus	montagens_Cebus_albifrons_lymphocryptovirus_1	0	0	0	0			
Lib1barcode42	montagens_Alouatta_palliata_cytomegalovirus	montagens_consenso_H1	0	611	0	611	0.0		0.0
Lib1barcode42	montagens_CALHV3	montagens_Cebus_albifrons_lymphocryptovirus_1	15	0	0	15	0.0	0.0	
Lib1barcode42	montagens_CALHV3	montagens_consenso_H1	15	611	0	626	0.0	0.0	0.0
Lib1barcode42	montagens_Cebus_albifrons_lymphocryptovirus_1	montagens_consenso_H1	0	611	0	611	0.0		0.0
Lib1barcode43	montagem_LIB_3_HSV6	montagem_LIB_3_HSV7	0	0	0	0			
Lib1barcode43	montagem_LIB_3_HSV6	montagens_Alouatta_macconnelli_cytomegalovirus	0	0	0	0			
Lib1barcode43	montagem_LIB_3_HSV6	montagens_Alouatta_palliata_cytomegalovirus	0	0	0	0			
Lib1barcode43	montagem_LIB_3_HSV6	montagens_CALHV3	0	782	0	782	0.0		0.0
Lib1barcode43	montagem_LIB_3_HSV6	montagens_Cebus_albifrons_lymphocryptovirus_1	0	0	0	0			
Lib1barcode43	montagem_LIB_3_HSV6	montagens_consenso_H1	0	1	0	1	0.0		0.0
Lib1barcode43	montagem_LIB_3_HSV7	montagens_Alouatta_macconnelli_cytomegalovirus	0	0	0	0			
Lib1barcode43	montagem_LIB_3_HSV7	montagens_Alouatta_palliata_cytomegalovirus	0	0	0	0			
Lib1barcode43	montagem_LIB_3_HSV7	montagens_CALHV3	0	782	0	782	0.0		0.0
Lib1barcode43	montagem_LIB_3_HSV7	montagens_Cebus_albifrons_lymphocryptovirus_1	0	0	0	0			
Lib1barcode43	montagem_LIB_3_HSV7	montagens_consenso_H1	0	1	0	1	0.0		0.0
Lib1barcode43	montagens_Alouatta_macconnelli_cytomegalovirus	montagens_Alouatta_palliata_cytomegalovirus	0	0	0	0			
Lib1barcode43	montagens_Alouatta_macconnelli_cytomegalovirus	montagens_CALHV3	0	782	0	782	0.0		0.0
Lib1barcode43	montagens_Alouatta_macconnelli_cytomegalovirus	montagens_Cebus_albifrons_lymphocryptovirus_1	0	0	0	0			
Lib1barcode43	montagens_Alouatta_macconnelli_cytomegalovirus	montagens_consenso_H1	0	1	0	1	0.0		0.0
Lib1barcode43	montagens_Alouatta_palliata_cytomegalovirus	montagens_CALHV3	0	782	0	782	0.0		0.0
Lib1barcode43	montagens_Alouatta_palliata_cytomegalovirus	montagens_Cebus_albifrons_lymphocryptovirus_1	0	0	0	0			
Lib1barcode43	montagens_Alouatta_palliata_cytomegalovirus	montagens_consenso_H1	0	1	0	1	0.0		0.0
Lib1barcode43	montagens_CALHV3	montagens_Cebus_albifrons_lymphocryptovirus_1	782	0	0	782	0.0	0.0	
Lib1barcode43	montagens_CALHV3	montagens_consenso_H1	782	1	0	783	0.0	0.0	0.0
Lib1barcode43	montagens_Cebus_albifrons_lymphocryptovirus_1	montagens_consenso_H1	0	1	0	1	0.0		0.0
Lib1barcode44	montagem_LIB_3_HSV6	montagem_LIB_3_HSV7	0	0	0	0			
Lib1barcode44	montagem_LIB_3_HSV6	montagens_Alouatta_macconnelli_cytomegalovirus	0	0	0	0			
Lib1barcode44	montagem_LIB_3_HSV6	montagens_Alouatta_palliata_cytomegalovirus	0	0	0	0			
Lib1barcode44	montagem_LIB_3_HSV6	montagens_CALHV3	0	157	0	157	0.0		0.0
Lib1barcode44	montagem_LIB_3_HSV6	montagens_Cebus_albifrons_lymphocryptovirus_1	0	0	0	0			
Lib1barcode44	montagem_LIB_3_HSV6	montagens_consenso_H1	0	0	0	0			
Lib1barcode44	montagem_LIB_3_HSV7	montagens_Alouatta_macconnelli_cytomegalovirus	0	0	0	0			
Lib1barcode44	montagem_LIB_3_HSV7	montagens_Alouatta_palliata_cytomegalovirus	0	0	0	0			
Lib1barcode44	montagem_LIB_3_HSV7	montagens_CALHV3	0	157	0	157	0.0		0.0
Lib1barcode44	montagem_LIB_3_HSV7	montagens_Cebus_albifrons_lymphocryptovirus_1	0	0	0	0			
Lib1barcode44	montagem_LIB_3_HSV7	montagens_consenso_H1	0	0	0	0			
Lib1barcode44	montagens_Alouatta_macconnelli_cytomegalovirus	montagens_Alouatta_palliata_cytomegalovirus	0	0	0	0			
Lib1barcode44	montagens_Alouatta_macconnelli_cytomegalovirus	montagens_CALHV3	0	157	0	157	0.0		0.0
Lib1barcode44	montagens_Alouatta_macconnelli_cytomegalovirus	montagens_Cebus_albifrons_lymphocryptovirus_1	0	0	0	0			
Lib1barcode44	montagens_Alouatta_macconnelli_cytomegalovirus	montagens_consenso_H1	0	0	0	0			
Lib1barcode44	montagens_Alouatta_palliata_cytomegalovirus	montagens_CALHV3	0	157	0	157	0.0		0.0
Lib1barcode44	montagens_Alouatta_palliata_cytomegalovirus	montagens_Cebus_albifrons_lymphocryptovirus_1	0	0	0	0			
Lib1barcode44	montagens_Alouatta_palliata_cytomegalovirus	montagens_consenso_H1	0	0	0	0			
Lib1barcode44	montagens_CALHV3	montagens_Cebus_albifrons_lymphocryptovirus_1	157	0	0	157	0.0	0.0	
Lib1barcode44	montagens_CALHV3	montagens_consenso_H1	157	0	0	157	0.0	0.0	
Lib1barcode44	montagens_Cebus_albifrons_lymphocryptovirus_1	montagens_consenso_H1	0	0	0	0			
Lib1barcode45	montagem_LIB_3_HSV6	montagem_LIB_3_HSV7	0	0	0	0			
Lib1barcode45	montagem_LIB_3_HSV6	montagens_Alouatta_macconnelli_cytomegalovirus	0	0	0	0			
Lib1barcode45	montagem_LIB_3_HSV6	montagens_Alouatta_palliata_cytomegalovirus	0	0	0	0			
Lib1barcode45	montagem_LIB_3_HSV6	montagens_CALHV3	0	470	0	470	0.0		0.0
Lib1barcode45	montagem_LIB_3_HSV6	montagens_Cebus_albifrons_lymphocryptovirus_1	0	0	0	0			
Lib1barcode45	montagem_LIB_3_HSV6	montagens_consenso_H1	0	0	0	0			
Lib1barcode45	montagem_LIB_3_HSV7	montagens_Alouatta_macconnelli_cytomegalovirus	0	0	0	0			
Lib1barcode45	montagem_LIB_3_HSV7	montagens_Alouatta_palliata_cytomegalovirus	0	0	0	0			
Lib1barcode45	montagem_LIB_3_HSV7	montagens_CALHV3	0	470	0	470	0.0		0.0
Lib1barcode45	montagem_LIB_3_HSV7	montagens_Cebus_albifrons_lymphocryptovirus_1	0	0	0	0			
Lib1barcode45	montagem_LIB_3_HSV7	montagens_consenso_H1	0	0	0	0			
Lib1barcode45	montagens_Alouatta_macconnelli_cytomegalovirus	montagens_Alouatta_palliata_cytomegalovirus	0	0	0	0			
Lib1barcode45	montagens_Alouatta_macconnelli_cytomegalovirus	montagens_CALHV3	0	470	0	470	0.0		0.0
Lib1barcode45	montagens_Alouatta_macconnelli_cytomegalovirus	montagens_Cebus_albifrons_lymphocryptovirus_1	0	0	0	0			
Lib1barcode45	montagens_Alouatta_macconnelli_cytomegalovirus	montagens_consenso_H1	0	0	0	0			
Lib1barcode45	montagens_Alouatta_palliata_cytomegalovirus	montagens_CALHV3	0	470	0	470	0.0		0.0
Lib1barcode45	montagens_Alouatta_palliata_cytomegalovirus	montagens_Cebus_albifrons_lymphocryptovirus_1	0	0	0	0			
Lib1barcode45	montagens_Alouatta_palliata_cytomegalovirus	montagens_consenso_H1	0	0	0	0			
Lib1barcode45	montagens_CALHV3	montagens_Cebus_albifrons_lymphocryptovirus_1	470	0	0	470	0.0	0.0	
Lib1barcode45	montagens_CALHV3	montagens_consenso_H1	470	0	0	470	0.0	0.0	
Lib1barcode45	montagens_Cebus_albifrons_lymphocryptovirus_1	montagens_consenso_H1	0	0	0	0			
Lib1barcode46	montagem_LIB_3_HSV6	montagem_LIB_3_HSV7	0	0	0	0			
Lib1barcode46	montagem_LIB_3_HSV6	montagens_Alouatta_macconnelli_cytomegalovirus	0	0	0	0			
Lib1barcode46	montagem_LIB_3_HSV6	montagens_Alouatta_palliata_cytomegalovirus	0	0	0	0			
Lib1barcode46	montagem_LIB_3_HSV6	montagens_CALHV3	0	620	0	620	0.0		0.0
Lib1barcode46	montagem_LIB_3_HSV6	montagens_Cebus_albifrons_lymphocryptovirus_1	0	0	0	0			
Lib1barcode46	montagem_LIB_3_HSV6	montagens_consenso_H1	0	0	0	0			
Lib1barcode46	montagem_LIB_3_HSV7	montagens_Alouatta_macconnelli_cytomegalovirus	0	0	0	0			
Lib1barcode46	montagem_LIB_3_HSV7	montagens_Alouatta_palliata_cytomegalovirus	0	0	0	0			
Lib1barcode46	montagem_LIB_3_HSV7	montagens_CALHV3	0	620	0	620	0.0		0.0
Lib1barcode46	montagem_LIB_3_HSV7	montagens_Cebus_albifrons_lymphocryptovirus_1	0	0	0	0			
Lib1barcode46	montagem_LIB_3_HSV7	montagens_consenso_H1	0	0	0	0			
Lib1barcode46	montagens_Alouatta_macconnelli_cytomegalovirus	montagens_Alouatta_palliata_cytomegalovirus	0	0	0	0			
Lib1barcode46	montagens_Alouatta_macconnelli_cytomegalovirus	montagens_CALHV3	0	620	0	620	0.0		0.0
Lib1barcode46	montagens_Alouatta_macconnelli_cytomegalovirus	montagens_Cebus_albifrons_lymphocryptovirus_1	0	0	0	0			
Lib1barcode46	montagens_Alouatta_macconnelli_cytomegalovirus	montagens_consenso_H1	0	0	0	0			
Lib1barcode46	montagens_Alouatta_palliata_cytomegalovirus	montagens_CALHV3	0	620	0	620	0.0		0.0
Lib1barcode46	montagens_Alouatta_palliata_cytomegalovirus	montagens_Cebus_albifrons_lymphocryptovirus_1	0	0	0	0			
Lib1barcode46	montagens_Alouatta_palliata_cytomegalovirus	montagens_consenso_H1	0	0	0	0			
Lib1barcode46	montagens_CALHV3	montagens_Cebus_albifrons_lymphocryptovirus_1	620	0	0	620	0.0	0.0	
Lib1barcode46	montagens_CALHV3	montagens_consenso_H1	620	0	0	620	0.0	0.0	
Lib1barcode46	montagens_Cebus_albifrons_lymphocryptovirus_1	montagens_consenso_H1	0	0	0	0			
Lib1barcode47	montagem_LIB_3_HSV6	montagem_LIB_3_HSV7	0	0	0	0			
Lib1barcode47	montagem_LIB_3_HSV6	montagens_Alouatta_macconnelli_cytomegalovirus	0	0	0	0			
Lib1barcode47	montagem_LIB_3_HSV6	montagens_Alouatta_palliata_cytomegalovirus	0	0	0	0			
Lib1barcode47	montagem_LIB_3_HSV6	montagens_CALHV3	0	409	0	409	0.0		0.0
Lib1barcode47	montagem_LIB_3_HSV6	montagens_Cebus_albifrons_lymphocryptovirus_1	0	0	0	0			
Lib1barcode47	montagem_LIB_3_HSV6	montagens_consenso_H1	0	0	0	0			
Lib1barcode47	montagem_LIB_3_HSV7	montagens_Alouatta_macconnelli_cytomegalovirus	0	0	0	0			
Lib1barcode47	montagem_LIB_3_HSV7	montagens_Alouatta_palliata_cytomegalovirus	0	0	0	0			
Lib1barcode47	montagem_LIB_3_HSV7	montagens_CALHV3	0	409	0	409	0.0		0.0
Lib1barcode47	montagem_LIB_3_HSV7	montagens_Cebus_albifrons_lymphocryptovirus_1	0	0	0	0			
Lib1barcode47	montagem_LIB_3_HSV7	montagens_consenso_H1	0	0	0	0			
Lib1barcode47	montagens_Alouatta_macconnelli_cytomegalovirus	montagens_Alouatta_palliata_cytomegalovirus	0	0	0	0			
Lib1barcode47	montagens_Alouatta_macconnelli_cytomegalovirus	montagens_CALHV3	0	409	0	409	0.0		0.0
Lib1barcode47	montagens_Alouatta_macconnelli_cytomegalovirus	montagens_Cebus_albifrons_lymphocryptovirus_1	0	0	0	0			
Lib1barcode47	montagens_Alouatta_macconnelli_cytomegalovirus	montagens_consenso_H1	0	0	0	0			
Lib1barcode47	montagens_Alouatta_palliata_cytomegalovirus	montagens_CALHV3	0	409	0	409	0.0		0.0
Lib1barcode47	montagens_Alouatta_palliata_cytomegalovirus	montagens_Cebus_albifrons_lymphocryptovirus_1	0	0	0	0			
Lib1barcode47	montagens_Alouatta_palliata_cytomegalovirus	montagens_consenso_H1	0	0	0	0			
Lib1barcode47	montagens_CALHV3	montagens_Cebus_albifrons_lymphocryptovirus_1	409	0	0	409	0.0	0.0	
Lib1barcode47	montagens_CALHV3	montagens_consenso_H1	409	0	0	409	0.0	0.0	
Lib1barcode47	montagens_Cebus_albifrons_lymphocryptovirus_1	montagens_consenso_H1	0	0	0	0			
Lib1barcode48	montagem_LIB_3_HSV6	montagem_LIB_3_HSV7	0	0	0	0			
Lib1barcode48	montagem_LIB_3_HSV6	montagens_Alouatta_macconnelli_cytomegalovirus	0	0	0	0			
Lib1barcode48	montagem_LIB_3_HSV6	montagens_Alouatta_palliata_cytomegalovirus	0	0	0	0			
Lib1barcode48	montagem_LIB_3_HSV6	montagens_CALHV3	0	229	0	229	0.0		0.0
Lib1barcode48	montagem_LIB_3_HSV6	montagens_Cebus_albifrons_lymphocryptovirus_1	0	0	0	0			
Lib1barcode48	montagem_LIB_3_HSV6	montagens_consenso_H1	0	0	0	0			
Lib1barcode48	montagem_LIB_3_HSV7	montagens_Alouatta_macconnelli_cytomegalovirus	0	0	0	0			
Lib1barcode48	montagem_LIB_3_HSV7	montagens_Alouatta_palliata_cytomegalovirus	0	0	0	0			
Lib1barcode48	montagem_LIB_3_HSV7	montagens_CALHV3	0	229	0	229	0.0		0.0
Lib1barcode48	montagem_LIB_3_HSV7	montagens_Cebus_albifrons_lymphocryptovirus_1	0	0	0	0			
Lib1barcode48	montagem_LIB_3_HSV7	montagens_consenso_H1	0	0	0	0			
Lib1barcode48	montagens_Alouatta_macconnelli_cytomegalovirus	montagens_Alouatta_palliata_cytomegalovirus	0	0	0	0			
Lib1barcode48	montagens_Alouatta_macconnelli_cytomegalovirus	montagens_CALHV3	0	229	0	229	0.0		0.0
Lib1barcode48	montagens_Alouatta_macconnelli_cytomegalovirus	montagens_Cebus_albifrons_lymphocryptovirus_1	0	0	0	0			
Lib1barcode48	montagens_Alouatta_macconnelli_cytomegalovirus	montagens_consenso_H1	0	0	0	0			
Lib1barcode48	montagens_Alouatta_palliata_cytomegalovirus	montagens_CALHV3	0	229	0	229	0.0		0.0
Lib1barcode48	montagens_Alouatta_palliata_cytomegalovirus	montagens_Cebus_albifrons_lymphocryptovirus_1	0	0	0	0			
Lib1barcode48	montagens_Alouatta_palliata_cytomegalovirus	montagens_consenso_H1	0	0	0	0			
Lib1barcode48	montagens_CALHV3	montagens_Cebus_albifrons_lymphocryptovirus_1	229	0	0	229	0.0	0.0	
Lib1barcode48	montagens_CALHV3	montagens_consenso_H1	229	0	0	229	0.0	0.0	
Lib1barcode48	montagens_Cebus_albifrons_lymphocryptovirus_1	montagens_consenso_H1	0	0	0	0			
Lib1barcode49	montagem_LIB_3_HSV6	montagem_LIB_3_HSV7	0	0	0	0			
Lib1barcode49	montagem_LIB_3_HSV6	montagens_Alouatta_macconnelli_cytomegalovirus	0	0	0	0			
Lib1barcode49	montagem_LIB_3_HSV6	montagens_Alouatta_palliata_cytomegalovirus	0	0	0	0			
Lib1barcode49	montagem_LIB_3_HSV6	montagens_CALHV3	0	77	0	77	0.0		0.0
Lib1barcode49	montagem_LIB_3_HSV6	montagens_Cebus_albifrons_lymphocryptovirus_1	0	0	0	0			
Lib1barcode49	montagem_LIB_3_HSV6	montagens_consenso_H1	0	0	0	0			
Lib1barcode49	montagem_LIB_3_HSV7	montagens_Alouatta_macconnelli_cytomegalovirus	0	0	0	0			
Lib1barcode49	montagem_LIB_3_HSV7	montagens_Alouatta_palliata_cytomegalovirus	0	0	0	0			
Lib1barcode49	montagem_LIB_3_HSV7	montagens_CALHV3	0	77	0	77	0.0		0.0
Lib1barcode49	montagem_LIB_3_HSV7	montagens_Cebus_albifrons_lymphocryptovirus_1	0	0	0	0			
Lib1barcode49	montagem_LIB_3_HSV7	montagens_consenso_H1	0	0	0	0			
Lib1barcode49	montagens_Alouatta_macconnelli_cytomegalovirus	montagens_Alouatta_palliata_cytomegalovirus	0	0	0	0			
Lib1barcode49	montagens_Alouatta_macconnelli_cytomegalovirus	montagens_CALHV3	0	77	0	77	0.0		0.0
Lib1barcode49	montagens_Alouatta_macconnelli_cytomegalovirus	montagens_Cebus_albifrons_lymphocryptovirus_1	0	0	0	0			
Lib1barcode49	montagens_Alouatta_macconnelli_cytomegalovirus	montagens_consenso_H1	0	0	0	0			
Lib1barcode49	montagens_Alouatta_palliata_cytomegalovirus	montagens_CALHV3	0	77	0	77	0.0		0.0
Lib1barcode49	montagens_Alouatta_palliata_cytomegalovirus	montagens_Cebus_albifrons_lymphocryptovirus_1	0	0	0	0			
Lib1barcode49	montagens_Alouatta_palliata_cytomegalovirus	montagens_consenso_H1	0	0	0	0			
Lib1barcode49	montagens_CALHV3	montagens_Cebus_albifrons_lymphocryptovirus_1	77	0	0	77	0.0	0.0	
Lib1barcode49	montagens_CALHV3	montagens_consenso_H1	77	0	0	77	0.0	0.0	
Lib1barcode49	montagens_Cebus_albifrons_lymphocryptovirus_1	montagens_consenso_H1	0	0	0	0			
Lib1barcode50	montagem_LIB_3_HSV6	montagem_LIB_3_HSV7	0	0	0	0			
Lib1barcode50	montagem_LIB_3_HSV6	montagens_Alouatta_macconnelli_cytomegalovirus	0	0	0	0			
Lib1barcode50	montagem_LIB_3_HSV6	montagens_Alouatta_palliata_cytomegalovirus	0	0	0	0			
Lib1barcode50	montagem_LIB_3_HSV6	montagens_CALHV3	0	10	0	10	0.0		0.0
Lib1barcode50	montagem_LIB_3_HSV6	montagens_Cebus_albifrons_lymphocryptovirus_1	0	0	0	0			
Lib1barcode50	montagem_LIB_3_HSV6	montagens_consenso_H1	0	576	0	576	0.0		0.0
Lib1barcode50	montagem_LIB_3_HSV7	montagens_Alouatta_macconnelli_cytomegalovirus	0	0	0	0			
Lib1barcode50	montagem_LIB_3_HSV7	montagens_Alouatta_palliata_cytomegalovirus	0	0	0	0			
Lib1barcode50	montagem_LIB_3_HSV7	montagens_CALHV3	0	10	0	10	0.0		0.0
Lib1barcode50	montagem_LIB_3_HSV7	montagens_Cebus_albifrons_lymphocryptovirus_1	0	0	0	0			
Lib1barcode50	montagem_LIB_3_HSV7	montagens_consenso_H1	0	576	0	576	0.0		0.0
Lib1barcode50	montagens_Alouatta_macconnelli_cytomegalovirus	montagens_Alouatta_palliata_cytomegalovirus	0	0	0	0			
Lib1barcode50	montagens_Alouatta_macconnelli_cytomegalovirus	montagens_CALHV3	0	10	0	10	0.0		0.0
Lib1barcode50	montagens_Alouatta_macconnelli_cytomegalovirus	montagens_Cebus_albifrons_lymphocryptovirus_1	0	0	0	0			
Lib1barcode50	montagens_Alouatta_macconnelli_cytomegalovirus	montagens_consenso_H1	0	576	0	576	0.0		0.0
Lib1barcode50	montagens_Alouatta_palliata_cytomegalovirus	montagens_CALHV3	0	10	0	10	0.0		0.0
Lib1barcode50	montagens_Alouatta_palliata_cytomegalovirus	montagens_Cebus_albifrons_lymphocryptovirus_1	0	0	0	0			
Lib1barcode50	montagens_Alouatta_palliata_cytomegalovirus	montagens_consenso_H1	0	576	0	576	0.0		0.0
Lib1barcode50	montagens_CALHV3	montagens_Cebus_albifrons_lymphocryptovirus_1	10	0	0	10	0.0	0.0	
Lib1barcode50	montagens_CALHV3	montagens_consenso_H1	10	576	0	586	0.0	0.0	0.0
Lib1barcode50	montagens_Cebus_albifrons_lymphocryptovirus_1	montagens_consenso_H1	0	576	0	576	0.0		0.0
Lib1barcode51	montagem_LIB_3_HSV6	montagem_LIB_3_HSV7	0	0	0	0			
Lib1barcode51	montagem_LIB_3_HSV6	montagens_Alouatta_macconnelli_cytomegalovirus	0	0	0	0			
Lib1barcode51	montagem_LIB_3_HSV6	montagens_Alouatta_palliata_cytomegalovirus	0	0	0	0			
Lib1barcode51	montagem_LIB_3_HSV6	montagens_CALHV3	0	741	0	741	0.0		0.0
Lib1barcode51	montagem_LIB_3_HSV6	montagens_Cebus_albifrons_lymphocryptovirus_1	0	0	0	0			
Lib1barcode51	montagem_LIB_3_HSV6	montagens_consenso_H1	0	1	0	1	0.0		0.0
Lib1barcode51	montagem_LIB_3_HSV7	montagens_Alouatta_macconnelli_cytomegalovirus	0	0	0	0			
Lib1barcode51	montagem_LIB_3_HSV7	montagens_Alouatta_palliata_cytomegalovirus	0	0	0	0			
Lib1barcode51	montagem_LIB_3_HSV7	montagens_CALHV3	0	741	0	741	0.0		0.0
Lib1barcode51	montagem_LIB_3_HSV7	montagens_Cebus_albifrons_lymphocryptovirus_1	0	0	0	0			
Lib1barcode51	montagem_LIB_3_HSV7	montagens_consenso_H1	0	1	0	1	0.0		0.0
Lib1barcode51	montagens_Alouatta_macconnelli_cytomegalovirus	montagens_Alouatta_palliata_cytomegalovirus	0	0	0	0			
Lib1barcode51	montagens_Alouatta_macconnelli_cytomegalovirus	montagens_CALHV3	0	741	0	741	0.0		0.0
Lib1barcode51	montagens_Alouatta_macconnelli_cytomegalovirus	montagens_Cebus_albifrons_lymphocryptovirus_1	0	0	0	0			
Lib1barcode51	montagens_Alouatta_macconnelli_cytomegalovirus	montagens_consenso_H1	0	1	0	1	0.0		0.0
Lib1barcode51	montagens_Alouatta_palliata_cytomegalovirus	montagens_CALHV3	0	741	0	741	0.0		0.0
Lib1barcode51	montagens_Alouatta_palliata_cytomegalovirus	montagens_Cebus_albifrons_lymphocryptovirus_1	0	0	0	0			
Lib1barcode51	montagens_Alouatta_palliata_cytomegalovirus	montagens_consenso_H1	0	1	0	1	0.0		0.0
Lib1barcode51	montagens_CALHV3	montagens_Cebus_albifrons_lymphocryptovirus_1	741	0	0	741	0.0	0.0	
Lib1barcode51	montagens_CALHV3	montagens_consenso_H1	741	1	0	742	0.0	0.0	0.0
Lib1barcode51	montagens_Cebus_albifrons_lymphocryptovirus_1	montagens_consenso_H1	0	1	0	1	0.0		0.0
Lib1barcode52	montagem_LIB_3_HSV6	montagem_LIB_3_HSV7	0	0	0	0			
Lib1barcode52	montagem_LIB_3_HSV6	montagens_Alouatta_macconnelli_cytomegalovirus	0	0	0	0			
Lib1barcode52	montagem_LIB_3_HSV6	montagens_Alouatta_palliata_cytomegalovirus	0	0	0	0			
Lib1barcode52	montagem_LIB_3_HSV6	montagens_CALHV3	0	622	0	622	0.0		0.0
Lib1barcode52	montagem_LIB_3_HSV6	montagens_Cebus_albifrons_lymphocryptovirus_1	0	0	0	0			
Lib1barcode52	montagem_LIB_3_HSV6	montagens_consenso_H1	0	0	0	0			
Lib1barcode52	montagem_LIB_3_HSV7	montagens_Alouatta_macconnelli_cytomegalovirus	0	0	0	0			
Lib1barcode52	montagem_LIB_3_HSV7	montagens_Alouatta_palliata_cytomegalovirus	0	0	0	0			
Lib1barcode52	montagem_LIB_3_HSV7	montagens_CALHV3	0	622	0	622	0.0		0.0
Lib1barcode52	montagem_LIB_3_HSV7	montagens_Cebus_albifrons_lymphocryptovirus_1	0	0	0	0			
Lib1barcode52	montagem_LIB_3_HSV7	montagens_consenso_H1	0	0	0	0			
Lib1barcode52	montagens_Alouatta_macconnelli_cytomegalovirus	montagens_Alouatta_palliata_cytomegalovirus	0	0	0	0			
Lib1barcode52	montagens_Alouatta_macconnelli_cytomegalovirus	montagens_CALHV3	0	622	0	622	0.0		0.0
Lib1barcode52	montagens_Alouatta_macconnelli_cytomegalovirus	montagens_Cebus_albifrons_lymphocryptovirus_1	0	0	0	0			
Lib1barcode52	montagens_Alouatta_macconnelli_cytomegalovirus	montagens_consenso_H1	0	0	0	0			
Lib1barcode52	montagens_Alouatta_palliata_cytomegalovirus	montagens_CALHV3	0	622	0	622	0.0		0.0
Lib1barcode52	montagens_Alouatta_palliata_cytomegalovirus	montagens_Cebus_albifrons_lymphocryptovirus_1	0	0	0	0			
Lib1barcode52	montagens_Alouatta_palliata_cytomegalovirus	montagens_consenso_H1	0	0	0	0			
Lib1barcode52	montagens_CALHV3	montagens_Cebus_albifrons_lymphocryptovirus_1	622	0	0	622	0.0	0.0	
Lib1barcode52	montagens_CALHV3	montagens_consenso_H1	622	0	0	622	0.0	0.0	
Lib1barcode52	montagens_Cebus_albifrons_lymphocryptovirus_1	montagens_consenso_H1	0	0	0	0			
Lib1barcode53	montagem_LIB_3_HSV6	montagem_LIB_3_HSV7	0	0	0	0			
Lib1barcode53	montagem_LIB_3_HSV6	montagens_Alouatta_macconnelli_cytomegalovirus	0	0	0	0			
Lib1barcode53	montagem_LIB_3_HSV6	montagens_Alouatta_palliata_cytomegalovirus	0	0	0	0			
Lib1barcode53	montagem_LIB_3_HSV6	montagens_CALHV3	0	1082	0	1082	0.0		0.0
Lib1barcode53	montagem_LIB_3_HSV6	montagens_Cebus_albifrons_lymphocryptovirus_1	0	0	0	0			
Lib1barcode53	montagem_LIB_3_HSV6	montagens_consenso_H1	0	0	0	0			
Lib1barcode53	montagem_LIB_3_HSV7	montagens_Alouatta_macconnelli_cytomegalovirus	0	0	0	0			
Lib1barcode53	montagem_LIB_3_HSV7	montagens_Alouatta_palliata_cytomegalovirus	0	0	0	0			
Lib1barcode53	montagem_LIB_3_HSV7	montagens_CALHV3	0	1082	0	1082	0.0		0.0
Lib1barcode53	montagem_LIB_3_HSV7	montagens_Cebus_albifrons_lymphocryptovirus_1	0	0	0	0			
Lib1barcode53	montagem_LIB_3_HSV7	montagens_consenso_H1	0	0	0	0			
Lib1barcode53	montagens_Alouatta_macconnelli_cytomegalovirus	montagens_Alouatta_palliata_cytomegalovirus	0	0	0	0			
Lib1barcode53	montagens_Alouatta_macconnelli_cytomegalovirus	montagens_CALHV3	0	1082	0	1082	0.0		0.0
Lib1barcode53	montagens_Alouatta_macconnelli_cytomegalovirus	montagens_Cebus_albifrons_lymphocryptovirus_1	0	0	0	0			
Lib1barcode53	montagens_Alouatta_macconnelli_cytomegalovirus	montagens_consenso_H1	0	0	0	0			
Lib1barcode53	montagens_Alouatta_palliata_cytomegalovirus	montagens_CALHV3	0	1082	0	1082	0.0		0.0
Lib1barcode53	montagens_Alouatta_palliata_cytomegalovirus	montagens_Cebus_albifrons_lymphocryptovirus_1	0	0	0	0			
Lib1barcode53	montagens_Alouatta_palliata_cytomegalovirus	montagens_consenso_H1	0	0	0	0			
Lib1barcode53	montagens_CALHV3	montagens_Cebus_albifrons_lymphocryptovirus_1	1082	0	0	1082	0.0	0.0	
Lib1barcode53	montagens_CALHV3	montagens_consenso_H1	1082	0	0	1082	0.0	0.0	
Lib1barcode53	montagens_Cebus_albifrons_lymphocryptovirus_1	montagens_consenso_H1	0	0	0	0			
Lib1barcode54	montagem_LIB_3_HSV6	montagem_LIB_3_HSV7	0	0	0	0			
Lib1barcode54	montagem_LIB_3_HSV6	montagens_Alouatta_macconnelli_cytomegalovirus	0	0	0	0			
Lib1barcode54	montagem_LIB_3_HSV6	montagens_Alouatta_palliata_cytomegalovirus	0	0	0	0			
Lib1barcode54	montagem_LIB_3_HSV6	montagens_CALHV3	0	801	0	801	0.0		0.0
Lib1barcode54	montagem_LIB_3_HSV6	montagens_Cebus_albifrons_lymphocryptovirus_1	0	0	0	0			
Lib1barcode54	montagem_LIB_3_HSV6	montagens_consenso_H1	0	0	0	0			
Lib1barcode54	montagem_LIB_3_HSV7	montagens_Alouatta_macconnelli_cytomegalovirus	0	0	0	0			
Lib1barcode54	montagem_LIB_3_HSV7	montagens_Alouatta_palliata_cytomegalovirus	0	0	0	0			
Lib1barcode54	montagem_LIB_3_HSV7	montagens_CALHV3	0	801	0	801	0.0		0.0
Lib1barcode54	montagem_LIB_3_HSV7	montagens_Cebus_albifrons_lymphocryptovirus_1	0	0	0	0			
Lib1barcode54	montagem_LIB_3_HSV7	montagens_consenso_H1	0	0	0	0			
Lib1barcode54	montagens_Alouatta_macconnelli_cytomegalovirus	montagens_Alouatta_palliata_cytomegalovirus	0	0	0	0			
Lib1barcode54	montagens_Alouatta_macconnelli_cytomegalovirus	montagens_CALHV3	0	801	0	801	0.0		0.0
Lib1barcode54	montagens_Alouatta_macconnelli_cytomegalovirus	montagens_Cebus_albifrons_lymphocryptovirus_1	0	0	0	0			
Lib1barcode54	montagens_Alouatta_macconnelli_cytomegalovirus	montagens_consenso_H1	0	0	0	0			
Lib1barcode54	montagens_Alouatta_palliata_cytomegalovirus	montagens_CALHV3	0	801	0	801	0.0		0.0
Lib1barcode54	montagens_Alouatta_palliata_cytomegalovirus	montagens_Cebus_albifrons_lymphocryptovirus_1	0	0	0	0			
Lib1barcode54	montagens_Alouatta_palliata_cytomegalovirus	montagens_consenso_H1	0	0	0	0			
Lib1barcode54	montagens_CALHV3	montagens_Cebus_albifrons_lymphocryptovirus_1	801	0	0	801	0.0	0.0	
Lib1barcode54	montagens_CALHV3	montagens_consenso_H1	801	0	0	801	0.0	0.0	
Lib1barcode54	montagens_Cebus_albifrons_lymphocryptovirus_1	montagens_consenso_H1	0	0	0	0			
Lib1barcode55	montagem_LIB_3_HSV6	montagem_LIB_3_HSV7	0	0	0	0			
Lib1barcode55	montagem_LIB_3_HSV6	montagens_Alouatta_macconnelli_cytomegalovirus	0	0	0	0			
Lib1barcode55	montagem_LIB_3_HSV6	montagens_Alouatta_palliata_cytomegalovirus	0	0	0	0			
Lib1barcode55	montagem_LIB_3_HSV6	montagens_CALHV3	0	416	0	416	0.0		0.0
Lib1barcode55	montagem_LIB_3_HSV6	montagens_Cebus_albifrons_lymphocryptovirus_1	0	0	0	0			
Lib1barcode55	montagem_LIB_3_HSV6	montagens_consenso_H1	0	0	0	0			
Lib1barcode55	montagem_LIB_3_HSV7	montagens_Alouatta_macconnelli_cytomegalovirus	0	0	0	0			
Lib1barcode55	montagem_LIB_3_HSV7	montagens_Alouatta_palliata_cytomegalovirus	0	0	0	0			
Lib1barcode55	montagem_LIB_3_HSV7	montagens_CALHV3	0	416	0	416	0.0		0.0
Lib1barcode55	montagem_LIB_3_HSV7	montagens_Cebus_albifrons_lymphocryptovirus_1	0	0	0	0			
Lib1barcode55	montagem_LIB_3_HSV7	montagens_consenso_H1	0	0	0	0			
Lib1barcode55	montagens_Alouatta_macconnelli_cytomegalovirus	montagens_Alouatta_palliata_cytomegalovirus	0	0	0	0			
Lib1barcode55	montagens_Alouatta_macconnelli_cytomegalovirus	montagens_CALHV3	0	416	0	416	0.0		0.0
Lib1barcode55	montagens_Alouatta_macconnelli_cytomegalovirus	montagens_Cebus_albifrons_lymphocryptovirus_1	0	0	0	0			
Lib1barcode55	montagens_Alouatta_macconnelli_cytomegalovirus	montagens_consenso_H1	0	0	0	0			
Lib1barcode55	montagens_Alouatta_palliata_cytomegalovirus	montagens_CALHV3	0	416	0	416	0.0		0.0
Lib1barcode55	montagens_Alouatta_palliata_cytomegalovirus	montagens_Cebus_albifrons_lymphocryptovirus_1	0	0	0	0			
Lib1barcode55	montagens_Alouatta_palliata_cytomegalovirus	montagens_consenso_H1	0	0	0	0			
Lib1barcode55	montagens_CALHV3	montagens_Cebus_albifrons_lymphocryptovirus_1	416	0	0	416	0.0	0.0	
Lib1barcode55	montagens_CALHV3	montagens_consenso_H1	416	0	0	416	0.0	0.0	
Lib1barcode55	montagens_Cebus_albifrons_lymphocryptovirus_1	montagens_consenso_H1	0	0	0	0			
Lib1barcode56	montagem_LIB_3_HSV6	montagem_LIB_3_HSV7	0	0	0	0			
Lib1barcode56	montagem_LIB_3_HSV6	montagens_Alouatta_macconnelli_cytomegalovirus	0	0	0	0			
Lib1barcode56	montagem_LIB_3_HSV6	montagens_Alouatta_palliata_cytomegalovirus	0	0	0	0			
Lib1barcode56	montagem_LIB_3_HSV6	montagens_CALHV3	0	374	0	374	0.0		0.0
Lib1barcode56	montagem_LIB_3_HSV6	montagens_Cebus_albifrons_lymphocryptovirus_1	0	0	0	0			
Lib1barcode56	montagem_LIB_3_HSV6	montagens_consenso_H1	0	0	0	0			
Lib1barcode56	montagem_LIB_3_HSV7	montagens_Alouatta_macconnelli_cytomegalovirus	0	0	0	0			
Lib1barcode56	montagem_LIB_3_HSV7	montagens_Alouatta_palliata_cytomegalovirus	0	0	0	0			
Lib1barcode56	montagem_LIB_3_HSV7	montagens_CALHV3	0	374	0	374	0.0		0.0
Lib1barcode56	montagem_LIB_3_HSV7	montagens_Cebus_albifrons_lymphocryptovirus_1	0	0	0	0			
Lib1barcode56	montagem_LIB_3_HSV7	montagens_consenso_H1	0	0	0	0			
Lib1barcode56	montagens_Alouatta_macconnelli_cytomegalovirus	montagens_Alouatta_palliata_cytomegalovirus	0	0	0	0			
Lib1barcode56	montagens_Alouatta_macconnelli_cytomegalovirus	montagens_CALHV3	0	374	0	374	0.0		0.0
Lib1barcode56	montagens_Alouatta_macconnelli_cytomegalovirus	montagens_Cebus_albifrons_lymphocryptovirus_1	0	0	0	0			
Lib1barcode56	montagens_Alouatta_macconnelli_cytomegalovirus	montagens_consenso_H1	0	0	0	0			
Lib1barcode56	montagens_Alouatta_palliata_cytomegalovirus	montagens_CALHV3	0	374	0	374	0.0		0.0
Lib1barcode56	montagens_Alouatta_palliata_cytomegalovirus	montagens_Cebus_albifrons_lymphocryptovirus_1	0	0	0	0			
Lib1barcode56	montagens_Alouatta_palliata_cytomegalovirus	montagens_consenso_H1	0	0	0	0			
Lib1barcode56	montagens_CALHV3	montagens_Cebus_albifrons_lymphocryptovirus_1	374	0	0	374	0.0	0.0	
Lib1barcode56	montagens_CALHV3	montagens_consenso_H1	374	0	0	374	0.0	0.0	
Lib1barcode56	montagens_Cebus_albifrons_lymphocryptovirus_1	montagens_consenso_H1	0	0	0	0			
Lib1barcode57	montagem_LIB_3_HSV6	montagem_LIB_3_HSV7	0	0	0	0			
Lib1barcode57	montagem_LIB_3_HSV6	montagens_Alouatta_macconnelli_cytomegalovirus	0	0	0	0			
Lib1barcode57	montagem_LIB_3_HSV6	montagens_Alouatta_palliata_cytomegalovirus	0	0	0	0			
Lib1barcode57	montagem_LIB_3_HSV6	montagens_CALHV3	0	2190	0	2190	0.0		0.0
Lib1barcode57	montagem_LIB_3_HSV6	montagens_Cebus_albifrons_lymphocryptovirus_1	0	0	0	0			
Lib1barcode57	montagem_LIB_3_HSV6	montagens_consenso_H1	0	0	0	0			
Lib1barcode57	montagem_LIB_3_HSV7	montagens_Alouatta_macconnelli_cytomegalovirus	0	0	0	0			
Lib1barcode57	montagem_LIB_3_HSV7	montagens_Alouatta_palliata_cytomegalovirus	0	0	0	0			
Lib1barcode57	montagem_LIB_3_HSV7	montagens_CALHV3	0	2190	0	2190	0.0		0.0
Lib1barcode57	montagem_LIB_3_HSV7	montagens_Cebus_albifrons_lymphocryptovirus_1	0	0	0	0			
Lib1barcode57	montagem_LIB_3_HSV7	montagens_consenso_H1	0	0	0	0			
Lib1barcode57	montagens_Alouatta_macconnelli_cytomegalovirus	montagens_Alouatta_palliata_cytomegalovirus	0	0	0	0			
Lib1barcode57	montagens_Alouatta_macconnelli_cytomegalovirus	montagens_CALHV3	0	2190	0	2190	0.0		0.0
Lib1barcode57	montagens_Alouatta_macconnelli_cytomegalovirus	montagens_Cebus_albifrons_lymphocryptovirus_1	0	0	0	0			
Lib1barcode57	montagens_Alouatta_macconnelli_cytomegalovirus	montagens_consenso_H1	0	0	0	0			
Lib1barcode57	montagens_Alouatta_palliata_cytomegalovirus	montagens_CALHV3	0	2190	0	2190	0.0		0.0
Lib1barcode57	montagens_Alouatta_palliata_cytomegalovirus	montagens_Cebus_albifrons_lymphocryptovirus_1	0	0	0	0			
Lib1barcode57	montagens_Alouatta_palliata_cytomegalovirus	montagens_consenso_H1	0	0	0	0			
Lib1barcode57	montagens_CALHV3	montagens_Cebus_albifrons_lymphocryptovirus_1	2190	0	0	2190	0.0	0.0	
Lib1barcode57	montagens_CALHV3	montagens_consenso_H1	2190	0	0	2190	0.0	0.0	
Lib1barcode57	montagens_Cebus_albifrons_lymphocryptovirus_1	montagens_consenso_H1	0	0	0	0			
Lib1barcode58	montagem_LIB_3_HSV6	montagem_LIB_3_HSV7	0	0	0	0			
Lib1barcode58	montagem_LIB_3_HSV6	montagens_Alouatta_macconnelli_cytomegalovirus	0	0	0	0			
Lib1barcode58	montagem_LIB_3_HSV6	montagens_Alouatta_palliata_cytomegalovirus	0	0	0	0			
Lib1barcode58	montagem_LIB_3_HSV6	montagens_CALHV3	0	0	0	0			
Lib1barcode58	montagem_LIB_3_HSV6	montagens_Cebus_albifrons_lymphocryptovirus_1	0	0	0	0			
Lib1barcode58	montagem_LIB_3_HSV6	montagens_consenso_H1	0	446	0	446	0.0		0.0
Lib1barcode58	montagem_LIB_3_HSV7	montagens_Alouatta_macconnelli_cytomegalovirus	0	0	0	0			
Lib1barcode58	montagem_LIB_3_HSV7	montagens_Alouatta_palliata_cytomegalovirus	0	0	0	0			
Lib1barcode58	montagem_LIB_3_HSV7	montagens_CALHV3	0	0	0	0			
Lib1barcode58	montagem_LIB_3_HSV7	montagens_Cebus_albifrons_lymphocryptovirus_1	0	0	0	0			
Lib1barcode58	montagem_LIB_3_HSV7	montagens_consenso_H1	0	446	0	446	0.0		0.0
Lib1barcode58	montagens_Alouatta_macconnelli_cytomegalovirus	montagens_Alouatta_palliata_cytomegalovirus	0	0	0	0			
Lib1barcode58	montagens_Alouatta_macconnelli_cytomegalovirus	montagens_CALHV3	0	0	0	0			
Lib1barcode58	montagens_Alouatta_macconnelli_cytomegalovirus	montagens_Cebus_albifrons_lymphocryptovirus_1	0	0	0	0			
Lib1barcode58	montagens_Alouatta_macconnelli_cytomegalovirus	montagens_consenso_H1	0	446	0	446	0.0		0.0
Lib1barcode58	montagens_Alouatta_palliata_cytomegalovirus	montagens_CALHV3	0	0	0	0			
Lib1barcode58	montagens_Alouatta_palliata_cytomegalovirus	montagens_Cebus_albifrons_lymphocryptovirus_1	0	0	0	0			
Lib1barcode58	montagens_Alouatta_palliata_cytomegalovirus	montagens_consenso_H1	0	446	0	446	0.0		0.0
Lib1barcode58	montagens_CALHV3	montagens_Cebus_albifrons_lymphocryptovirus_1	0	0	0	0			
Lib1barcode58	montagens_CALHV3	montagens_consenso_H1	0	446	0	446	0.0		0.0
Lib1barcode58	montagens_Cebus_albifrons_lymphocryptovirus_1	montagens_consenso_H1	0	446	0	446	0.0		0.0
Lib1barcode59	montagem_LIB_3_HSV6	montagem_LIB_3_HSV7	0	0	0	0			
Lib1barcode59	montagem_LIB_3_HSV6	montagens_Alouatta_macconnelli_cytomegalovirus	0	0	0	0			
Lib1barcode59	montagem_LIB_3_HSV6	montagens_Alouatta_palliata_cytomegalovirus	0	0	0	0			
Lib1barcode59	montagem_LIB_3_HSV6	montagens_CALHV3	0	1543	0	1543	0.0		0.0
Lib1barcode59	montagem_LIB_3_HSV6	montagens_Cebus_albifrons_lymphocryptovirus_1	0	0	0	0			
Lib1barcode59	montagem_LIB_3_HSV6	montagens_consenso_H1	0	0	0	0			
Lib1barcode59	montagem_LIB_3_HSV7	montagens_Alouatta_macconnelli_cytomegalovirus	0	0	0	0			
Lib1barcode59	montagem_LIB_3_HSV7	montagens_Alouatta_palliata_cytomegalovirus	0	0	0	0			
Lib1barcode59	montagem_LIB_3_HSV7	montagens_CALHV3	0	1543	0	1543	0.0		0.0
Lib1barcode59	montagem_LIB_3_HSV7	montagens_Cebus_albifrons_lymphocryptovirus_1	0	0	0	0			
Lib1barcode59	montagem_LIB_3_HSV7	montagens_consenso_H1	0	0	0	0			
Lib1barcode59	montagens_Alouatta_macconnelli_cytomegalovirus	montagens_Alouatta_palliata_cytomegalovirus	0	0	0	0			
Lib1barcode59	montagens_Alouatta_macconnelli_cytomegalovirus	montagens_CALHV3	0	1543	0	1543	0.0		0.0
Lib1barcode59	montagens_Alouatta_macconnelli_cytomegalovirus	montagens_Cebus_albifrons_lymphocryptovirus_1	0	0	0	0			
Lib1barcode59	montagens_Alouatta_macconnelli_cytomegalovirus	montagens_consenso_H1	0	0	0	0			
Lib1barcode59	montagens_Alouatta_palliata_cytomegalovirus	montagens_CALHV3	0	1543	0	1543	0.0		0.0
Lib1barcode59	montagens_Alouatta_palliata_cytomegalovirus	montagens_Cebus_albifrons_lymphocryptovirus_1	0	0	0	0			
Lib1barcode59	montagens_Alouatta_palliata_cytomegalovirus	montagens_consenso_H1	0	0	0	0			
Lib1barcode59	montagens_CALHV3	montagens_Cebus_albifrons_lymphocryptovirus_1	1543	0	0	1543	0.0	0.0	
Lib1barcode59	montagens_CALHV3	montagens_consenso_H1	1543	0	0	1543	0.0	0.0	
Lib1barcode59	montagens_Cebus_albifrons_lymphocryptovirus_1	montagens_consenso_H1	0	0	0	0			
Lib1barcode60	montagem_LIB_3_HSV6	montagem_LIB_3_HSV7	0	0	0	0			
Lib1barcode60	montagem_LIB_3_HSV6	montagens_Alouatta_macconnelli_cytomegalovirus	0	0	0	0			
Lib1barcode60	montagem_LIB_3_HSV6	montagens_Alouatta_palliata_cytomegalovirus	0	0	0	0			
Lib1barcode60	montagem_LIB_3_HSV6	montagens_CALHV3	0	214	0	214	0.0		0.0
Lib1barcode60	montagem_LIB_3_HSV6	montagens_Cebus_albifrons_lymphocryptovirus_1	0	0	0	0			
Lib1barcode60	montagem_LIB_3_HSV6	montagens_consenso_H1	0	0	0	0			
Lib1barcode60	montagem_LIB_3_HSV7	montagens_Alouatta_macconnelli_cytomegalovirus	0	0	0	0			
Lib1barcode60	montagem_LIB_3_HSV7	montagens_Alouatta_palliata_cytomegalovirus	0	0	0	0			
Lib1barcode60	montagem_LIB_3_HSV7	montagens_CALHV3	0	214	0	214	0.0		0.0
Lib1barcode60	montagem_LIB_3_HSV7	montagens_Cebus_albifrons_lymphocryptovirus_1	0	0	0	0			
Lib1barcode60	montagem_LIB_3_HSV7	montagens_consenso_H1	0	0	0	0			
Lib1barcode60	montagens_Alouatta_macconnelli_cytomegalovirus	montagens_Alouatta_palliata_cytomegalovirus	0	0	0	0			
Lib1barcode60	montagens_Alouatta_macconnelli_cytomegalovirus	montagens_CALHV3	0	214	0	214	0.0		0.0
Lib1barcode60	montagens_Alouatta_macconnelli_cytomegalovirus	montagens_Cebus_albifrons_lymphocryptovirus_1	0	0	0	0			
Lib1barcode60	montagens_Alouatta_macconnelli_cytomegalovirus	montagens_consenso_H1	0	0	0	0			
Lib1barcode60	montagens_Alouatta_palliata_cytomegalovirus	montagens_CALHV3	0	214	0	214	0.0		0.0
Lib1barcode60	montagens_Alouatta_palliata_cytomegalovirus	montagens_Cebus_albifrons_lymphocryptovirus_1	0	0	0	0			
Lib1barcode60	montagens_Alouatta_palliata_cytomegalovirus	montagens_consenso_H1	0	0	0	0			
Lib1barcode60	montagens_CALHV3	montagens_Cebus_albifrons_lymphocryptovirus_1	214	0	0	214	0.0	0.0	
Lib1barcode60	montagens_CALHV3	montagens_consenso_H1	214	0	0	214	0.0	0.0	
Lib1barcode60	montagens_Cebus_albifrons_lymphocryptovirus_1	montagens_consenso_H1	0	0	0	0			
Lib1barcode61	montagem_LIB_3_HSV6	montagem_LIB_3_HSV7	0	0	0	0			
Lib1barcode61	montagem_LIB_3_HSV6	montagens_Alouatta_macconnelli_cytomegalovirus	0	0	0	0			
Lib1barcode61	montagem_LIB_3_HSV6	montagens_Alouatta_palliata_cytomegalovirus	0	0	0	0			
Lib1barcode61	montagem_LIB_3_HSV6	montagens_CALHV3	0	1109	0	1109	0.0		0.0
Lib1barcode61	montagem_LIB_3_HSV6	montagens_Cebus_albifrons_lymphocryptovirus_1	0	0	0	0			
Lib1barcode61	montagem_LIB_3_HSV6	montagens_consenso_H1	0	0	0	0			
Lib1barcode61	montagem_LIB_3_HSV7	montagens_Alouatta_macconnelli_cytomegalovirus	0	0	0	0			
Lib1barcode61	montagem_LIB_3_HSV7	montagens_Alouatta_palliata_cytomegalovirus	0	0	0	0			
Lib1barcode61	montagem_LIB_3_HSV7	montagens_CALHV3	0	1109	0	1109	0.0		0.0
Lib1barcode61	montagem_LIB_3_HSV7	montagens_Cebus_albifrons_lymphocryptovirus_1	0	0	0	0			
Lib1barcode61	montagem_LIB_3_HSV7	montagens_consenso_H1	0	0	0	0			
Lib1barcode61	montagens_Alouatta_macconnelli_cytomegalovirus	montagens_Alouatta_palliata_cytomegalovirus	0	0	0	0			
Lib1barcode61	montagens_Alouatta_macconnelli_cytomegalovirus	montagens_CALHV3	0	1109	0	1109	0.0		0.0
Lib1barcode61	montagens_Alouatta_macconnelli_cytomegalovirus	montagens_Cebus_albifrons_lymphocryptovirus_1	0	0	0	0			
Lib1barcode61	montagens_Alouatta_macconnelli_cytomegalovirus	montagens_consenso_H1	0	0	0	0			
Lib1barcode61	montagens_Alouatta_palliata_cytomegalovirus	montagens_CALHV3	0	1109	0	1109	0.0		0.0
Lib1barcode61	montagens_Alouatta_palliata_cytomegalovirus	montagens_Cebus_albifrons_lymphocryptovirus_1	0	0	0	0			
Lib1barcode61	montagens_Alouatta_palliata_cytomegalovirus	montagens_consenso_H1	0	0	0	0			
Lib1barcode61	montagens_CALHV3	montagens_Cebus_albifrons_lymphocryptovirus_1	1109	0	0	1109	0.0	0.0	
Lib1barcode61	montagens_CALHV3	montagens_consenso_H1	1109	0	0	1109	0.0	0.0	
Lib1barcode61	montagens_Cebus_albifrons_lymphocryptovirus_1	montagens_consenso_H1	0	0	0	0			
Lib1barcode62	montagem_LIB_3_HSV6	montagem_LIB_3_HSV7	0	0	0	0			
Lib1barcode62	montagem_LIB_3_HSV6	montagens_Alouatta_macconnelli_cytomegalovirus	0	0	0	0			
Lib1barcode62	montagem_LIB_3_HSV6	montagens_Alouatta_palliata_cytomegalovirus	0	0	0	0			
Lib1barcode62	montagem_LIB_3_HSV6	montagens_CALHV3	0	1207	0	1207	0.0		0.0
Lib1barcode62	montagem_LIB_3_HSV6	montagens_Cebus_albifrons_lymphocryptovirus_1	0	0	0	0			
Lib1barcode62	montagem_LIB_3_HSV6	montagens_consenso_H1	0	0	0	0			
Lib1barcode62	montagem_LIB_3_HSV7	montagens_Alouatta_macconnelli_cytomegalovirus	0	0	0	0			
Lib1barcode62	montagem_LIB_3_HSV7	montagens_Alouatta_palliata_cytomegalovirus	0	0	0	0			
Lib1barcode62	montagem_LIB_3_HSV7	montagens_CALHV3	0	1207	0	1207	0.0		0.0
Lib1barcode62	montagem_LIB_3_HSV7	montagens_Cebus_albifrons_lymphocryptovirus_1	0	0	0	0			
Lib1barcode62	montagem_LIB_3_HSV7	montagens_consenso_H1	0	0	0	0			
Lib1barcode62	montagens_Alouatta_macconnelli_cytomegalovirus	montagens_Alouatta_palliata_cytomegalovirus	0	0	0	0			
Lib1barcode62	montagens_Alouatta_macconnelli_cytomegalovirus	montagens_CALHV3	0	1207	0	1207	0.0		0.0
Lib1barcode62	montagens_Alouatta_macconnelli_cytomegalovirus	montagens_Cebus_albifrons_lymphocryptovirus_1	0	0	0	0			
Lib1barcode62	montagens_Alouatta_macconnelli_cytomegalovirus	montagens_consenso_H1	0	0	0	0			
Lib1barcode62	montagens_Alouatta_palliata_cytomegalovirus	montagens_CALHV3	0	1207	0	1207	0.0		0.0
Lib1barcode62	montagens_Alouatta_palliata_cytomegalovirus	montagens_Cebus_albifrons_lymphocryptovirus_1	0	0	0	0			
Lib1barcode62	montagens_Alouatta_palliata_cytomegalovirus	montagens_consenso_H1	0	0	0	0			
Lib1barcode62	montagens_CALHV3	montagens_Cebus_albifrons_lymphocryptovirus_1	1207	0	0	1207	0.0	0.0	
Lib1barcode62	montagens_CALHV3	montagens_consenso_H1	1207	0	0	1207	0.0	0.0	
Lib1barcode62	montagens_Cebus_albifrons_lymphocryptovirus_1	montagens_consenso_H1	0	0	0	0			
Lib1barcode63	montagem_LIB_3_HSV6	montagem_LIB_3_HSV7	0	0	0	0			
Lib1barcode63	montagem_LIB_3_HSV6	montagens_Alouatta_macconnelli_cytomegalovirus	0	0	0	0			
Lib1barcode63	montagem_LIB_3_HSV6	montagens_Alouatta_palliata_cytomegalovirus	0	0	0	0			
Lib1barcode63	montagem_LIB_3_HSV6	montagens_CALHV3	0	1580	0	1580	0.0		0.0
Lib1barcode63	montagem_LIB_3_HSV6	montagens_Cebus_albifrons_lymphocryptovirus_1	0	0	0	0			
Lib1barcode63	montagem_LIB_3_HSV6	montagens_consenso_H1	0	0	0	0			
Lib1barcode63	montagem_LIB_3_HSV7	montagens_Alouatta_macconnelli_cytomegalovirus	0	0	0	0			
Lib1barcode63	montagem_LIB_3_HSV7	montagens_Alouatta_palliata_cytomegalovirus	0	0	0	0			
Lib1barcode63	montagem_LIB_3_HSV7	montagens_CALHV3	0	1580	0	1580	0.0		0.0
Lib1barcode63	montagem_LIB_3_HSV7	montagens_Cebus_albifrons_lymphocryptovirus_1	0	0	0	0			
Lib1barcode63	montagem_LIB_3_HSV7	montagens_consenso_H1	0	0	0	0			
Lib1barcode63	montagens_Alouatta_macconnelli_cytomegalovirus	montagens_Alouatta_palliata_cytomegalovirus	0	0	0	0			
Lib1barcode63	montagens_Alouatta_macconnelli_cytomegalovirus	montagens_CALHV3	0	1580	0	1580	0.0		0.0
Lib1barcode63	montagens_Alouatta_macconnelli_cytomegalovirus	montagens_Cebus_albifrons_lymphocryptovirus_1	0	0	0	0			
Lib1barcode63	montagens_Alouatta_macconnelli_cytomegalovirus	montagens_consenso_H1	0	0	0	0			
Lib1barcode63	montagens_Alouatta_palliata_cytomegalovirus	montagens_CALHV3	0	1580	0	1580	0.0		0.0
Lib1barcode63	montagens_Alouatta_palliata_cytomegalovirus	montagens_Cebus_albifrons_lymphocryptovirus_1	0	0	0	0			
Lib1barcode63	montagens_Alouatta_palliata_cytomegalovirus	montagens_consenso_H1	0	0	0	0			
Lib1barcode63	montagens_CALHV3	montagens_Cebus_albifrons_lymphocryptovirus_1	1580	0	0	1580	0.0	0.0	
Lib1barcode63	montagens_CALHV3	montagens_consenso_H1	1580	0	0	1580	0.0	0.0	
Lib1barcode63	montagens_Cebus_albifrons_lymphocryptovirus_1	montagens_consenso_H1	0	0	0	0			
Lib1barcode64	montagem_LIB_3_HSV6	montagem_LIB_3_HSV7	0	0	0	0			
Lib1barcode64	montagem_LIB_3_HSV6	montagens_Alouatta_macconnelli_cytomegalovirus	0	0	0	0			
Lib1barcode64	montagem_LIB_3_HSV6	montagens_Alouatta_palliata_cytomegalovirus	0	0	0	0			
Lib1barcode64	montagem_LIB_3_HSV6	montagens_CALHV3	0	383	0	383	0.0		0.0
Lib1barcode64	montagem_LIB_3_HSV6	montagens_Cebus_albifrons_lymphocryptovirus_1	0	0	0	0			
Lib1barcode64	montagem_LIB_3_HSV6	montagens_consenso_H1	0	0	0	0			
Lib1barcode64	montagem_LIB_3_HSV7	montagens_Alouatta_macconnelli_cytomegalovirus	0	0	0	0			
Lib1barcode64	montagem_LIB_3_HSV7	montagens_Alouatta_palliata_cytomegalovirus	0	0	0	0			
Lib1barcode64	montagem_LIB_3_HSV7	montagens_CALHV3	0	383	0	383	0.0		0.0
Lib1barcode64	montagem_LIB_3_HSV7	montagens_Cebus_albifrons_lymphocryptovirus_1	0	0	0	0			
Lib1barcode64	montagem_LIB_3_HSV7	montagens_consenso_H1	0	0	0	0			
Lib1barcode64	montagens_Alouatta_macconnelli_cytomegalovirus	montagens_Alouatta_palliata_cytomegalovirus	0	0	0	0			
Lib1barcode64	montagens_Alouatta_macconnelli_cytomegalovirus	montagens_CALHV3	0	383	0	383	0.0		0.0
Lib1barcode64	montagens_Alouatta_macconnelli_cytomegalovirus	montagens_Cebus_albifrons_lymphocryptovirus_1	0	0	0	0			
Lib1barcode64	montagens_Alouatta_macconnelli_cytomegalovirus	montagens_consenso_H1	0	0	0	0			
Lib1barcode64	montagens_Alouatta_palliata_cytomegalovirus	montagens_CALHV3	0	383	0	383	0.0		0.0
Lib1barcode64	montagens_Alouatta_palliata_cytomegalovirus	montagens_Cebus_albifrons_lymphocryptovirus_1	0	0	0	0			
Lib1barcode64	montagens_Alouatta_palliata_cytomegalovirus	montagens_consenso_H1	0	0	0	0			
Lib1barcode64	montagens_CALHV3	montagens_Cebus_albifrons_lymphocryptovirus_1	383	0	0	383	0.0	0.0	
Lib1barcode64	montagens_CALHV3	montagens_consenso_H1	383	0	0	383	0.0	0.0	
Lib1barcode64	montagens_Cebus_albifrons_lymphocryptovirus_1	montagens_consenso_H1	0	0	0	0			
Lib1barcode65	montagem_LIB_3_HSV6	montagem_LIB_3_HSV7	0	0	0	0			
Lib1barcode65	montagem_LIB_3_HSV6	montagens_Alouatta_macconnelli_cytomegalovirus	0	0	0	0			
Lib1barcode65	montagem_LIB_3_HSV6	montagens_Alouatta_palliata_cytomegalovirus	0	0	0	0			
Lib1barcode65	montagem_LIB_3_HSV6	montagens_CALHV3	0	0	0	0			
Lib1barcode65	montagem_LIB_3_HSV6	montagens_Cebus_albifrons_lymphocryptovirus_1	0	0	0	0			
Lib1barcode65	montagem_LIB_3_HSV6	montagens_consenso_H1	0	972	0	972	0.0		0.0
Lib1barcode65	montagem_LIB_3_HSV7	montagens_Alouatta_macconnelli_cytomegalovirus	0	0	0	0			
Lib1barcode65	montagem_LIB_3_HSV7	montagens_Alouatta_palliata_cytomegalovirus	0	0	0	0			
Lib1barcode65	montagem_LIB_3_HSV7	montagens_CALHV3	0	0	0	0			
Lib1barcode65	montagem_LIB_3_HSV7	montagens_Cebus_albifrons_lymphocryptovirus_1	0	0	0	0			
Lib1barcode65	montagem_LIB_3_HSV7	montagens_consenso_H1	0	972	0	972	0.0		0.0
Lib1barcode65	montagens_Alouatta_macconnelli_cytomegalovirus	montagens_Alouatta_palliata_cytomegalovirus	0	0	0	0			
Lib1barcode65	montagens_Alouatta_macconnelli_cytomegalovirus	montagens_CALHV3	0	0	0	0			
Lib1barcode65	montagens_Alouatta_macconnelli_cytomegalovirus	montagens_Cebus_albifrons_lymphocryptovirus_1	0	0	0	0			
Lib1barcode65	montagens_Alouatta_macconnelli_cytomegalovirus	montagens_consenso_H1	0	972	0	972	0.0		0.0
Lib1barcode65	montagens_Alouatta_palliata_cytomegalovirus	montagens_CALHV3	0	0	0	0			
Lib1barcode65	montagens_Alouatta_palliata_cytomegalovirus	montagens_Cebus_albifrons_lymphocryptovirus_1	0	0	0	0			
Lib1barcode65	montagens_Alouatta_palliata_cytomegalovirus	montagens_consenso_H1	0	972	0	972	0.0		0.0
Lib1barcode65	montagens_CALHV3	montagens_Cebus_albifrons_lymphocryptovirus_1	0	0	0	0			
Lib1barcode65	montagens_CALHV3	montagens_consenso_H1	0	972	0	972	0.0		0.0
Lib1barcode65	montagens_Cebus_albifrons_lymphocryptovirus_1	montagens_consenso_H1	0	972	0	972	0.0		0.0
Lib1barcode66	montagem_LIB_3_HSV6	montagem_LIB_3_HSV7	0	0	0	0			
Lib1barcode66	montagem_LIB_3_HSV6	montagens_Alouatta_macconnelli_cytomegalovirus	0	0	0	0			
Lib1barcode66	montagem_LIB_3_HSV6	montagens_Alouatta_palliata_cytomegalovirus	0	0	0	0			
Lib1barcode66	montagem_LIB_3_HSV6	montagens_CALHV3	0	572	0	572	0.0		0.0
Lib1barcode66	montagem_LIB_3_HSV6	montagens_Cebus_albifrons_lymphocryptovirus_1	0	0	0	0			
Lib1barcode66	montagem_LIB_3_HSV6	montagens_consenso_H1	0	0	0	0			
Lib1barcode66	montagem_LIB_3_HSV7	montagens_Alouatta_macconnelli_cytomegalovirus	0	0	0	0			
Lib1barcode66	montagem_LIB_3_HSV7	montagens_Alouatta_palliata_cytomegalovirus	0	0	0	0			
Lib1barcode66	montagem_LIB_3_HSV7	montagens_CALHV3	0	572	0	572	0.0		0.0
Lib1barcode66	montagem_LIB_3_HSV7	montagens_Cebus_albifrons_lymphocryptovirus_1	0	0	0	0			
Lib1barcode66	montagem_LIB_3_HSV7	montagens_consenso_H1	0	0	0	0			
Lib1barcode66	montagens_Alouatta_macconnelli_cytomegalovirus	montagens_Alouatta_palliata_cytomegalovirus	0	0	0	0			
Lib1barcode66	montagens_Alouatta_macconnelli_cytomegalovirus	montagens_CALHV3	0	572	0	572	0.0		0.0
Lib1barcode66	montagens_Alouatta_macconnelli_cytomegalovirus	montagens_Cebus_albifrons_lymphocryptovirus_1	0	0	0	0			
Lib1barcode66	montagens_Alouatta_macconnelli_cytomegalovirus	montagens_consenso_H1	0	0	0	0			
Lib1barcode66	montagens_Alouatta_palliata_cytomegalovirus	montagens_CALHV3	0	572	0	572	0.0		0.0
Lib1barcode66	montagens_Alouatta_palliata_cytomegalovirus	montagens_Cebus_albifrons_lymphocryptovirus_1	0	0	0	0			
Lib1barcode66	montagens_Alouatta_palliata_cytomegalovirus	montagens_consenso_H1	0	0	0	0			
Lib1barcode66	montagens_CALHV3	montagens_Cebus_albifrons_lymphocryptovirus_1	572	0	0	572	0.0	0.0	
Lib1barcode66	montagens_CALHV3	montagens_consenso_H1	572	0	0	572	0.0	0.0	
Lib1barcode66	montagens_Cebus_albifrons_lymphocryptovirus_1	montagens_consenso_H1	0	0	0	0			
Lib1barcode67	montagem_LIB_3_HSV6	montagem_LIB_3_HSV7	0	0	0	0			
Lib1barcode67	montagem_LIB_3_HSV6	montagens_Alouatta_macconnelli_cytomegalovirus	0	0	0	0			
Lib1barcode67	montagem_LIB_3_HSV6	montagens_Alouatta_palliata_cytomegalovirus	0	0	0	0			
Lib1barcode67	montagem_LIB_3_HSV6	montagens_CALHV3	0	1336	0	1336	0.0		0.0
Lib1barcode67	montagem_LIB_3_HSV6	montagens_Cebus_albifrons_lymphocryptovirus_1	0	0	0	0			
Lib1barcode67	montagem_LIB_3_HSV6	montagens_consenso_H1	0	0	0	0			
Lib1barcode67	montagem_LIB_3_HSV7	montagens_Alouatta_macconnelli_cytomegalovirus	0	0	0	0			
Lib1barcode67	montagem_LIB_3_HSV7	montagens_Alouatta_palliata_cytomegalovirus	0	0	0	0			
Lib1barcode67	montagem_LIB_3_HSV7	montagens_CALHV3	0	1336	0	1336	0.0		0.0
Lib1barcode67	montagem_LIB_3_HSV7	montagens_Cebus_albifrons_lymphocryptovirus_1	0	0	0	0			
Lib1barcode67	montagem_LIB_3_HSV7	montagens_consenso_H1	0	0	0	0			
Lib1barcode67	montagens_Alouatta_macconnelli_cytomegalovirus	montagens_Alouatta_palliata_cytomegalovirus	0	0	0	0			
Lib1barcode67	montagens_Alouatta_macconnelli_cytomegalovirus	montagens_CALHV3	0	1336	0	1336	0.0		0.0
Lib1barcode67	montagens_Alouatta_macconnelli_cytomegalovirus	montagens_Cebus_albifrons_lymphocryptovirus_1	0	0	0	0			
Lib1barcode67	montagens_Alouatta_macconnelli_cytomegalovirus	montagens_consenso_H1	0	0	0	0			
Lib1barcode67	montagens_Alouatta_palliata_cytomegalovirus	montagens_CALHV3	0	1336	0	1336	0.0		0.0
Lib1barcode67	montagens_Alouatta_palliata_cytomegalovirus	montagens_Cebus_albifrons_lymphocryptovirus_1	0	0	0	0			
Lib1barcode67	montagens_Alouatta_palliata_cytomegalovirus	montagens_consenso_H1	0	0	0	0			
Lib1barcode67	montagens_CALHV3	montagens_Cebus_albifrons_lymphocryptovirus_1	1336	0	0	1336	0.0	0.0	
Lib1barcode67	montagens_CALHV3	montagens_consenso_H1	1336	0	0	1336	0.0	0.0	
Lib1barcode67	montagens_Cebus_albifrons_lymphocryptovirus_1	montagens_consenso_H1	0	0	0	0			
Lib1barcode68	montagem_LIB_3_HSV6	montagem_LIB_3_HSV7	0	0	0	0			
Lib1barcode68	montagem_LIB_3_HSV6	montagens_Alouatta_macconnelli_cytomegalovirus	0	0	0	0			
Lib1barcode68	montagem_LIB_3_HSV6	montagens_Alouatta_palliata_cytomegalovirus	0	0	0	0			
Lib1barcode68	montagem_LIB_3_HSV6	montagens_CALHV3	0	587	0	587	0.0		0.0
Lib1barcode68	montagem_LIB_3_HSV6	montagens_Cebus_albifrons_lymphocryptovirus_1	0	0	0	0			
Lib1barcode68	montagem_LIB_3_HSV6	montagens_consenso_H1	0	0	0	0			
Lib1barcode68	montagem_LIB_3_HSV7	montagens_Alouatta_macconnelli_cytomegalovirus	0	0	0	0			
Lib1barcode68	montagem_LIB_3_HSV7	montagens_Alouatta_palliata_cytomegalovirus	0	0	0	0			
Lib1barcode68	montagem_LIB_3_HSV7	montagens_CALHV3	0	587	0	587	0.0		0.0
Lib1barcode68	montagem_LIB_3_HSV7	montagens_Cebus_albifrons_lymphocryptovirus_1	0	0	0	0			
Lib1barcode68	montagem_LIB_3_HSV7	montagens_consenso_H1	0	0	0	0			
Lib1barcode68	montagens_Alouatta_macconnelli_cytomegalovirus	montagens_Alouatta_palliata_cytomegalovirus	0	0	0	0			
Lib1barcode68	montagens_Alouatta_macconnelli_cytomegalovirus	montagens_CALHV3	0	587	0	587	0.0		0.0
Lib1barcode68	montagens_Alouatta_macconnelli_cytomegalovirus	montagens_Cebus_albifrons_lymphocryptovirus_1	0	0	0	0			
Lib1barcode68	montagens_Alouatta_macconnelli_cytomegalovirus	montagens_consenso_H1	0	0	0	0			
Lib1barcode68	montagens_Alouatta_palliata_cytomegalovirus	montagens_CALHV3	0	587	0	587	0.0		0.0
Lib1barcode68	montagens_Alouatta_palliata_cytomegalovirus	montagens_Cebus_albifrons_lymphocryptovirus_1	0	0	0	0			
Lib1barcode68	montagens_Alouatta_palliata_cytomegalovirus	montagens_consenso_H1	0	0	0	0			
Lib1barcode68	montagens_CALHV3	montagens_Cebus_albifrons_lymphocryptovirus_1	587	0	0	587	0.0	0.0	
Lib1barcode68	montagens_CALHV3	montagens_consenso_H1	587	0	0	587	0.0	0.0	
Lib1barcode68	montagens_Cebus_albifrons_lymphocryptovirus_1	montagens_consenso_H1	0	0	0	0			
Lib1barcode69	montagem_LIB_3_HSV6	montagem_LIB_3_HSV7	0	0	0	0			
Lib1barcode69	montagem_LIB_3_HSV6	montagens_Alouatta_macconnelli_cytomegalovirus	0	0	0	0			
Lib1barcode69	montagem_LIB_3_HSV6	montagens_Alouatta_palliata_cytomegalovirus	0	0	0	0			
Lib1barcode69	montagem_LIB_3_HSV6	montagens_CALHV3	0	0	0	0			
Lib1barcode69	montagem_LIB_3_HSV6	montagens_Cebus_albifrons_lymphocryptovirus_1	0	0	0	0			
Lib1barcode69	montagem_LIB_3_HSV6	montagens_consenso_H1	0	0	0	0			
Lib1barcode69	montagem_LIB_3_HSV7	montagens_Alouatta_macconnelli_cytomegalovirus	0	0	0	0			
Lib1barcode69	montagem_LIB_3_HSV7	montagens_Alouatta_palliata_cytomegalovirus	0	0	0	0			
Lib1barcode69	montagem_LIB_3_HSV7	montagens_CALHV3	0	0	0	0			
Lib1barcode69	montagem_LIB_3_HSV7	montagens_Cebus_albifrons_lymphocryptovirus_1	0	0	0	0			
Lib1barcode69	montagem_LIB_3_HSV7	montagens_consenso_H1	0	0	0	0			
Lib1barcode69	montagens_Alouatta_macconnelli_cytomegalovirus	montagens_Alouatta_palliata_cytomegalovirus	0	0	0	0			
Lib1barcode69	montagens_Alouatta_macconnelli_cytomegalovirus	montagens_CALHV3	0	0	0	0			
Lib1barcode69	montagens_Alouatta_macconnelli_cytomegalovirus	montagens_Cebus_albifrons_lymphocryptovirus_1	0	0	0	0			
Lib1barcode69	montagens_Alouatta_macconnelli_cytomegalovirus	montagens_consenso_H1	0	0	0	0			
Lib1barcode69	montagens_Alouatta_palliata_cytomegalovirus	montagens_CALHV3	0	0	0	0			
Lib1barcode69	montagens_Alouatta_palliata_cytomegalovirus	montagens_Cebus_albifrons_lymphocryptovirus_1	0	0	0	0			
Lib1barcode69	montagens_Alouatta_palliata_cytomegalovirus	montagens_consenso_H1	0	0	0	0			
Lib1barcode69	montagens_CALHV3	montagens_Cebus_albifrons_lymphocryptovirus_1	0	0	0	0			
Lib1barcode69	montagens_CALHV3	montagens_consenso_H1	0	0	0	0			
Lib1barcode69	montagens_Cebus_albifrons_lymphocryptovirus_1	montagens_consenso_H1	0	0	0	0			
Lib1barcode70	montagem_LIB_3_HSV6	montagem_LIB_3_HSV7	0	0	0	0			
Lib1barcode70	montagem_LIB_3_HSV6	montagens_Alouatta_macconnelli_cytomegalovirus	0	0	0	0			
Lib1barcode70	montagem_LIB_3_HSV6	montagens_Alouatta_palliata_cytomegalovirus	0	0	0	0			
Lib1barcode70	montagem_LIB_3_HSV6	montagens_CALHV3	0	430	0	430	0.0		0.0
Lib1barcode70	montagem_LIB_3_HSV6	montagens_Cebus_albifrons_lymphocryptovirus_1	0	0	0	0			
Lib1barcode70	montagem_LIB_3_HSV6	montagens_consenso_H1	0	0	0	0			
Lib1barcode70	montagem_LIB_3_HSV7	montagens_Alouatta_macconnelli_cytomegalovirus	0	0	0	0			
Lib1barcode70	montagem_LIB_3_HSV7	montagens_Alouatta_palliata_cytomegalovirus	0	0	0	0			
Lib1barcode70	montagem_LIB_3_HSV7	montagens_CALHV3	0	430	0	430	0.0		0.0
Lib1barcode70	montagem_LIB_3_HSV7	montagens_Cebus_albifrons_lymphocryptovirus_1	0	0	0	0			
Lib1barcode70	montagem_LIB_3_HSV7	montagens_consenso_H1	0	0	0	0			
Lib1barcode70	montagens_Alouatta_macconnelli_cytomegalovirus	montagens_Alouatta_palliata_cytomegalovirus	0	0	0	0			
Lib1barcode70	montagens_Alouatta_macconnelli_cytomegalovirus	montagens_CALHV3	0	430	0	430	0.0		0.0
Lib1barcode70	montagens_Alouatta_macconnelli_cytomegalovirus	montagens_Cebus_albifrons_lymphocryptovirus_1	0	0	0	0			
Lib1barcode70	montagens_Alouatta_macconnelli_cytomegalovirus	montagens_consenso_H1	0	0	0	0			
Lib1barcode70	montagens_Alouatta_palliata_cytomegalovirus	montagens_CALHV3	0	430	0	430	0.0		0.0
Lib1barcode70	montagens_Alouatta_palliata_cytomegalovirus	montagens_Cebus_albifrons_lymphocryptovirus_1	0	0	0	0			
Lib1barcode70	montagens_Alouatta_palliata_cytomegalovirus	montagens_consenso_H1	0	0	0	0			
Lib1barcode70	montagens_CALHV3	montagens_Cebus_albifrons_lymphocryptovirus_1	430	0	0	430	0.0	0.0	
Lib1barcode70	montagens_CALHV3	montagens_consenso_H1	430	0	0	430	0.0	0.0	
Lib1barcode70	montagens_Cebus_albifrons_lymphocryptovirus_1	montagens_consenso_H1	0	0	0	0			
Lib1barcode71	montagem_LIB_3_HSV6	montagem_LIB_3_HSV7	0	0	0	0			
Lib1barcode71	montagem_LIB_3_HSV6	montagens_Alouatta_macconnelli_cytomegalovirus	0	0	0	0			
Lib1barcode71	montagem_LIB_3_HSV6	montagens_Alouatta_palliata_cytomegalovirus	0	0	0	0			
Lib1barcode71	montagem_LIB_3_HSV6	montagens_CALHV3	0	0	0	0			
Lib1barcode71	montagem_LIB_3_HSV6	montagens_Cebus_albifrons_lymphocryptovirus_1	0	0	0	0			
Lib1barcode71	montagem_LIB_3_HSV6	montagens_consenso_H1	0	0	0	0			
Lib1barcode71	montagem_LIB_3_HSV7	montagens_Alouatta_macconnelli_cytomegalovirus	0	0	0	0			
Lib1barcode71	montagem_LIB_3_HSV7	montagens_Alouatta_palliata_cytomegalovirus	0	0	0	0			
Lib1barcode71	montagem_LIB_3_HSV7	montagens_CALHV3	0	0	0	0			
Lib1barcode71	montagem_LIB_3_HSV7	montagens_Cebus_albifrons_lymphocryptovirus_1	0	0	0	0			
Lib1barcode71	montagem_LIB_3_HSV7	montagens_consenso_H1	0	0	0	0			
Lib1barcode71	montagens_Alouatta_macconnelli_cytomegalovirus	montagens_Alouatta_palliata_cytomegalovirus	0	0	0	0			
Lib1barcode71	montagens_Alouatta_macconnelli_cytomegalovirus	montagens_CALHV3	0	0	0	0			
Lib1barcode71	montagens_Alouatta_macconnelli_cytomegalovirus	montagens_Cebus_albifrons_lymphocryptovirus_1	0	0	0	0			
Lib1barcode71	montagens_Alouatta_macconnelli_cytomegalovirus	montagens_consenso_H1	0	0	0	0			
Lib1barcode71	montagens_Alouatta_palliata_cytomegalovirus	montagens_CALHV3	0	0	0	0			
Lib1barcode71	montagens_Alouatta_palliata_cytomegalovirus	montagens_Cebus_albifrons_lymphocryptovirus_1	0	0	0	0			
Lib1barcode71	montagens_Alouatta_palliata_cytomegalovirus	montagens_consenso_H1	0	0	0	0			
Lib1barcode71	montagens_CALHV3	montagens_Cebus_albifrons_lymphocryptovirus_1	0	0	0	0			
Lib1barcode71	montagens_CALHV3	montagens_consenso_H1	0	0	0	0			
Lib1barcode71	montagens_Cebus_albifrons_lymphocryptovirus_1	montagens_consenso_H1	0	0	0	0			
Lib1barcode72	montagem_LIB_3_HSV6	montagem_LIB_3_HSV7	0	0	0	0			
Lib1barcode72	montagem_LIB_3_HSV6	montagens_Alouatta_macconnelli_cytomegalovirus	0	0	0	0			
Lib1barcode72	montagem_LIB_3_HSV6	montagens_Alouatta_palliata_cytomegalovirus	0	0	0	0			
Lib1barcode72	montagem_LIB_3_HSV6	montagens_CALHV3	0	0	0	0			
Lib1barcode72	montagem_LIB_3_HSV6	montagens_Cebus_albifrons_lymphocryptovirus_1	0	0	0	0			
Lib1barcode72	montagem_LIB_3_HSV6	montagens_consenso_H1	0	381	0	381	0.0		0.0
Lib1barcode72	montagem_LIB_3_HSV7	montagens_Alouatta_macconnelli_cytomegalovirus	0	0	0	0			
Lib1barcode72	montagem_LIB_3_HSV7	montagens_Alouatta_palliata_cytomegalovirus	0	0	0	0			
Lib1barcode72	montagem_LIB_3_HSV7	montagens_CALHV3	0	0	0	0			
Lib1barcode72	montagem_LIB_3_HSV7	montagens_Cebus_albifrons_lymphocryptovirus_1	0	0	0	0			
Lib1barcode72	montagem_LIB_3_HSV7	montagens_consenso_H1	0	381	0	381	0.0		0.0
Lib1barcode72	montagens_Alouatta_macconnelli_cytomegalovirus	montagens_Alouatta_palliata_cytomegalovirus	0	0	0	0			
Lib1barcode72	montagens_Alouatta_macconnelli_cytomegalovirus	montagens_CALHV3	0	0	0	0			
Lib1barcode72	montagens_Alouatta_macconnelli_cytomegalovirus	montagens_Cebus_albifrons_lymphocryptovirus_1	0	0	0	0			
Lib1barcode72	montagens_Alouatta_macconnelli_cytomegalovirus	montagens_consenso_H1	0	381	0	381	0.0		0.0
Lib1barcode72	montagens_Alouatta_palliata_cytomegalovirus	montagens_CALHV3	0	0	0	0			
Lib1barcode72	montagens_Alouatta_palliata_cytomegalovirus	montagens_Cebus_albifrons_lymphocryptovirus_1	0	0	0	0			
Lib1barcode72	montagens_Alouatta_palliata_cytomegalovirus	montagens_consenso_H1	0	381	0	381	0.0		0.0
Lib1barcode72	montagens_CALHV3	montagens_Cebus_albifrons_lymphocryptovirus_1	0	0	0	0			
Lib1barcode72	montagens_CALHV3	montagens_consenso_H1	0	381	0	381	0.0		0.0
Lib1barcode72	montagens_Cebus_albifrons_lymphocryptovirus_1	montagens_consenso_H1	0	381	0	381	0.0		0.0
Lib1barcode73	montagem_LIB_3_HSV6	montagem_LIB_3_HSV7	0	0	0	0			
Lib1barcode73	montagem_LIB_3_HSV6	montagens_Alouatta_macconnelli_cytomegalovirus	0	0	0	0			
Lib1barcode73	montagem_LIB_3_HSV6	montagens_Alouatta_palliata_cytomegalovirus	0	0	0	0			
Lib1barcode73	montagem_LIB_3_HSV6	montagens_CALHV3	0	0	0	0			
Lib1barcode73	montagem_LIB_3_HSV6	montagens_Cebus_albifrons_lymphocryptovirus_1	0	0	0	0			
Lib1barcode73	montagem_LIB_3_HSV6	montagens_consenso_H1	0	0	0	0			
Lib1barcode73	montagem_LIB_3_HSV7	montagens_Alouatta_macconnelli_cytomegalovirus	0	0	0	0			
Lib1barcode73	montagem_LIB_3_HSV7	montagens_Alouatta_palliata_cytomegalovirus	0	0	0	0			
Lib1barcode73	montagem_LIB_3_HSV7	montagens_CALHV3	0	0	0	0			
Lib1barcode73	montagem_LIB_3_HSV7	montagens_Cebus_albifrons_lymphocryptovirus_1	0	0	0	0			
Lib1barcode73	montagem_LIB_3_HSV7	montagens_consenso_H1	0	0	0	0			
Lib1barcode73	montagens_Alouatta_macconnelli_cytomegalovirus	montagens_Alouatta_palliata_cytomegalovirus	0	0	0	0			
Lib1barcode73	montagens_Alouatta_macconnelli_cytomegalovirus	montagens_CALHV3	0	0	0	0			
Lib1barcode73	montagens_Alouatta_macconnelli_cytomegalovirus	montagens_Cebus_albifrons_lymphocryptovirus_1	0	0	0	0			
Lib1barcode73	montagens_Alouatta_macconnelli_cytomegalovirus	montagens_consenso_H1	0	0	0	0			
Lib1barcode73	montagens_Alouatta_palliata_cytomegalovirus	montagens_CALHV3	0	0	0	0			
Lib1barcode73	montagens_Alouatta_palliata_cytomegalovirus	montagens_Cebus_albifrons_lymphocryptovirus_1	0	0	0	0			
Lib1barcode73	montagens_Alouatta_palliata_cytomegalovirus	montagens_consenso_H1	0	0	0	0			
Lib1barcode73	montagens_CALHV3	montagens_Cebus_albifrons_lymphocryptovirus_1	0	0	0	0			
Lib1barcode73	montagens_CALHV3	montagens_consenso_H1	0	0	0	0			
Lib1barcode73	montagens_Cebus_albifrons_lymphocryptovirus_1	montagens_consenso_H1	0	0	0	0			
Lib1barcode74	montagem_LIB_3_HSV6	montagem_LIB_3_HSV7	0	0	0	0			
Lib1barcode74	montagem_LIB_3_HSV6	montagens_Alouatta_macconnelli_cytomegalovirus	0	0	0	0			
Lib1barcode74	montagem_LIB_3_HSV6	montagens_Alouatta_palliata_cytomegalovirus	0	0	0	0			
Lib1barcode74	montagem_LIB_3_HSV6	montagens_CALHV3	0	588	0	588	0.0		0.0
Lib1barcode74	montagem_LIB_3_HSV6	montagens_Cebus_albifrons_lymphocryptovirus_1	0	0	0	0			
Lib1barcode74	montagem_LIB_3_HSV6	montagens_consenso_H1	0	0	0	0			
Lib1barcode74	montagem_LIB_3_HSV7	montagens_Alouatta_macconnelli_cytomegalovirus	0	0	0	0			
Lib1barcode74	montagem_LIB_3_HSV7	montagens_Alouatta_palliata_cytomegalovirus	0	0	0	0			
Lib1barcode74	montagem_LIB_3_HSV7	montagens_CALHV3	0	588	0	588	0.0		0.0
Lib1barcode74	montagem_LIB_3_HSV7	montagens_Cebus_albifrons_lymphocryptovirus_1	0	0	0	0			
Lib1barcode74	montagem_LIB_3_HSV7	montagens_consenso_H1	0	0	0	0			
Lib1barcode74	montagens_Alouatta_macconnelli_cytomegalovirus	montagens_Alouatta_palliata_cytomegalovirus	0	0	0	0			
Lib1barcode74	montagens_Alouatta_macconnelli_cytomegalovirus	montagens_CALHV3	0	588	0	588	0.0		0.0
Lib1barcode74	montagens_Alouatta_macconnelli_cytomegalovirus	montagens_Cebus_albifrons_lymphocryptovirus_1	0	0	0	0			
Lib1barcode74	montagens_Alouatta_macconnelli_cytomegalovirus	montagens_consenso_H1	0	0	0	0			
Lib1barcode74	montagens_Alouatta_palliata_cytomegalovirus	montagens_CALHV3	0	588	0	588	0.0		0.0
Lib1barcode74	montagens_Alouatta_palliata_cytomegalovirus	montagens_Cebus_albifrons_lymphocryptovirus_1	0	0	0	0			
Lib1barcode74	montagens_Alouatta_palliata_cytomegalovirus	montagens_consenso_H1	0	0	0	0			
Lib1barcode74	montagens_CALHV3	montagens_Cebus_albifrons_lymphocryptovirus_1	588	0	0	588	0.0	0.0	
Lib1barcode74	montagens_CALHV3	montagens_consenso_H1	588	0	0	588	0.0	0.0	
Lib1barcode74	montagens_Cebus_albifrons_lymphocryptovirus_1	montagens_consenso_H1	0	0	0	0			
Lib2barcode01	montagem_LIB_3_HSV6	montagem_LIB_3_HSV7	0	0	0	0			
Lib2barcode01	montagem_LIB_3_HSV6	montagens_Alouatta_macconnelli_cytomegalovirus	0	0	0	0			
Lib2barcode01	montagem_LIB_3_HSV6	montagens_Alouatta_palliata_cytomegalovirus	0	0	0	0			
Lib2barcode01	montagem_LIB_3_HSV6	montagens_CALHV3	0	264	0	264	0.0		0.0
Lib2barcode01	montagem_LIB_3_HSV6	montagens_Cebus_albifrons_lymphocryptovirus_1	0	0	0	0			
Lib2barcode01	montagem_LIB_3_HSV6	montagens_consenso_H1	0	75	0	75	0.0		0.0
Lib2barcode01	montagem_LIB_3_HSV7	montagens_Alouatta_macconnelli_cytomegalovirus	0	0	0	0			
Lib2barcode01	montagem_LIB_3_HSV7	montagens_Alouatta_palliata_cytomegalovirus	0	0	0	0			
Lib2barcode01	montagem_LIB_3_HSV7	montagens_CALHV3	0	264	0	264	0.0		0.0
Lib2barcode01	montagem_LIB_3_HSV7	montagens_Cebus_albifrons_lymphocryptovirus_1	0	0	0	0			
Lib2barcode01	montagem_LIB_3_HSV7	montagens_consenso_H1	0	75	0	75	0.0		0.0
Lib2barcode01	montagens_Alouatta_macconnelli_cytomegalovirus	montagens_Alouatta_palliata_cytomegalovirus	0	0	0	0			
Lib2barcode01	montagens_Alouatta_macconnelli_cytomegalovirus	montagens_CALHV3	0	264	0	264	0.0		0.0
Lib2barcode01	montagens_Alouatta_macconnelli_cytomegalovirus	montagens_Cebus_albifrons_lymphocryptovirus_1	0	0	0	0			
Lib2barcode01	montagens_Alouatta_macconnelli_cytomegalovirus	montagens_consenso_H1	0	75	0	75	0.0		0.0
Lib2barcode01	montagens_Alouatta_palliata_cytomegalovirus	montagens_CALHV3	0	264	0	264	0.0		0.0
Lib2barcode01	montagens_Alouatta_palliata_cytomegalovirus	montagens_Cebus_albifrons_lymphocryptovirus_1	0	0	0	0			
Lib2barcode01	montagens_Alouatta_palliata_cytomegalovirus	montagens_consenso_H1	0	75	0	75	0.0		0.0
Lib2barcode01	montagens_CALHV3	montagens_Cebus_albifrons_lymphocryptovirus_1	264	0	0	264	0.0	0.0	
Lib2barcode01	montagens_CALHV3	montagens_consenso_H1	264	75	0	339	0.0	0.0	0.0
Lib2barcode01	montagens_Cebus_albifrons_lymphocryptovirus_1	montagens_consenso_H1	0	75	0	75	0.0		0.0
Lib2barcode02	montagem_LIB_3_HSV6	montagem_LIB_3_HSV7	0	0	0	0			
Lib2barcode02	montagem_LIB_3_HSV6	montagens_Alouatta_macconnelli_cytomegalovirus	0	0	0	0			
Lib2barcode02	montagem_LIB_3_HSV6	montagens_Alouatta_palliata_cytomegalovirus	0	0	0	0			
Lib2barcode02	montagem_LIB_3_HSV6	montagens_CALHV3	0	0	0	0			
Lib2barcode02	montagem_LIB_3_HSV6	montagens_Cebus_albifrons_lymphocryptovirus_1	0	0	0	0			
Lib2barcode02	montagem_LIB_3_HSV6	montagens_consenso_H1	0	0	0	0			
Lib2barcode02	montagem_LIB_3_HSV7	montagens_Alouatta_macconnelli_cytomegalovirus	0	0	0	0			
Lib2barcode02	montagem_LIB_3_HSV7	montagens_Alouatta_palliata_cytomegalovirus	0	0	0	0			
Lib2barcode02	montagem_LIB_3_HSV7	montagens_CALHV3	0	0	0	0			
Lib2barcode02	montagem_LIB_3_HSV7	montagens_Cebus_albifrons_lymphocryptovirus_1	0	0	0	0			
Lib2barcode02	montagem_LIB_3_HSV7	montagens_consenso_H1	0	0	0	0			
Lib2barcode02	montagens_Alouatta_macconnelli_cytomegalovirus	montagens_Alouatta_palliata_cytomegalovirus	0	0	0	0			
Lib2barcode02	montagens_Alouatta_macconnelli_cytomegalovirus	montagens_CALHV3	0	0	0	0			
Lib2barcode02	montagens_Alouatta_macconnelli_cytomegalovirus	montagens_Cebus_albifrons_lymphocryptovirus_1	0	0	0	0			
Lib2barcode02	montagens_Alouatta_macconnelli_cytomegalovirus	montagens_consenso_H1	0	0	0	0			
Lib2barcode02	montagens_Alouatta_palliata_cytomegalovirus	montagens_CALHV3	0	0	0	0			
Lib2barcode02	montagens_Alouatta_palliata_cytomegalovirus	montagens_Cebus_albifrons_lymphocryptovirus_1	0	0	0	0			
Lib2barcode02	montagens_Alouatta_palliata_cytomegalovirus	montagens_consenso_H1	0	0	0	0			
Lib2barcode02	montagens_CALHV3	montagens_Cebus_albifrons_lymphocryptovirus_1	0	0	0	0			
Lib2barcode02	montagens_CALHV3	montagens_consenso_H1	0	0	0	0			
Lib2barcode02	montagens_Cebus_albifrons_lymphocryptovirus_1	montagens_consenso_H1	0	0	0	0			
Lib2barcode03	montagem_LIB_3_HSV6	montagem_LIB_3_HSV7	0	0	0	0			
Lib2barcode03	montagem_LIB_3_HSV6	montagens_Alouatta_macconnelli_cytomegalovirus	0	0	0	0			
Lib2barcode03	montagem_LIB_3_HSV6	montagens_Alouatta_palliata_cytomegalovirus	0	0	0	0			
Lib2barcode03	montagem_LIB_3_HSV6	montagens_CALHV3	0	93	0	93	0.0		0.0
Lib2barcode03	montagem_LIB_3_HSV6	montagens_Cebus_albifrons_lymphocryptovirus_1	0	0	0	0			
Lib2barcode03	montagem_LIB_3_HSV6	montagens_consenso_H1	0	0	0	0			
Lib2barcode03	montagem_LIB_3_HSV7	montagens_Alouatta_macconnelli_cytomegalovirus	0	0	0	0			
Lib2barcode03	montagem_LIB_3_HSV7	montagens_Alouatta_palliata_cytomegalovirus	0	0	0	0			
Lib2barcode03	montagem_LIB_3_HSV7	montagens_CALHV3	0	93	0	93	0.0		0.0
Lib2barcode03	montagem_LIB_3_HSV7	montagens_Cebus_albifrons_lymphocryptovirus_1	0	0	0	0			
Lib2barcode03	montagem_LIB_3_HSV7	montagens_consenso_H1	0	0	0	0			
Lib2barcode03	montagens_Alouatta_macconnelli_cytomegalovirus	montagens_Alouatta_palliata_cytomegalovirus	0	0	0	0			
Lib2barcode03	montagens_Alouatta_macconnelli_cytomegalovirus	montagens_CALHV3	0	93	0	93	0.0		0.0
Lib2barcode03	montagens_Alouatta_macconnelli_cytomegalovirus	montagens_Cebus_albifrons_lymphocryptovirus_1	0	0	0	0			
Lib2barcode03	montagens_Alouatta_macconnelli_cytomegalovirus	montagens_consenso_H1	0	0	0	0			
Lib2barcode03	montagens_Alouatta_palliata_cytomegalovirus	montagens_CALHV3	0	93	0	93	0.0		0.0
Lib2barcode03	montagens_Alouatta_palliata_cytomegalovirus	montagens_Cebus_albifrons_lymphocryptovirus_1	0	0	0	0			
Lib2barcode03	montagens_Alouatta_palliata_cytomegalovirus	montagens_consenso_H1	0	0	0	0			
Lib2barcode03	montagens_CALHV3	montagens_Cebus_albifrons_lymphocryptovirus_1	93	0	0	93	0.0	0.0	
Lib2barcode03	montagens_CALHV3	montagens_consenso_H1	93	0	0	93	0.0	0.0	
Lib2barcode03	montagens_Cebus_albifrons_lymphocryptovirus_1	montagens_consenso_H1	0	0	0	0			
Lib2barcode04	montagem_LIB_3_HSV6	montagem_LIB_3_HSV7	0	0	0	0			
Lib2barcode04	montagem_LIB_3_HSV6	montagens_Alouatta_macconnelli_cytomegalovirus	0	0	0	0			
Lib2barcode04	montagem_LIB_3_HSV6	montagens_Alouatta_palliata_cytomegalovirus	0	0	0	0			
Lib2barcode04	montagem_LIB_3_HSV6	montagens_CALHV3	0	586	0	586	0.0		0.0
Lib2barcode04	montagem_LIB_3_HSV6	montagens_Cebus_albifrons_lymphocryptovirus_1	0	0	0	0			
Lib2barcode04	montagem_LIB_3_HSV6	montagens_consenso_H1	0	0	0	0			
Lib2barcode04	montagem_LIB_3_HSV7	montagens_Alouatta_macconnelli_cytomegalovirus	0	0	0	0			
Lib2barcode04	montagem_LIB_3_HSV7	montagens_Alouatta_palliata_cytomegalovirus	0	0	0	0			
Lib2barcode04	montagem_LIB_3_HSV7	montagens_CALHV3	0	586	0	586	0.0		0.0
Lib2barcode04	montagem_LIB_3_HSV7	montagens_Cebus_albifrons_lymphocryptovirus_1	0	0	0	0			
Lib2barcode04	montagem_LIB_3_HSV7	montagens_consenso_H1	0	0	0	0			
Lib2barcode04	montagens_Alouatta_macconnelli_cytomegalovirus	montagens_Alouatta_palliata_cytomegalovirus	0	0	0	0			
Lib2barcode04	montagens_Alouatta_macconnelli_cytomegalovirus	montagens_CALHV3	0	586	0	586	0.0		0.0
Lib2barcode04	montagens_Alouatta_macconnelli_cytomegalovirus	montagens_Cebus_albifrons_lymphocryptovirus_1	0	0	0	0			
Lib2barcode04	montagens_Alouatta_macconnelli_cytomegalovirus	montagens_consenso_H1	0	0	0	0			
Lib2barcode04	montagens_Alouatta_palliata_cytomegalovirus	montagens_CALHV3	0	586	0	586	0.0		0.0
Lib2barcode04	montagens_Alouatta_palliata_cytomegalovirus	montagens_Cebus_albifrons_lymphocryptovirus_1	0	0	0	0			
Lib2barcode04	montagens_Alouatta_palliata_cytomegalovirus	montagens_consenso_H1	0	0	0	0			
Lib2barcode04	montagens_CALHV3	montagens_Cebus_albifrons_lymphocryptovirus_1	586	0	0	586	0.0	0.0	
Lib2barcode04	montagens_CALHV3	montagens_consenso_H1	586	0	0	586	0.0	0.0	
Lib2barcode04	montagens_Cebus_albifrons_lymphocryptovirus_1	montagens_consenso_H1	0	0	0	0			
Lib2barcode05	montagem_LIB_3_HSV6	montagem_LIB_3_HSV7	0	0	0	0			
Lib2barcode05	montagem_LIB_3_HSV6	montagens_Alouatta_macconnelli_cytomegalovirus	0	0	0	0			
Lib2barcode05	montagem_LIB_3_HSV6	montagens_Alouatta_palliata_cytomegalovirus	0	0	0	0			
Lib2barcode05	montagem_LIB_3_HSV6	montagens_CALHV3	0	0	0	0			
Lib2barcode05	montagem_LIB_3_HSV6	montagens_Cebus_albifrons_lymphocryptovirus_1	0	0	0	0			
Lib2barcode05	montagem_LIB_3_HSV6	montagens_consenso_H1	0	0	0	0			
Lib2barcode05	montagem_LIB_3_HSV7	montagens_Alouatta_macconnelli_cytomegalovirus	0	0	0	0			
Lib2barcode05	montagem_LIB_3_HSV7	montagens_Alouatta_palliata_cytomegalovirus	0	0	0	0			
Lib2barcode05	montagem_LIB_3_HSV7	montagens_CALHV3	0	0	0	0			
Lib2barcode05	montagem_LIB_3_HSV7	montagens_Cebus_albifrons_lymphocryptovirus_1	0	0	0	0			
Lib2barcode05	montagem_LIB_3_HSV7	montagens_consenso_H1	0	0	0	0			
Lib2barcode05	montagens_Alouatta_macconnelli_cytomegalovirus	montagens_Alouatta_palliata_cytomegalovirus	0	0	0	0			
Lib2barcode05	montagens_Alouatta_macconnelli_cytomegalovirus	montagens_CALHV3	0	0	0	0			
Lib2barcode05	montagens_Alouatta_macconnelli_cytomegalovirus	montagens_Cebus_albifrons_lymphocryptovirus_1	0	0	0	0			
Lib2barcode05	montagens_Alouatta_macconnelli_cytomegalovirus	montagens_consenso_H1	0	0	0	0			
Lib2barcode05	montagens_Alouatta_palliata_cytomegalovirus	montagens_CALHV3	0	0	0	0			
Lib2barcode05	montagens_Alouatta_palliata_cytomegalovirus	montagens_Cebus_albifrons_lymphocryptovirus_1	0	0	0	0			
Lib2barcode05	montagens_Alouatta_palliata_cytomegalovirus	montagens_consenso_H1	0	0	0	0			
Lib2barcode05	montagens_CALHV3	montagens_Cebus_albifrons_lymphocryptovirus_1	0	0	0	0			
Lib2barcode05	montagens_CALHV3	montagens_consenso_H1	0	0	0	0			
Lib2barcode05	montagens_Cebus_albifrons_lymphocryptovirus_1	montagens_consenso_H1	0	0	0	0			
Lib2barcode06	montagem_LIB_3_HSV6	montagem_LIB_3_HSV7	0	0	0	0			
Lib2barcode06	montagem_LIB_3_HSV6	montagens_Alouatta_macconnelli_cytomegalovirus	0	0	0	0			
Lib2barcode06	montagem_LIB_3_HSV6	montagens_Alouatta_palliata_cytomegalovirus	0	0	0	0			
Lib2barcode06	montagem_LIB_3_HSV6	montagens_CALHV3	0	707	0	707	0.0		0.0
Lib2barcode06	montagem_LIB_3_HSV6	montagens_Cebus_albifrons_lymphocryptovirus_1	0	0	0	0			
Lib2barcode06	montagem_LIB_3_HSV6	montagens_consenso_H1	0	0	0	0			
Lib2barcode06	montagem_LIB_3_HSV7	montagens_Alouatta_macconnelli_cytomegalovirus	0	0	0	0			
Lib2barcode06	montagem_LIB_3_HSV7	montagens_Alouatta_palliata_cytomegalovirus	0	0	0	0			
Lib2barcode06	montagem_LIB_3_HSV7	montagens_CALHV3	0	707	0	707	0.0		0.0
Lib2barcode06	montagem_LIB_3_HSV7	montagens_Cebus_albifrons_lymphocryptovirus_1	0	0	0	0			
Lib2barcode06	montagem_LIB_3_HSV7	montagens_consenso_H1	0	0	0	0			
Lib2barcode06	montagens_Alouatta_macconnelli_cytomegalovirus	montagens_Alouatta_palliata_cytomegalovirus	0	0	0	0			
Lib2barcode06	montagens_Alouatta_macconnelli_cytomegalovirus	montagens_CALHV3	0	707	0	707	0.0		0.0
Lib2barcode06	montagens_Alouatta_macconnelli_cytomegalovirus	montagens_Cebus_albifrons_lymphocryptovirus_1	0	0	0	0			
Lib2barcode06	montagens_Alouatta_macconnelli_cytomegalovirus	montagens_consenso_H1	0	0	0	0			
Lib2barcode06	montagens_Alouatta_palliata_cytomegalovirus	montagens_CALHV3	0	707	0	707	0.0		0.0
Lib2barcode06	montagens_Alouatta_palliata_cytomegalovirus	montagens_Cebus_albifrons_lymphocryptovirus_1	0	0	0	0			
Lib2barcode06	montagens_Alouatta_palliata_cytomegalovirus	montagens_consenso_H1	0	0	0	0			
Lib2barcode06	montagens_CALHV3	montagens_Cebus_albifrons_lymphocryptovirus_1	707	0	0	707	0.0	0.0	
Lib2barcode06	montagens_CALHV3	montagens_consenso_H1	707	0	0	707	0.0	0.0	
Lib2barcode06	montagens_Cebus_albifrons_lymphocryptovirus_1	montagens_consenso_H1	0	0	0	0			
Lib2barcode07	montagem_LIB_3_HSV6	montagem_LIB_3_HSV7	0	0	0	0			
Lib2barcode07	montagem_LIB_3_HSV6	montagens_Alouatta_macconnelli_cytomegalovirus	0	0	0	0			
Lib2barcode07	montagem_LIB_3_HSV6	montagens_Alouatta_palliata_cytomegalovirus	0	0	0	0			
Lib2barcode07	montagem_LIB_3_HSV6	montagens_CALHV3	0	358	0	358	0.0		0.0
Lib2barcode07	montagem_LIB_3_HSV6	montagens_Cebus_albifrons_lymphocryptovirus_1	0	0	0	0			
Lib2barcode07	montagem_LIB_3_HSV6	montagens_consenso_H1	0	0	0	0			
Lib2barcode07	montagem_LIB_3_HSV7	montagens_Alouatta_macconnelli_cytomegalovirus	0	0	0	0			
Lib2barcode07	montagem_LIB_3_HSV7	montagens_Alouatta_palliata_cytomegalovirus	0	0	0	0			
Lib2barcode07	montagem_LIB_3_HSV7	montagens_CALHV3	0	358	0	358	0.0		0.0
Lib2barcode07	montagem_LIB_3_HSV7	montagens_Cebus_albifrons_lymphocryptovirus_1	0	0	0	0			
Lib2barcode07	montagem_LIB_3_HSV7	montagens_consenso_H1	0	0	0	0			
Lib2barcode07	montagens_Alouatta_macconnelli_cytomegalovirus	montagens_Alouatta_palliata_cytomegalovirus	0	0	0	0			
Lib2barcode07	montagens_Alouatta_macconnelli_cytomegalovirus	montagens_CALHV3	0	358	0	358	0.0		0.0
Lib2barcode07	montagens_Alouatta_macconnelli_cytomegalovirus	montagens_Cebus_albifrons_lymphocryptovirus_1	0	0	0	0			
Lib2barcode07	montagens_Alouatta_macconnelli_cytomegalovirus	montagens_consenso_H1	0	0	0	0			
Lib2barcode07	montagens_Alouatta_palliata_cytomegalovirus	montagens_CALHV3	0	358	0	358	0.0		0.0
Lib2barcode07	montagens_Alouatta_palliata_cytomegalovirus	montagens_Cebus_albifrons_lymphocryptovirus_1	0	0	0	0			
Lib2barcode07	montagens_Alouatta_palliata_cytomegalovirus	montagens_consenso_H1	0	0	0	0			
Lib2barcode07	montagens_CALHV3	montagens_Cebus_albifrons_lymphocryptovirus_1	358	0	0	358	0.0	0.0	
Lib2barcode07	montagens_CALHV3	montagens_consenso_H1	358	0	0	358	0.0	0.0	
Lib2barcode07	montagens_Cebus_albifrons_lymphocryptovirus_1	montagens_consenso_H1	0	0	0	0			
Lib2barcode08	montagem_LIB_3_HSV6	montagem_LIB_3_HSV7	0	0	0	0			
Lib2barcode08	montagem_LIB_3_HSV6	montagens_Alouatta_macconnelli_cytomegalovirus	0	0	0	0			
Lib2barcode08	montagem_LIB_3_HSV6	montagens_Alouatta_palliata_cytomegalovirus	0	0	0	0			
Lib2barcode08	montagem_LIB_3_HSV6	montagens_CALHV3	0	0	0	0			
Lib2barcode08	montagem_LIB_3_HSV6	montagens_Cebus_albifrons_lymphocryptovirus_1	0	0	0	0			
Lib2barcode08	montagem_LIB_3_HSV6	montagens_consenso_H1	0	0	0	0			
Lib2barcode08	montagem_LIB_3_HSV7	montagens_Alouatta_macconnelli_cytomegalovirus	0	0	0	0			
Lib2barcode08	montagem_LIB_3_HSV7	montagens_Alouatta_palliata_cytomegalovirus	0	0	0	0			
Lib2barcode08	montagem_LIB_3_HSV7	montagens_CALHV3	0	0	0	0			
Lib2barcode08	montagem_LIB_3_HSV7	montagens_Cebus_albifrons_lymphocryptovirus_1	0	0	0	0			
Lib2barcode08	montagem_LIB_3_HSV7	montagens_consenso_H1	0	0	0	0			
Lib2barcode08	montagens_Alouatta_macconnelli_cytomegalovirus	montagens_Alouatta_palliata_cytomegalovirus	0	0	0	0			
Lib2barcode08	montagens_Alouatta_macconnelli_cytomegalovirus	montagens_CALHV3	0	0	0	0			
Lib2barcode08	montagens_Alouatta_macconnelli_cytomegalovirus	montagens_Cebus_albifrons_lymphocryptovirus_1	0	0	0	0			
Lib2barcode08	montagens_Alouatta_macconnelli_cytomegalovirus	montagens_consenso_H1	0	0	0	0			
Lib2barcode08	montagens_Alouatta_palliata_cytomegalovirus	montagens_CALHV3	0	0	0	0			
Lib2barcode08	montagens_Alouatta_palliata_cytomegalovirus	montagens_Cebus_albifrons_lymphocryptovirus_1	0	0	0	0			
Lib2barcode08	montagens_Alouatta_palliata_cytomegalovirus	montagens_consenso_H1	0	0	0	0			
Lib2barcode08	montagens_CALHV3	montagens_Cebus_albifrons_lymphocryptovirus_1	0	0	0	0			
Lib2barcode08	montagens_CALHV3	montagens_consenso_H1	0	0	0	0			
Lib2barcode08	montagens_Cebus_albifrons_lymphocryptovirus_1	montagens_consenso_H1	0	0	0	0			
Lib2barcode09	montagem_LIB_3_HSV6	montagem_LIB_3_HSV7	0	0	0	0			
Lib2barcode09	montagem_LIB_3_HSV6	montagens_Alouatta_macconnelli_cytomegalovirus	0	0	0	0			
Lib2barcode09	montagem_LIB_3_HSV6	montagens_Alouatta_palliata_cytomegalovirus	0	0	0	0			
Lib2barcode09	montagem_LIB_3_HSV6	montagens_CALHV3	0	458	0	458	0.0		0.0
Lib2barcode09	montagem_LIB_3_HSV6	montagens_Cebus_albifrons_lymphocryptovirus_1	0	0	0	0			
Lib2barcode09	montagem_LIB_3_HSV6	montagens_consenso_H1	0	0	0	0			
Lib2barcode09	montagem_LIB_3_HSV7	montagens_Alouatta_macconnelli_cytomegalovirus	0	0	0	0			
Lib2barcode09	montagem_LIB_3_HSV7	montagens_Alouatta_palliata_cytomegalovirus	0	0	0	0			
Lib2barcode09	montagem_LIB_3_HSV7	montagens_CALHV3	0	458	0	458	0.0		0.0
Lib2barcode09	montagem_LIB_3_HSV7	montagens_Cebus_albifrons_lymphocryptovirus_1	0	0	0	0			
Lib2barcode09	montagem_LIB_3_HSV7	montagens_consenso_H1	0	0	0	0			
Lib2barcode09	montagens_Alouatta_macconnelli_cytomegalovirus	montagens_Alouatta_palliata_cytomegalovirus	0	0	0	0			
Lib2barcode09	montagens_Alouatta_macconnelli_cytomegalovirus	montagens_CALHV3	0	458	0	458	0.0		0.0
Lib2barcode09	montagens_Alouatta_macconnelli_cytomegalovirus	montagens_Cebus_albifrons_lymphocryptovirus_1	0	0	0	0			
Lib2barcode09	montagens_Alouatta_macconnelli_cytomegalovirus	montagens_consenso_H1	0	0	0	0			
Lib2barcode09	montagens_Alouatta_palliata_cytomegalovirus	montagens_CALHV3	0	458	0	458	0.0		0.0
Lib2barcode09	montagens_Alouatta_palliata_cytomegalovirus	montagens_Cebus_albifrons_lymphocryptovirus_1	0	0	0	0			
Lib2barcode09	montagens_Alouatta_palliata_cytomegalovirus	montagens_consenso_H1	0	0	0	0			
Lib2barcode09	montagens_CALHV3	montagens_Cebus_albifrons_lymphocryptovirus_1	458	0	0	458	0.0	0.0	
Lib2barcode09	montagens_CALHV3	montagens_consenso_H1	458	0	0	458	0.0	0.0	
Lib2barcode09	montagens_Cebus_albifrons_lymphocryptovirus_1	montagens_consenso_H1	0	0	0	0			
Lib2barcode10	montagem_LIB_3_HSV6	montagem_LIB_3_HSV7	0	0	0	0			
Lib2barcode10	montagem_LIB_3_HSV6	montagens_Alouatta_macconnelli_cytomegalovirus	0	0	0	0			
Lib2barcode10	montagem_LIB_3_HSV6	montagens_Alouatta_palliata_cytomegalovirus	0	0	0	0			
Lib2barcode10	montagem_LIB_3_HSV6	montagens_CALHV3	0	504	0	504	0.0		0.0
Lib2barcode10	montagem_LIB_3_HSV6	montagens_Cebus_albifrons_lymphocryptovirus_1	0	0	0	0			
Lib2barcode10	montagem_LIB_3_HSV6	montagens_consenso_H1	0	0	0	0			
Lib2barcode10	montagem_LIB_3_HSV7	montagens_Alouatta_macconnelli_cytomegalovirus	0	0	0	0			
Lib2barcode10	montagem_LIB_3_HSV7	montagens_Alouatta_palliata_cytomegalovirus	0	0	0	0			
Lib2barcode10	montagem_LIB_3_HSV7	montagens_CALHV3	0	504	0	504	0.0		0.0
Lib2barcode10	montagem_LIB_3_HSV7	montagens_Cebus_albifrons_lymphocryptovirus_1	0	0	0	0			
Lib2barcode10	montagem_LIB_3_HSV7	montagens_consenso_H1	0	0	0	0			
Lib2barcode10	montagens_Alouatta_macconnelli_cytomegalovirus	montagens_Alouatta_palliata_cytomegalovirus	0	0	0	0			
Lib2barcode10	montagens_Alouatta_macconnelli_cytomegalovirus	montagens_CALHV3	0	504	0	504	0.0		0.0
Lib2barcode10	montagens_Alouatta_macconnelli_cytomegalovirus	montagens_Cebus_albifrons_lymphocryptovirus_1	0	0	0	0			
Lib2barcode10	montagens_Alouatta_macconnelli_cytomegalovirus	montagens_consenso_H1	0	0	0	0			
Lib2barcode10	montagens_Alouatta_palliata_cytomegalovirus	montagens_CALHV3	0	504	0	504	0.0		0.0
Lib2barcode10	montagens_Alouatta_palliata_cytomegalovirus	montagens_Cebus_albifrons_lymphocryptovirus_1	0	0	0	0			
Lib2barcode10	montagens_Alouatta_palliata_cytomegalovirus	montagens_consenso_H1	0	0	0	0			
Lib2barcode10	montagens_CALHV3	montagens_Cebus_albifrons_lymphocryptovirus_1	504	0	0	504	0.0	0.0	
Lib2barcode10	montagens_CALHV3	montagens_consenso_H1	504	0	0	504	0.0	0.0	
Lib2barcode10	montagens_Cebus_albifrons_lymphocryptovirus_1	montagens_consenso_H1	0	0	0	0			
Lib2barcode11	montagem_LIB_3_HSV6	montagem_LIB_3_HSV7	0	0	0	0			
Lib2barcode11	montagem_LIB_3_HSV6	montagens_Alouatta_macconnelli_cytomegalovirus	0	0	0	0			
Lib2barcode11	montagem_LIB_3_HSV6	montagens_Alouatta_palliata_cytomegalovirus	0	0	0	0			
Lib2barcode11	montagem_LIB_3_HSV6	montagens_CALHV3	0	0	0	0			
Lib2barcode11	montagem_LIB_3_HSV6	montagens_Cebus_albifrons_lymphocryptovirus_1	0	0	0	0			
Lib2barcode11	montagem_LIB_3_HSV6	montagens_consenso_H1	0	0	0	0			
Lib2barcode11	montagem_LIB_3_HSV7	montagens_Alouatta_macconnelli_cytomegalovirus	0	0	0	0			
Lib2barcode11	montagem_LIB_3_HSV7	montagens_Alouatta_palliata_cytomegalovirus	0	0	0	0			
Lib2barcode11	montagem_LIB_3_HSV7	montagens_CALHV3	0	0	0	0			
Lib2barcode11	montagem_LIB_3_HSV7	montagens_Cebus_albifrons_lymphocryptovirus_1	0	0	0	0			
Lib2barcode11	montagem_LIB_3_HSV7	montagens_consenso_H1	0	0	0	0			
Lib2barcode11	montagens_Alouatta_macconnelli_cytomegalovirus	montagens_Alouatta_palliata_cytomegalovirus	0	0	0	0			
Lib2barcode11	montagens_Alouatta_macconnelli_cytomegalovirus	montagens_CALHV3	0	0	0	0			
Lib2barcode11	montagens_Alouatta_macconnelli_cytomegalovirus	montagens_Cebus_albifrons_lymphocryptovirus_1	0	0	0	0			
Lib2barcode11	montagens_Alouatta_macconnelli_cytomegalovirus	montagens_consenso_H1	0	0	0	0			
Lib2barcode11	montagens_Alouatta_palliata_cytomegalovirus	montagens_CALHV3	0	0	0	0			
Lib2barcode11	montagens_Alouatta_palliata_cytomegalovirus	montagens_Cebus_albifrons_lymphocryptovirus_1	0	0	0	0			
Lib2barcode11	montagens_Alouatta_palliata_cytomegalovirus	montagens_consenso_H1	0	0	0	0			
Lib2barcode11	montagens_CALHV3	montagens_Cebus_albifrons_lymphocryptovirus_1	0	0	0	0			
Lib2barcode11	montagens_CALHV3	montagens_consenso_H1	0	0	0	0			
Lib2barcode11	montagens_Cebus_albifrons_lymphocryptovirus_1	montagens_consenso_H1	0	0	0	0			
Lib2barcode12	montagem_LIB_3_HSV6	montagem_LIB_3_HSV7	0	0	0	0			
Lib2barcode12	montagem_LIB_3_HSV6	montagens_Alouatta_macconnelli_cytomegalovirus	0	0	0	0			
Lib2barcode12	montagem_LIB_3_HSV6	montagens_Alouatta_palliata_cytomegalovirus	0	0	0	0			
Lib2barcode12	montagem_LIB_3_HSV6	montagens_CALHV3	0	0	0	0			
Lib2barcode12	montagem_LIB_3_HSV6	montagens_Cebus_albifrons_lymphocryptovirus_1	0	0	0	0			
Lib2barcode12	montagem_LIB_3_HSV6	montagens_consenso_H1	0	0	0	0			
Lib2barcode12	montagem_LIB_3_HSV7	montagens_Alouatta_macconnelli_cytomegalovirus	0	0	0	0			
Lib2barcode12	montagem_LIB_3_HSV7	montagens_Alouatta_palliata_cytomegalovirus	0	0	0	0			
Lib2barcode12	montagem_LIB_3_HSV7	montagens_CALHV3	0	0	0	0			
Lib2barcode12	montagem_LIB_3_HSV7	montagens_Cebus_albifrons_lymphocryptovirus_1	0	0	0	0			
Lib2barcode12	montagem_LIB_3_HSV7	montagens_consenso_H1	0	0	0	0			
Lib2barcode12	montagens_Alouatta_macconnelli_cytomegalovirus	montagens_Alouatta_palliata_cytomegalovirus	0	0	0	0			
Lib2barcode12	montagens_Alouatta_macconnelli_cytomegalovirus	montagens_CALHV3	0	0	0	0			
Lib2barcode12	montagens_Alouatta_macconnelli_cytomegalovirus	montagens_Cebus_albifrons_lymphocryptovirus_1	0	0	0	0			
Lib2barcode12	montagens_Alouatta_macconnelli_cytomegalovirus	montagens_consenso_H1	0	0	0	0			
Lib2barcode12	montagens_Alouatta_palliata_cytomegalovirus	montagens_CALHV3	0	0	0	0			
Lib2barcode12	montagens_Alouatta_palliata_cytomegalovirus	montagens_Cebus_albifrons_lymphocryptovirus_1	0	0	0	0			
Lib2barcode12	montagens_Alouatta_palliata_cytomegalovirus	montagens_consenso_H1	0	0	0	0			
Lib2barcode12	montagens_CALHV3	montagens_Cebus_albifrons_lymphocryptovirus_1	0	0	0	0			
Lib2barcode12	montagens_CALHV3	montagens_consenso_H1	0	0	0	0			
Lib2barcode12	montagens_Cebus_albifrons_lymphocryptovirus_1	montagens_consenso_H1	0	0	0	0			
Lib2barcode13	montagem_LIB_3_HSV6	montagem_LIB_3_HSV7	0	0	0	0			
Lib2barcode13	montagem_LIB_3_HSV6	montagens_Alouatta_macconnelli_cytomegalovirus	0	0	0	0			
Lib2barcode13	montagem_LIB_3_HSV6	montagens_Alouatta_palliata_cytomegalovirus	0	0	0	0			
Lib2barcode13	montagem_LIB_3_HSV6	montagens_CALHV3	0	0	0	0			
Lib2barcode13	montagem_LIB_3_HSV6	montagens_Cebus_albifrons_lymphocryptovirus_1	0	0	0	0			
Lib2barcode13	montagem_LIB_3_HSV6	montagens_consenso_H1	0	694	0	694	0.0		0.0
Lib2barcode13	montagem_LIB_3_HSV7	montagens_Alouatta_macconnelli_cytomegalovirus	0	0	0	0			
Lib2barcode13	montagem_LIB_3_HSV7	montagens_Alouatta_palliata_cytomegalovirus	0	0	0	0			
Lib2barcode13	montagem_LIB_3_HSV7	montagens_CALHV3	0	0	0	0			
Lib2barcode13	montagem_LIB_3_HSV7	montagens_Cebus_albifrons_lymphocryptovirus_1	0	0	0	0			
Lib2barcode13	montagem_LIB_3_HSV7	montagens_consenso_H1	0	694	0	694	0.0		0.0
Lib2barcode13	montagens_Alouatta_macconnelli_cytomegalovirus	montagens_Alouatta_palliata_cytomegalovirus	0	0	0	0			
Lib2barcode13	montagens_Alouatta_macconnelli_cytomegalovirus	montagens_CALHV3	0	0	0	0			
Lib2barcode13	montagens_Alouatta_macconnelli_cytomegalovirus	montagens_Cebus_albifrons_lymphocryptovirus_1	0	0	0	0			
Lib2barcode13	montagens_Alouatta_macconnelli_cytomegalovirus	montagens_consenso_H1	0	694	0	694	0.0		0.0
Lib2barcode13	montagens_Alouatta_palliata_cytomegalovirus	montagens_CALHV3	0	0	0	0			
Lib2barcode13	montagens_Alouatta_palliata_cytomegalovirus	montagens_Cebus_albifrons_lymphocryptovirus_1	0	0	0	0			
Lib2barcode13	montagens_Alouatta_palliata_cytomegalovirus	montagens_consenso_H1	0	694	0	694	0.0		0.0
Lib2barcode13	montagens_CALHV3	montagens_Cebus_albifrons_lymphocryptovirus_1	0	0	0	0			
Lib2barcode13	montagens_CALHV3	montagens_consenso_H1	0	694	0	694	0.0		0.0
Lib2barcode13	montagens_Cebus_albifrons_lymphocryptovirus_1	montagens_consenso_H1	0	694	0	694	0.0		0.0
Lib2barcode14	montagem_LIB_3_HSV6	montagem_LIB_3_HSV7	0	0	0	0			
Lib2barcode14	montagem_LIB_3_HSV6	montagens_Alouatta_macconnelli_cytomegalovirus	0	0	0	0			
Lib2barcode14	montagem_LIB_3_HSV6	montagens_Alouatta_palliata_cytomegalovirus	0	0	0	0			
Lib2barcode14	montagem_LIB_3_HSV6	montagens_CALHV3	0	0	0	0			
Lib2barcode14	montagem_LIB_3_HSV6	montagens_Cebus_albifrons_lymphocryptovirus_1	0	0	0	0			
Lib2barcode14	montagem_LIB_3_HSV6	montagens_consenso_H1	0	659	0	659	0.0		0.0
Lib2barcode14	montagem_LIB_3_HSV7	montagens_Alouatta_macconnelli_cytomegalovirus	0	0	0	0			
Lib2barcode14	montagem_LIB_3_HSV7	montagens_Alouatta_palliata_cytomegalovirus	0	0	0	0			
Lib2barcode14	montagem_LIB_3_HSV7	montagens_CALHV3	0	0	0	0			
Lib2barcode14	montagem_LIB_3_HSV7	montagens_Cebus_albifrons_lymphocryptovirus_1	0	0	0	0			
Lib2barcode14	montagem_LIB_3_HSV7	montagens_consenso_H1	0	659	0	659	0.0		0.0
Lib2barcode14	montagens_Alouatta_macconnelli_cytomegalovirus	montagens_Alouatta_palliata_cytomegalovirus	0	0	0	0			
Lib2barcode14	montagens_Alouatta_macconnelli_cytomegalovirus	montagens_CALHV3	0	0	0	0			
Lib2barcode14	montagens_Alouatta_macconnelli_cytomegalovirus	montagens_Cebus_albifrons_lymphocryptovirus_1	0	0	0	0			
Lib2barcode14	montagens_Alouatta_macconnelli_cytomegalovirus	montagens_consenso_H1	0	659	0	659	0.0		0.0
Lib2barcode14	montagens_Alouatta_palliata_cytomegalovirus	montagens_CALHV3	0	0	0	0			
Lib2barcode14	montagens_Alouatta_palliata_cytomegalovirus	montagens_Cebus_albifrons_lymphocryptovirus_1	0	0	0	0			
Lib2barcode14	montagens_Alouatta_palliata_cytomegalovirus	montagens_consenso_H1	0	659	0	659	0.0		0.0
Lib2barcode14	montagens_CALHV3	montagens_Cebus_albifrons_lymphocryptovirus_1	0	0	0	0			
Lib2barcode14	montagens_CALHV3	montagens_consenso_H1	0	659	0	659	0.0		0.0
Lib2barcode14	montagens_Cebus_albifrons_lymphocryptovirus_1	montagens_consenso_H1	0	659	0	659	0.0		0.0
Lib2barcode15	montagem_LIB_3_HSV6	montagem_LIB_3_HSV7	1	0	0	1	0.0	0.0	
Lib2barcode15	montagem_LIB_3_HSV6	montagens_Alouatta_macconnelli_cytomegalovirus	1	0	0	1	0.0	0.0	
Lib2barcode15	montagem_LIB_3_HSV6	montagens_Alouatta_palliata_cytomegalovirus	1	0	0	1	0.0	0.0	
Lib2barcode15	montagem_LIB_3_HSV6	montagens_CALHV3	1	0	0	1	0.0	0.0	
Lib2barcode15	montagem_LIB_3_HSV6	montagens_Cebus_albifrons_lymphocryptovirus_1	1	0	0	1	0.0	0.0	
Lib2barcode15	montagem_LIB_3_HSV6	montagens_consenso_H1	1	422	0	423	0.0	0.0	0.0
Lib2barcode15	montagem_LIB_3_HSV7	montagens_Alouatta_macconnelli_cytomegalovirus	0	0	0	0			
Lib2barcode15	montagem_LIB_3_HSV7	montagens_Alouatta_palliata_cytomegalovirus	0	0	0	0			
Lib2barcode15	montagem_LIB_3_HSV7	montagens_CALHV3	0	0	0	0			
Lib2barcode15	montagem_LIB_3_HSV7	montagens_Cebus_albifrons_lymphocryptovirus_1	0	0	0	0			
Lib2barcode15	montagem_LIB_3_HSV7	montagens_consenso_H1	0	422	0	422	0.0		0.0
Lib2barcode15	montagens_Alouatta_macconnelli_cytomegalovirus	montagens_Alouatta_palliata_cytomegalovirus	0	0	0	0			
Lib2barcode15	montagens_Alouatta_macconnelli_cytomegalovirus	montagens_CALHV3	0	0	0	0			
Lib2barcode15	montagens_Alouatta_macconnelli_cytomegalovirus	montagens_Cebus_albifrons_lymphocryptovirus_1	0	0	0	0			
Lib2barcode15	montagens_Alouatta_macconnelli_cytomegalovirus	montagens_consenso_H1	0	422	0	422	0.0		0.0
Lib2barcode15	montagens_Alouatta_palliata_cytomegalovirus	montagens_CALHV3	0	0	0	0			
Lib2barcode15	montagens_Alouatta_palliata_cytomegalovirus	montagens_Cebus_albifrons_lymphocryptovirus_1	0	0	0	0			
Lib2barcode15	montagens_Alouatta_palliata_cytomegalovirus	montagens_consenso_H1	0	422	0	422	0.0		0.0
Lib2barcode15	montagens_CALHV3	montagens_Cebus_albifrons_lymphocryptovirus_1	0	0	0	0			
Lib2barcode15	montagens_CALHV3	montagens_consenso_H1	0	422	0	422	0.0		0.0
Lib2barcode15	montagens_Cebus_albifrons_lymphocryptovirus_1	montagens_consenso_H1	0	422	0	422	0.0		0.0
Lib2barcode16	montagem_LIB_3_HSV6	montagem_LIB_3_HSV7	0	0	0	0			
Lib2barcode16	montagem_LIB_3_HSV6	montagens_Alouatta_macconnelli_cytomegalovirus	0	0	0	0			
Lib2barcode16	montagem_LIB_3_HSV6	montagens_Alouatta_palliata_cytomegalovirus	0	0	0	0			
Lib2barcode16	montagem_LIB_3_HSV6	montagens_CALHV3	0	0	0	0			
Lib2barcode16	montagem_LIB_3_HSV6	montagens_Cebus_albifrons_lymphocryptovirus_1	0	0	0	0			
Lib2barcode16	montagem_LIB_3_HSV6	montagens_consenso_H1	0	0	0	0			
Lib2barcode16	montagem_LIB_3_HSV7	montagens_Alouatta_macconnelli_cytomegalovirus	0	0	0	0			
Lib2barcode16	montagem_LIB_3_HSV7	montagens_Alouatta_palliata_cytomegalovirus	0	0	0	0			
Lib2barcode16	montagem_LIB_3_HSV7	montagens_CALHV3	0	0	0	0			
Lib2barcode16	montagem_LIB_3_HSV7	montagens_Cebus_albifrons_lymphocryptovirus_1	0	0	0	0			
Lib2barcode16	montagem_LIB_3_HSV7	montagens_consenso_H1	0	0	0	0			
Lib2barcode16	montagens_Alouatta_macconnelli_cytomegalovirus	montagens_Alouatta_palliata_cytomegalovirus	0	0	0	0			
Lib2barcode16	montagens_Alouatta_macconnelli_cytomegalovirus	montagens_CALHV3	0	0	0	0			
Lib2barcode16	montagens_Alouatta_macconnelli_cytomegalovirus	montagens_Cebus_albifrons_lymphocryptovirus_1	0	0	0	0			
Lib2barcode16	montagens_Alouatta_macconnelli_cytomegalovirus	montagens_consenso_H1	0	0	0	0			
Lib2barcode16	montagens_Alouatta_palliata_cytomegalovirus	montagens_CALHV3	0	0	0	0			
Lib2barcode16	montagens_Alouatta_palliata_cytomegalovirus	montagens_Cebus_albifrons_lymphocryptovirus_1	0	0	0	0			
Lib2barcode16	montagens_Alouatta_palliata_cytomegalovirus	montagens_consenso_H1	0	0	0	0			
Lib2barcode16	montagens_CALHV3	montagens_Cebus_albifrons_lymphocryptovirus_1	0	0	0	0			
Lib2barcode16	montagens_CALHV3	montagens_consenso_H1	0	0	0	0			
Lib2barcode16	montagens_Cebus_albifrons_lymphocryptovirus_1	montagens_consenso_H1	0	0	0	0			
Lib2barcode17	montagem_LIB_3_HSV6	montagem_LIB_3_HSV7	0	0	0	0			
Lib2barcode17	montagem_LIB_3_HSV6	montagens_Alouatta_macconnelli_cytomegalovirus	0	0	0	0			
Lib2barcode17	montagem_LIB_3_HSV6	montagens_Alouatta_palliata_cytomegalovirus	0	0	0	0			
Lib2barcode17	montagem_LIB_3_HSV6	montagens_CALHV3	0	478	0	478	0.0		0.0
Lib2barcode17	montagem_LIB_3_HSV6	montagens_Cebus_albifrons_lymphocryptovirus_1	0	0	0	0			
Lib2barcode17	montagem_LIB_3_HSV6	montagens_consenso_H1	0	0	0	0			
Lib2barcode17	montagem_LIB_3_HSV7	montagens_Alouatta_macconnelli_cytomegalovirus	0	0	0	0			
Lib2barcode17	montagem_LIB_3_HSV7	montagens_Alouatta_palliata_cytomegalovirus	0	0	0	0			
Lib2barcode17	montagem_LIB_3_HSV7	montagens_CALHV3	0	478	0	478	0.0		0.0
Lib2barcode17	montagem_LIB_3_HSV7	montagens_Cebus_albifrons_lymphocryptovirus_1	0	0	0	0			
Lib2barcode17	montagem_LIB_3_HSV7	montagens_consenso_H1	0	0	0	0			
Lib2barcode17	montagens_Alouatta_macconnelli_cytomegalovirus	montagens_Alouatta_palliata_cytomegalovirus	0	0	0	0			
Lib2barcode17	montagens_Alouatta_macconnelli_cytomegalovirus	montagens_CALHV3	0	478	0	478	0.0		0.0
Lib2barcode17	montagens_Alouatta_macconnelli_cytomegalovirus	montagens_Cebus_albifrons_lymphocryptovirus_1	0	0	0	0			
Lib2barcode17	montagens_Alouatta_macconnelli_cytomegalovirus	montagens_consenso_H1	0	0	0	0			
Lib2barcode17	montagens_Alouatta_palliata_cytomegalovirus	montagens_CALHV3	0	478	0	478	0.0		0.0
Lib2barcode17	montagens_Alouatta_palliata_cytomegalovirus	montagens_Cebus_albifrons_lymphocryptovirus_1	0	0	0	0			
Lib2barcode17	montagens_Alouatta_palliata_cytomegalovirus	montagens_consenso_H1	0	0	0	0			
Lib2barcode17	montagens_CALHV3	montagens_Cebus_albifrons_lymphocryptovirus_1	478	0	0	478	0.0	0.0	
Lib2barcode17	montagens_CALHV3	montagens_consenso_H1	478	0	0	478	0.0	0.0	
Lib2barcode17	montagens_Cebus_albifrons_lymphocryptovirus_1	montagens_consenso_H1	0	0	0	0			
Lib2barcode18	montagem_LIB_3_HSV6	montagem_LIB_3_HSV7	0	0	0	0			
Lib2barcode18	montagem_LIB_3_HSV6	montagens_Alouatta_macconnelli_cytomegalovirus	0	0	0	0			
Lib2barcode18	montagem_LIB_3_HSV6	montagens_Alouatta_palliata_cytomegalovirus	0	0	0	0			
Lib2barcode18	montagem_LIB_3_HSV6	montagens_CALHV3	0	329	0	329	0.0		0.0
Lib2barcode18	montagem_LIB_3_HSV6	montagens_Cebus_albifrons_lymphocryptovirus_1	0	0	0	0			
Lib2barcode18	montagem_LIB_3_HSV6	montagens_consenso_H1	0	0	0	0			
Lib2barcode18	montagem_LIB_3_HSV7	montagens_Alouatta_macconnelli_cytomegalovirus	0	0	0	0			
Lib2barcode18	montagem_LIB_3_HSV7	montagens_Alouatta_palliata_cytomegalovirus	0	0	0	0			
Lib2barcode18	montagem_LIB_3_HSV7	montagens_CALHV3	0	329	0	329	0.0		0.0
Lib2barcode18	montagem_LIB_3_HSV7	montagens_Cebus_albifrons_lymphocryptovirus_1	0	0	0	0			
Lib2barcode18	montagem_LIB_3_HSV7	montagens_consenso_H1	0	0	0	0			
Lib2barcode18	montagens_Alouatta_macconnelli_cytomegalovirus	montagens_Alouatta_palliata_cytomegalovirus	0	0	0	0			
Lib2barcode18	montagens_Alouatta_macconnelli_cytomegalovirus	montagens_CALHV3	0	329	0	329	0.0		0.0
Lib2barcode18	montagens_Alouatta_macconnelli_cytomegalovirus	montagens_Cebus_albifrons_lymphocryptovirus_1	0	0	0	0			
Lib2barcode18	montagens_Alouatta_macconnelli_cytomegalovirus	montagens_consenso_H1	0	0	0	0			
Lib2barcode18	montagens_Alouatta_palliata_cytomegalovirus	montagens_CALHV3	0	329	0	329	0.0		0.0
Lib2barcode18	montagens_Alouatta_palliata_cytomegalovirus	montagens_Cebus_albifrons_lymphocryptovirus_1	0	0	0	0			
Lib2barcode18	montagens_Alouatta_palliata_cytomegalovirus	montagens_consenso_H1	0	0	0	0			
Lib2barcode18	montagens_CALHV3	montagens_Cebus_albifrons_lymphocryptovirus_1	329	0	0	329	0.0	0.0	
Lib2barcode18	montagens_CALHV3	montagens_consenso_H1	329	0	0	329	0.0	0.0	
Lib2barcode18	montagens_Cebus_albifrons_lymphocryptovirus_1	montagens_consenso_H1	0	0	0	0			
Lib2barcode19	montagem_LIB_3_HSV6	montagem_LIB_3_HSV7	0	0	0	0			
Lib2barcode19	montagem_LIB_3_HSV6	montagens_Alouatta_macconnelli_cytomegalovirus	0	0	0	0			
Lib2barcode19	montagem_LIB_3_HSV6	montagens_Alouatta_palliata_cytomegalovirus	0	0	0	0			
Lib2barcode19	montagem_LIB_3_HSV6	montagens_CALHV3	0	289	0	289	0.0		0.0
Lib2barcode19	montagem_LIB_3_HSV6	montagens_Cebus_albifrons_lymphocryptovirus_1	0	0	0	0			
Lib2barcode19	montagem_LIB_3_HSV6	montagens_consenso_H1	0	0	0	0			
Lib2barcode19	montagem_LIB_3_HSV7	montagens_Alouatta_macconnelli_cytomegalovirus	0	0	0	0			
Lib2barcode19	montagem_LIB_3_HSV7	montagens_Alouatta_palliata_cytomegalovirus	0	0	0	0			
Lib2barcode19	montagem_LIB_3_HSV7	montagens_CALHV3	0	289	0	289	0.0		0.0
Lib2barcode19	montagem_LIB_3_HSV7	montagens_Cebus_albifrons_lymphocryptovirus_1	0	0	0	0			
Lib2barcode19	montagem_LIB_3_HSV7	montagens_consenso_H1	0	0	0	0			
Lib2barcode19	montagens_Alouatta_macconnelli_cytomegalovirus	montagens_Alouatta_palliata_cytomegalovirus	0	0	0	0			
Lib2barcode19	montagens_Alouatta_macconnelli_cytomegalovirus	montagens_CALHV3	0	289	0	289	0.0		0.0
Lib2barcode19	montagens_Alouatta_macconnelli_cytomegalovirus	montagens_Cebus_albifrons_lymphocryptovirus_1	0	0	0	0			
Lib2barcode19	montagens_Alouatta_macconnelli_cytomegalovirus	montagens_consenso_H1	0	0	0	0			
Lib2barcode19	montagens_Alouatta_palliata_cytomegalovirus	montagens_CALHV3	0	289	0	289	0.0		0.0
Lib2barcode19	montagens_Alouatta_palliata_cytomegalovirus	montagens_Cebus_albifrons_lymphocryptovirus_1	0	0	0	0			
Lib2barcode19	montagens_Alouatta_palliata_cytomegalovirus	montagens_consenso_H1	0	0	0	0			
Lib2barcode19	montagens_CALHV3	montagens_Cebus_albifrons_lymphocryptovirus_1	289	0	0	289	0.0	0.0	
Lib2barcode19	montagens_CALHV3	montagens_consenso_H1	289	0	0	289	0.0	0.0	
Lib2barcode19	montagens_Cebus_albifrons_lymphocryptovirus_1	montagens_consenso_H1	0	0	0	0			
Lib2barcode20	montagem_LIB_3_HSV6	montagem_LIB_3_HSV7	0	0	0	0			
Lib2barcode20	montagem_LIB_3_HSV6	montagens_Alouatta_macconnelli_cytomegalovirus	0	0	0	0			
Lib2barcode20	montagem_LIB_3_HSV6	montagens_Alouatta_palliata_cytomegalovirus	0	0	0	0			
Lib2barcode20	montagem_LIB_3_HSV6	montagens_CALHV3	0	158	0	158	0.0		0.0
Lib2barcode20	montagem_LIB_3_HSV6	montagens_Cebus_albifrons_lymphocryptovirus_1	0	0	0	0			
Lib2barcode20	montagem_LIB_3_HSV6	montagens_consenso_H1	0	0	0	0			
Lib2barcode20	montagem_LIB_3_HSV7	montagens_Alouatta_macconnelli_cytomegalovirus	0	0	0	0			
Lib2barcode20	montagem_LIB_3_HSV7	montagens_Alouatta_palliata_cytomegalovirus	0	0	0	0			
Lib2barcode20	montagem_LIB_3_HSV7	montagens_CALHV3	0	158	0	158	0.0		0.0
Lib2barcode20	montagem_LIB_3_HSV7	montagens_Cebus_albifrons_lymphocryptovirus_1	0	0	0	0			
Lib2barcode20	montagem_LIB_3_HSV7	montagens_consenso_H1	0	0	0	0			
Lib2barcode20	montagens_Alouatta_macconnelli_cytomegalovirus	montagens_Alouatta_palliata_cytomegalovirus	0	0	0	0			
Lib2barcode20	montagens_Alouatta_macconnelli_cytomegalovirus	montagens_CALHV3	0	158	0	158	0.0		0.0
Lib2barcode20	montagens_Alouatta_macconnelli_cytomegalovirus	montagens_Cebus_albifrons_lymphocryptovirus_1	0	0	0	0			
Lib2barcode20	montagens_Alouatta_macconnelli_cytomegalovirus	montagens_consenso_H1	0	0	0	0			
Lib2barcode20	montagens_Alouatta_palliata_cytomegalovirus	montagens_CALHV3	0	158	0	158	0.0		0.0
Lib2barcode20	montagens_Alouatta_palliata_cytomegalovirus	montagens_Cebus_albifrons_lymphocryptovirus_1	0	0	0	0			
Lib2barcode20	montagens_Alouatta_palliata_cytomegalovirus	montagens_consenso_H1	0	0	0	0			
Lib2barcode20	montagens_CALHV3	montagens_Cebus_albifrons_lymphocryptovirus_1	158	0	0	158	0.0	0.0	
Lib2barcode20	montagens_CALHV3	montagens_consenso_H1	158	0	0	158	0.0	0.0	
Lib2barcode20	montagens_Cebus_albifrons_lymphocryptovirus_1	montagens_consenso_H1	0	0	0	0			
Lib2barcode21	montagem_LIB_3_HSV6	montagem_LIB_3_HSV7	0	0	0	0			
Lib2barcode21	montagem_LIB_3_HSV6	montagens_Alouatta_macconnelli_cytomegalovirus	0	0	0	0			
Lib2barcode21	montagem_LIB_3_HSV6	montagens_Alouatta_palliata_cytomegalovirus	0	0	0	0			
Lib2barcode21	montagem_LIB_3_HSV6	montagens_CALHV3	0	453	0	453	0.0		0.0
Lib2barcode21	montagem_LIB_3_HSV6	montagens_Cebus_albifrons_lymphocryptovirus_1	0	0	0	0			
Lib2barcode21	montagem_LIB_3_HSV6	montagens_consenso_H1	0	0	0	0			
Lib2barcode21	montagem_LIB_3_HSV7	montagens_Alouatta_macconnelli_cytomegalovirus	0	0	0	0			
Lib2barcode21	montagem_LIB_3_HSV7	montagens_Alouatta_palliata_cytomegalovirus	0	0	0	0			
Lib2barcode21	montagem_LIB_3_HSV7	montagens_CALHV3	0	453	0	453	0.0		0.0
Lib2barcode21	montagem_LIB_3_HSV7	montagens_Cebus_albifrons_lymphocryptovirus_1	0	0	0	0			
Lib2barcode21	montagem_LIB_3_HSV7	montagens_consenso_H1	0	0	0	0			
Lib2barcode21	montagens_Alouatta_macconnelli_cytomegalovirus	montagens_Alouatta_palliata_cytomegalovirus	0	0	0	0			
Lib2barcode21	montagens_Alouatta_macconnelli_cytomegalovirus	montagens_CALHV3	0	453	0	453	0.0		0.0
Lib2barcode21	montagens_Alouatta_macconnelli_cytomegalovirus	montagens_Cebus_albifrons_lymphocryptovirus_1	0	0	0	0			
Lib2barcode21	montagens_Alouatta_macconnelli_cytomegalovirus	montagens_consenso_H1	0	0	0	0			
Lib2barcode21	montagens_Alouatta_palliata_cytomegalovirus	montagens_CALHV3	0	453	0	453	0.0		0.0
Lib2barcode21	montagens_Alouatta_palliata_cytomegalovirus	montagens_Cebus_albifrons_lymphocryptovirus_1	0	0	0	0			
Lib2barcode21	montagens_Alouatta_palliata_cytomegalovirus	montagens_consenso_H1	0	0	0	0			
Lib2barcode21	montagens_CALHV3	montagens_Cebus_albifrons_lymphocryptovirus_1	453	0	0	453	0.0	0.0	
Lib2barcode21	montagens_CALHV3	montagens_consenso_H1	453	0	0	453	0.0	0.0	
Lib2barcode21	montagens_Cebus_albifrons_lymphocryptovirus_1	montagens_consenso_H1	0	0	0	0			
Lib2barcode22	montagem_LIB_3_HSV6	montagem_LIB_3_HSV7	0	0	0	0			
Lib2barcode22	montagem_LIB_3_HSV6	montagens_Alouatta_macconnelli_cytomegalovirus	0	0	0	0			
Lib2barcode22	montagem_LIB_3_HSV6	montagens_Alouatta_palliata_cytomegalovirus	0	0	0	0			
Lib2barcode22	montagem_LIB_3_HSV6	montagens_CALHV3	0	371	0	371	0.0		0.0
Lib2barcode22	montagem_LIB_3_HSV6	montagens_Cebus_albifrons_lymphocryptovirus_1	0	0	0	0			
Lib2barcode22	montagem_LIB_3_HSV6	montagens_consenso_H1	0	0	0	0			
Lib2barcode22	montagem_LIB_3_HSV7	montagens_Alouatta_macconnelli_cytomegalovirus	0	0	0	0			
Lib2barcode22	montagem_LIB_3_HSV7	montagens_Alouatta_palliata_cytomegalovirus	0	0	0	0			
Lib2barcode22	montagem_LIB_3_HSV7	montagens_CALHV3	0	371	0	371	0.0		0.0
Lib2barcode22	montagem_LIB_3_HSV7	montagens_Cebus_albifrons_lymphocryptovirus_1	0	0	0	0			
Lib2barcode22	montagem_LIB_3_HSV7	montagens_consenso_H1	0	0	0	0			
Lib2barcode22	montagens_Alouatta_macconnelli_cytomegalovirus	montagens_Alouatta_palliata_cytomegalovirus	0	0	0	0			
Lib2barcode22	montagens_Alouatta_macconnelli_cytomegalovirus	montagens_CALHV3	0	371	0	371	0.0		0.0
Lib2barcode22	montagens_Alouatta_macconnelli_cytomegalovirus	montagens_Cebus_albifrons_lymphocryptovirus_1	0	0	0	0			
Lib2barcode22	montagens_Alouatta_macconnelli_cytomegalovirus	montagens_consenso_H1	0	0	0	0			
Lib2barcode22	montagens_Alouatta_palliata_cytomegalovirus	montagens_CALHV3	0	371	0	371	0.0		0.0
Lib2barcode22	montagens_Alouatta_palliata_cytomegalovirus	montagens_Cebus_albifrons_lymphocryptovirus_1	0	0	0	0			
Lib2barcode22	montagens_Alouatta_palliata_cytomegalovirus	montagens_consenso_H1	0	0	0	0			
Lib2barcode22	montagens_CALHV3	montagens_Cebus_albifrons_lymphocryptovirus_1	371	0	0	371	0.0	0.0	
Lib2barcode22	montagens_CALHV3	montagens_consenso_H1	371	0	0	371	0.0	0.0	
Lib2barcode22	montagens_Cebus_albifrons_lymphocryptovirus_1	montagens_consenso_H1	0	0	0	0			
Lib2barcode23	montagem_LIB_3_HSV6	montagem_LIB_3_HSV7	0	0	0	0			
Lib2barcode23	montagem_LIB_3_HSV6	montagens_Alouatta_macconnelli_cytomegalovirus	0	0	0	0			
Lib2barcode23	montagem_LIB_3_HSV6	montagens_Alouatta_palliata_cytomegalovirus	0	0	0	0			
Lib2barcode23	montagem_LIB_3_HSV6	montagens_CALHV3	0	311	0	311	0.0		0.0
Lib2barcode23	montagem_LIB_3_HSV6	montagens_Cebus_albifrons_lymphocryptovirus_1	0	0	0	0			
Lib2barcode23	montagem_LIB_3_HSV6	montagens_consenso_H1	0	0	0	0			
Lib2barcode23	montagem_LIB_3_HSV7	montagens_Alouatta_macconnelli_cytomegalovirus	0	0	0	0			
Lib2barcode23	montagem_LIB_3_HSV7	montagens_Alouatta_palliata_cytomegalovirus	0	0	0	0			
Lib2barcode23	montagem_LIB_3_HSV7	montagens_CALHV3	0	311	0	311	0.0		0.0
Lib2barcode23	montagem_LIB_3_HSV7	montagens_Cebus_albifrons_lymphocryptovirus_1	0	0	0	0			
Lib2barcode23	montagem_LIB_3_HSV7	montagens_consenso_H1	0	0	0	0			
Lib2barcode23	montagens_Alouatta_macconnelli_cytomegalovirus	montagens_Alouatta_palliata_cytomegalovirus	0	0	0	0			
Lib2barcode23	montagens_Alouatta_macconnelli_cytomegalovirus	montagens_CALHV3	0	311	0	311	0.0		0.0
Lib2barcode23	montagens_Alouatta_macconnelli_cytomegalovirus	montagens_Cebus_albifrons_lymphocryptovirus_1	0	0	0	0			
Lib2barcode23	montagens_Alouatta_macconnelli_cytomegalovirus	montagens_consenso_H1	0	0	0	0			
Lib2barcode23	montagens_Alouatta_palliata_cytomegalovirus	montagens_CALHV3	0	311	0	311	0.0		0.0
Lib2barcode23	montagens_Alouatta_palliata_cytomegalovirus	montagens_Cebus_albifrons_lymphocryptovirus_1	0	0	0	0			
Lib2barcode23	montagens_Alouatta_palliata_cytomegalovirus	montagens_consenso_H1	0	0	0	0			
Lib2barcode23	montagens_CALHV3	montagens_Cebus_albifrons_lymphocryptovirus_1	311	0	0	311	0.0	0.0	
Lib2barcode23	montagens_CALHV3	montagens_consenso_H1	311	0	0	311	0.0	0.0	
Lib2barcode23	montagens_Cebus_albifrons_lymphocryptovirus_1	montagens_consenso_H1	0	0	0	0			
Lib2barcode24	montagem_LIB_3_HSV6	montagem_LIB_3_HSV7	0	0	0	0			
Lib2barcode24	montagem_LIB_3_HSV6	montagens_Alouatta_macconnelli_cytomegalovirus	0	0	0	0			
Lib2barcode24	montagem_LIB_3_HSV6	montagens_Alouatta_palliata_cytomegalovirus	0	0	0	0			
Lib2barcode24	montagem_LIB_3_HSV6	montagens_CALHV3	0	1	0	1	0.0		0.0
Lib2barcode24	montagem_LIB_3_HSV6	montagens_Cebus_albifrons_lymphocryptovirus_1	0	0	0	0			
Lib2barcode24	montagem_LIB_3_HSV6	montagens_consenso_H1	0	0	0	0			
Lib2barcode24	montagem_LIB_3_HSV7	montagens_Alouatta_macconnelli_cytomegalovirus	0	0	0	0			
Lib2barcode24	montagem_LIB_3_HSV7	montagens_Alouatta_palliata_cytomegalovirus	0	0	0	0			
Lib2barcode24	montagem_LIB_3_HSV7	montagens_CALHV3	0	1	0	1	0.0		0.0
Lib2barcode24	montagem_LIB_3_HSV7	montagens_Cebus_albifrons_lymphocryptovirus_1	0	0	0	0			
Lib2barcode24	montagem_LIB_3_HSV7	montagens_consenso_H1	0	0	0	0			
Lib2barcode24	montagens_Alouatta_macconnelli_cytomegalovirus	montagens_Alouatta_palliata_cytomegalovirus	0	0	0	0			
Lib2barcode24	montagens_Alouatta_macconnelli_cytomegalovirus	montagens_CALHV3	0	1	0	1	0.0		0.0
Lib2barcode24	montagens_Alouatta_macconnelli_cytomegalovirus	montagens_Cebus_albifrons_lymphocryptovirus_1	0	0	0	0			
Lib2barcode24	montagens_Alouatta_macconnelli_cytomegalovirus	montagens_consenso_H1	0	0	0	0			
Lib2barcode24	montagens_Alouatta_palliata_cytomegalovirus	montagens_CALHV3	0	1	0	1	0.0		0.0
Lib2barcode24	montagens_Alouatta_palliata_cytomegalovirus	montagens_Cebus_albifrons_lymphocryptovirus_1	0	0	0	0			
Lib2barcode24	montagens_Alouatta_palliata_cytomegalovirus	montagens_consenso_H1	0	0	0	0			
Lib2barcode24	montagens_CALHV3	montagens_Cebus_albifrons_lymphocryptovirus_1	1	0	0	1	0.0	0.0	
Lib2barcode24	montagens_CALHV3	montagens_consenso_H1	1	0	0	1	0.0	0.0	
Lib2barcode24	montagens_Cebus_albifrons_lymphocryptovirus_1	montagens_consenso_H1	0	0	0	0			
Lib2barcode25	montagem_LIB_3_HSV6	montagem_LIB_3_HSV7	0	0	0	0			
Lib2barcode25	montagem_LIB_3_HSV6	montagens_Alouatta_macconnelli_cytomegalovirus	0	0	0	0			
Lib2barcode25	montagem_LIB_3_HSV6	montagens_Alouatta_palliata_cytomegalovirus	0	0	0	0			
Lib2barcode25	montagem_LIB_3_HSV6	montagens_CALHV3	0	274	0	274	0.0		0.0
Lib2barcode25	montagem_LIB_3_HSV6	montagens_Cebus_albifrons_lymphocryptovirus_1	0	0	0	0			
Lib2barcode25	montagem_LIB_3_HSV6	montagens_consenso_H1	0	0	0	0			
Lib2barcode25	montagem_LIB_3_HSV7	montagens_Alouatta_macconnelli_cytomegalovirus	0	0	0	0			
Lib2barcode25	montagem_LIB_3_HSV7	montagens_Alouatta_palliata_cytomegalovirus	0	0	0	0			
Lib2barcode25	montagem_LIB_3_HSV7	montagens_CALHV3	0	274	0	274	0.0		0.0
Lib2barcode25	montagem_LIB_3_HSV7	montagens_Cebus_albifrons_lymphocryptovirus_1	0	0	0	0			
Lib2barcode25	montagem_LIB_3_HSV7	montagens_consenso_H1	0	0	0	0			
Lib2barcode25	montagens_Alouatta_macconnelli_cytomegalovirus	montagens_Alouatta_palliata_cytomegalovirus	0	0	0	0			
Lib2barcode25	montagens_Alouatta_macconnelli_cytomegalovirus	montagens_CALHV3	0	274	0	274	0.0		0.0
Lib2barcode25	montagens_Alouatta_macconnelli_cytomegalovirus	montagens_Cebus_albifrons_lymphocryptovirus_1	0	0	0	0			
Lib2barcode25	montagens_Alouatta_macconnelli_cytomegalovirus	montagens_consenso_H1	0	0	0	0			
Lib2barcode25	montagens_Alouatta_palliata_cytomegalovirus	montagens_CALHV3	0	274	0	274	0.0		0.0
Lib2barcode25	montagens_Alouatta_palliata_cytomegalovirus	montagens_Cebus_albifrons_lymphocryptovirus_1	0	0	0	0			
Lib2barcode25	montagens_Alouatta_palliata_cytomegalovirus	montagens_consenso_H1	0	0	0	0			
Lib2barcode25	montagens_CALHV3	montagens_Cebus_albifrons_lymphocryptovirus_1	274	0	0	274	0.0	0.0	
Lib2barcode25	montagens_CALHV3	montagens_consenso_H1	274	0	0	274	0.0	0.0	
Lib2barcode25	montagens_Cebus_albifrons_lymphocryptovirus_1	montagens_consenso_H1	0	0	0	0			
Lib2barcode26	montagem_LIB_3_HSV6	montagem_LIB_3_HSV7	0	0	0	0			
Lib2barcode26	montagem_LIB_3_HSV6	montagens_Alouatta_macconnelli_cytomegalovirus	0	0	0	0			
Lib2barcode26	montagem_LIB_3_HSV6	montagens_Alouatta_palliata_cytomegalovirus	0	0	0	0			
Lib2barcode26	montagem_LIB_3_HSV6	montagens_CALHV3	0	391	0	391	0.0		0.0
Lib2barcode26	montagem_LIB_3_HSV6	montagens_Cebus_albifrons_lymphocryptovirus_1	0	0	0	0			
Lib2barcode26	montagem_LIB_3_HSV6	montagens_consenso_H1	0	0	0	0			
Lib2barcode26	montagem_LIB_3_HSV7	montagens_Alouatta_macconnelli_cytomegalovirus	0	0	0	0			
Lib2barcode26	montagem_LIB_3_HSV7	montagens_Alouatta_palliata_cytomegalovirus	0	0	0	0			
Lib2barcode26	montagem_LIB_3_HSV7	montagens_CALHV3	0	391	0	391	0.0		0.0
Lib2barcode26	montagem_LIB_3_HSV7	montagens_Cebus_albifrons_lymphocryptovirus_1	0	0	0	0			
Lib2barcode26	montagem_LIB_3_HSV7	montagens_consenso_H1	0	0	0	0			
Lib2barcode26	montagens_Alouatta_macconnelli_cytomegalovirus	montagens_Alouatta_palliata_cytomegalovirus	0	0	0	0			
Lib2barcode26	montagens_Alouatta_macconnelli_cytomegalovirus	montagens_CALHV3	0	391	0	391	0.0		0.0
Lib2barcode26	montagens_Alouatta_macconnelli_cytomegalovirus	montagens_Cebus_albifrons_lymphocryptovirus_1	0	0	0	0			
Lib2barcode26	montagens_Alouatta_macconnelli_cytomegalovirus	montagens_consenso_H1	0	0	0	0			
Lib2barcode26	montagens_Alouatta_palliata_cytomegalovirus	montagens_CALHV3	0	391	0	391	0.0		0.0
Lib2barcode26	montagens_Alouatta_palliata_cytomegalovirus	montagens_Cebus_albifrons_lymphocryptovirus_1	0	0	0	0			
Lib2barcode26	montagens_Alouatta_palliata_cytomegalovirus	montagens_consenso_H1	0	0	0	0			
Lib2barcode26	montagens_CALHV3	montagens_Cebus_albifrons_lymphocryptovirus_1	391	0	0	391	0.0	0.0	
Lib2barcode26	montagens_CALHV3	montagens_consenso_H1	391	0	0	391	0.0	0.0	
Lib2barcode26	montagens_Cebus_albifrons_lymphocryptovirus_1	montagens_consenso_H1	0	0	0	0			
Lib2barcode27	montagem_LIB_3_HSV6	montagem_LIB_3_HSV7	0	0	0	0			
Lib2barcode27	montagem_LIB_3_HSV6	montagens_Alouatta_macconnelli_cytomegalovirus	0	0	0	0			
Lib2barcode27	montagem_LIB_3_HSV6	montagens_Alouatta_palliata_cytomegalovirus	0	0	0	0			
Lib2barcode27	montagem_LIB_3_HSV6	montagens_CALHV3	0	123	0	123	0.0		0.0
Lib2barcode27	montagem_LIB_3_HSV6	montagens_Cebus_albifrons_lymphocryptovirus_1	0	0	0	0			
Lib2barcode27	montagem_LIB_3_HSV6	montagens_consenso_H1	0	0	0	0			
Lib2barcode27	montagem_LIB_3_HSV7	montagens_Alouatta_macconnelli_cytomegalovirus	0	0	0	0			
Lib2barcode27	montagem_LIB_3_HSV7	montagens_Alouatta_palliata_cytomegalovirus	0	0	0	0			
Lib2barcode27	montagem_LIB_3_HSV7	montagens_CALHV3	0	123	0	123	0.0		0.0
Lib2barcode27	montagem_LIB_3_HSV7	montagens_Cebus_albifrons_lymphocryptovirus_1	0	0	0	0			
Lib2barcode27	montagem_LIB_3_HSV7	montagens_consenso_H1	0	0	0	0			
Lib2barcode27	montagens_Alouatta_macconnelli_cytomegalovirus	montagens_Alouatta_palliata_cytomegalovirus	0	0	0	0			
Lib2barcode27	montagens_Alouatta_macconnelli_cytomegalovirus	montagens_CALHV3	0	123	0	123	0.0		0.0
Lib2barcode27	montagens_Alouatta_macconnelli_cytomegalovirus	montagens_Cebus_albifrons_lymphocryptovirus_1	0	0	0	0			
Lib2barcode27	montagens_Alouatta_macconnelli_cytomegalovirus	montagens_consenso_H1	0	0	0	0			
Lib2barcode27	montagens_Alouatta_palliata_cytomegalovirus	montagens_CALHV3	0	123	0	123	0.0		0.0
Lib2barcode27	montagens_Alouatta_palliata_cytomegalovirus	montagens_Cebus_albifrons_lymphocryptovirus_1	0	0	0	0			
Lib2barcode27	montagens_Alouatta_palliata_cytomegalovirus	montagens_consenso_H1	0	0	0	0			
Lib2barcode27	montagens_CALHV3	montagens_Cebus_albifrons_lymphocryptovirus_1	123	0	0	123	0.0	0.0	
Lib2barcode27	montagens_CALHV3	montagens_consenso_H1	123	0	0	123	0.0	0.0	
Lib2barcode27	montagens_Cebus_albifrons_lymphocryptovirus_1	montagens_consenso_H1	0	0	0	0			
Lib2barcode28	montagem_LIB_3_HSV6	montagem_LIB_3_HSV7	0	0	0	0			
Lib2barcode28	montagem_LIB_3_HSV6	montagens_Alouatta_macconnelli_cytomegalovirus	0	0	0	0			
Lib2barcode28	montagem_LIB_3_HSV6	montagens_Alouatta_palliata_cytomegalovirus	0	0	0	0			
Lib2barcode28	montagem_LIB_3_HSV6	montagens_CALHV3	0	87	0	87	0.0		0.0
Lib2barcode28	montagem_LIB_3_HSV6	montagens_Cebus_albifrons_lymphocryptovirus_1	0	0	0	0			
Lib2barcode28	montagem_LIB_3_HSV6	montagens_consenso_H1	0	0	0	0			
Lib2barcode28	montagem_LIB_3_HSV7	montagens_Alouatta_macconnelli_cytomegalovirus	0	0	0	0			
Lib2barcode28	montagem_LIB_3_HSV7	montagens_Alouatta_palliata_cytomegalovirus	0	0	0	0			
Lib2barcode28	montagem_LIB_3_HSV7	montagens_CALHV3	0	87	0	87	0.0		0.0
Lib2barcode28	montagem_LIB_3_HSV7	montagens_Cebus_albifrons_lymphocryptovirus_1	0	0	0	0			
Lib2barcode28	montagem_LIB_3_HSV7	montagens_consenso_H1	0	0	0	0			
Lib2barcode28	montagens_Alouatta_macconnelli_cytomegalovirus	montagens_Alouatta_palliata_cytomegalovirus	0	0	0	0			
Lib2barcode28	montagens_Alouatta_macconnelli_cytomegalovirus	montagens_CALHV3	0	87	0	87	0.0		0.0
Lib2barcode28	montagens_Alouatta_macconnelli_cytomegalovirus	montagens_Cebus_albifrons_lymphocryptovirus_1	0	0	0	0			
Lib2barcode28	montagens_Alouatta_macconnelli_cytomegalovirus	montagens_consenso_H1	0	0	0	0			
Lib2barcode28	montagens_Alouatta_palliata_cytomegalovirus	montagens_CALHV3	0	87	0	87	0.0		0.0
Lib2barcode28	montagens_Alouatta_palliata_cytomegalovirus	montagens_Cebus_albifrons_lymphocryptovirus_1	0	0	0	0			
Lib2barcode28	montagens_Alouatta_palliata_cytomegalovirus	montagens_consenso_H1	0	0	0	0			
Lib2barcode28	montagens_CALHV3	montagens_Cebus_albifrons_lymphocryptovirus_1	87	0	0	87	0.0	0.0	
Lib2barcode28	montagens_CALHV3	montagens_consenso_H1	87	0	0	87	0.0	0.0	
Lib2barcode28	montagens_Cebus_albifrons_lymphocryptovirus_1	montagens_consenso_H1	0	0	0	0			
Lib2barcode29	montagem_LIB_3_HSV6	montagem_LIB_3_HSV7	0	0	0	0			
Lib2barcode29	montagem_LIB_3_HSV6	montagens_Alouatta_macconnelli_cytomegalovirus	0	0	0	0			
Lib2barcode29	montagem_LIB_3_HSV6	montagens_Alouatta_palliata_cytomegalovirus	0	0	0	0			
Lib2barcode29	montagem_LIB_3_HSV6	montagens_CALHV3	0	0	0	0			
Lib2barcode29	montagem_LIB_3_HSV6	montagens_Cebus_albifrons_lymphocryptovirus_1	0	0	0	0			
Lib2barcode29	montagem_LIB_3_HSV6	montagens_consenso_H1	0	0	0	0			
Lib2barcode29	montagem_LIB_3_HSV7	montagens_Alouatta_macconnelli_cytomegalovirus	0	0	0	0			
Lib2barcode29	montagem_LIB_3_HSV7	montagens_Alouatta_palliata_cytomegalovirus	0	0	0	0			
Lib2barcode29	montagem_LIB_3_HSV7	montagens_CALHV3	0	0	0	0			
Lib2barcode29	montagem_LIB_3_HSV7	montagens_Cebus_albifrons_lymphocryptovirus_1	0	0	0	0			
Lib2barcode29	montagem_LIB_3_HSV7	montagens_consenso_H1	0	0	0	0			
Lib2barcode29	montagens_Alouatta_macconnelli_cytomegalovirus	montagens_Alouatta_palliata_cytomegalovirus	0	0	0	0			
Lib2barcode29	montagens_Alouatta_macconnelli_cytomegalovirus	montagens_CALHV3	0	0	0	0			
Lib2barcode29	montagens_Alouatta_macconnelli_cytomegalovirus	montagens_Cebus_albifrons_lymphocryptovirus_1	0	0	0	0			
Lib2barcode29	montagens_Alouatta_macconnelli_cytomegalovirus	montagens_consenso_H1	0	0	0	0			
Lib2barcode29	montagens_Alouatta_palliata_cytomegalovirus	montagens_CALHV3	0	0	0	0			
Lib2barcode29	montagens_Alouatta_palliata_cytomegalovirus	montagens_Cebus_albifrons_lymphocryptovirus_1	0	0	0	0			
Lib2barcode29	montagens_Alouatta_palliata_cytomegalovirus	montagens_consenso_H1	0	0	0	0			
Lib2barcode29	montagens_CALHV3	montagens_Cebus_albifrons_lymphocryptovirus_1	0	0	0	0			
Lib2barcode29	montagens_CALHV3	montagens_consenso_H1	0	0	0	0			
Lib2barcode29	montagens_Cebus_albifrons_lymphocryptovirus_1	montagens_consenso_H1	0	0	0	0			
Lib2barcode30	montagem_LIB_3_HSV6	montagem_LIB_3_HSV7	0	0	0	0			
Lib2barcode30	montagem_LIB_3_HSV6	montagens_Alouatta_macconnelli_cytomegalovirus	0	0	0	0			
Lib2barcode30	montagem_LIB_3_HSV6	montagens_Alouatta_palliata_cytomegalovirus	0	0	0	0			
Lib2barcode30	montagem_LIB_3_HSV6	montagens_CALHV3	0	608	0	608	0.0		0.0
Lib2barcode30	montagem_LIB_3_HSV6	montagens_Cebus_albifrons_lymphocryptovirus_1	0	0	0	0			
Lib2barcode30	montagem_LIB_3_HSV6	montagens_consenso_H1	0	0	0	0			
Lib2barcode30	montagem_LIB_3_HSV7	montagens_Alouatta_macconnelli_cytomegalovirus	0	0	0	0			
Lib2barcode30	montagem_LIB_3_HSV7	montagens_Alouatta_palliata_cytomegalovirus	0	0	0	0			
Lib2barcode30	montagem_LIB_3_HSV7	montagens_CALHV3	0	608	0	608	0.0		0.0
Lib2barcode30	montagem_LIB_3_HSV7	montagens_Cebus_albifrons_lymphocryptovirus_1	0	0	0	0			
Lib2barcode30	montagem_LIB_3_HSV7	montagens_consenso_H1	0	0	0	0			
Lib2barcode30	montagens_Alouatta_macconnelli_cytomegalovirus	montagens_Alouatta_palliata_cytomegalovirus	0	0	0	0			
Lib2barcode30	montagens_Alouatta_macconnelli_cytomegalovirus	montagens_CALHV3	0	608	0	608	0.0		0.0
Lib2barcode30	montagens_Alouatta_macconnelli_cytomegalovirus	montagens_Cebus_albifrons_lymphocryptovirus_1	0	0	0	0			
Lib2barcode30	montagens_Alouatta_macconnelli_cytomegalovirus	montagens_consenso_H1	0	0	0	0			
Lib2barcode30	montagens_Alouatta_palliata_cytomegalovirus	montagens_CALHV3	0	608	0	608	0.0		0.0
Lib2barcode30	montagens_Alouatta_palliata_cytomegalovirus	montagens_Cebus_albifrons_lymphocryptovirus_1	0	0	0	0			
Lib2barcode30	montagens_Alouatta_palliata_cytomegalovirus	montagens_consenso_H1	0	0	0	0			
Lib2barcode30	montagens_CALHV3	montagens_Cebus_albifrons_lymphocryptovirus_1	608	0	0	608	0.0	0.0	
Lib2barcode30	montagens_CALHV3	montagens_consenso_H1	608	0	0	608	0.0	0.0	
Lib2barcode30	montagens_Cebus_albifrons_lymphocryptovirus_1	montagens_consenso_H1	0	0	0	0			
Lib2barcode31	montagem_LIB_3_HSV6	montagem_LIB_3_HSV7	0	0	0	0			
Lib2barcode31	montagem_LIB_3_HSV6	montagens_Alouatta_macconnelli_cytomegalovirus	0	0	0	0			
Lib2barcode31	montagem_LIB_3_HSV6	montagens_Alouatta_palliata_cytomegalovirus	0	0	0	0			
Lib2barcode31	montagem_LIB_3_HSV6	montagens_CALHV3	0	313	0	313	0.0		0.0
Lib2barcode31	montagem_LIB_3_HSV6	montagens_Cebus_albifrons_lymphocryptovirus_1	0	0	0	0			
Lib2barcode31	montagem_LIB_3_HSV6	montagens_consenso_H1	0	0	0	0			
Lib2barcode31	montagem_LIB_3_HSV7	montagens_Alouatta_macconnelli_cytomegalovirus	0	0	0	0			
Lib2barcode31	montagem_LIB_3_HSV7	montagens_Alouatta_palliata_cytomegalovirus	0	0	0	0			
Lib2barcode31	montagem_LIB_3_HSV7	montagens_CALHV3	0	313	0	313	0.0		0.0
Lib2barcode31	montagem_LIB_3_HSV7	montagens_Cebus_albifrons_lymphocryptovirus_1	0	0	0	0			
Lib2barcode31	montagem_LIB_3_HSV7	montagens_consenso_H1	0	0	0	0			
Lib2barcode31	montagens_Alouatta_macconnelli_cytomegalovirus	montagens_Alouatta_palliata_cytomegalovirus	0	0	0	0			
Lib2barcode31	montagens_Alouatta_macconnelli_cytomegalovirus	montagens_CALHV3	0	313	0	313	0.0		0.0
Lib2barcode31	montagens_Alouatta_macconnelli_cytomegalovirus	montagens_Cebus_albifrons_lymphocryptovirus_1	0	0	0	0			
Lib2barcode31	montagens_Alouatta_macconnelli_cytomegalovirus	montagens_consenso_H1	0	0	0	0			
Lib2barcode31	montagens_Alouatta_palliata_cytomegalovirus	montagens_CALHV3	0	313	0	313	0.0		0.0
Lib2barcode31	montagens_Alouatta_palliata_cytomegalovirus	montagens_Cebus_albifrons_lymphocryptovirus_1	0	0	0	0			
Lib2barcode31	montagens_Alouatta_palliata_cytomegalovirus	montagens_consenso_H1	0	0	0	0			
Lib2barcode31	montagens_CALHV3	montagens_Cebus_albifrons_lymphocryptovirus_1	313	0	0	313	0.0	0.0	
Lib2barcode31	montagens_CALHV3	montagens_consenso_H1	313	0	0	313	0.0	0.0	
Lib2barcode31	montagens_Cebus_albifrons_lymphocryptovirus_1	montagens_consenso_H1	0	0	0	0			
Lib2barcode32	montagem_LIB_3_HSV6	montagem_LIB_3_HSV7	0	0	0	0			
Lib2barcode32	montagem_LIB_3_HSV6	montagens_Alouatta_macconnelli_cytomegalovirus	0	0	0	0			
Lib2barcode32	montagem_LIB_3_HSV6	montagens_Alouatta_palliata_cytomegalovirus	0	0	0	0			
Lib2barcode32	montagem_LIB_3_HSV6	montagens_CALHV3	0	218	0	218	0.0		0.0
Lib2barcode32	montagem_LIB_3_HSV6	montagens_Cebus_albifrons_lymphocryptovirus_1	0	0	0	0			
Lib2barcode32	montagem_LIB_3_HSV6	montagens_consenso_H1	0	0	0	0			
Lib2barcode32	montagem_LIB_3_HSV7	montagens_Alouatta_macconnelli_cytomegalovirus	0	0	0	0			
Lib2barcode32	montagem_LIB_3_HSV7	montagens_Alouatta_palliata_cytomegalovirus	0	0	0	0			
Lib2barcode32	montagem_LIB_3_HSV7	montagens_CALHV3	0	218	0	218	0.0		0.0
Lib2barcode32	montagem_LIB_3_HSV7	montagens_Cebus_albifrons_lymphocryptovirus_1	0	0	0	0			
Lib2barcode32	montagem_LIB_3_HSV7	montagens_consenso_H1	0	0	0	0			
Lib2barcode32	montagens_Alouatta_macconnelli_cytomegalovirus	montagens_Alouatta_palliata_cytomegalovirus	0	0	0	0			
Lib2barcode32	montagens_Alouatta_macconnelli_cytomegalovirus	montagens_CALHV3	0	218	0	218	0.0		0.0
Lib2barcode32	montagens_Alouatta_macconnelli_cytomegalovirus	montagens_Cebus_albifrons_lymphocryptovirus_1	0	0	0	0			
Lib2barcode32	montagens_Alouatta_macconnelli_cytomegalovirus	montagens_consenso_H1	0	0	0	0			
Lib2barcode32	montagens_Alouatta_palliata_cytomegalovirus	montagens_CALHV3	0	218	0	218	0.0		0.0
Lib2barcode32	montagens_Alouatta_palliata_cytomegalovirus	montagens_Cebus_albifrons_lymphocryptovirus_1	0	0	0	0			
Lib2barcode32	montagens_Alouatta_palliata_cytomegalovirus	montagens_consenso_H1	0	0	0	0			
Lib2barcode32	montagens_CALHV3	montagens_Cebus_albifrons_lymphocryptovirus_1	218	0	0	218	0.0	0.0	
Lib2barcode32	montagens_CALHV3	montagens_consenso_H1	218	0	0	218	0.0	0.0	
Lib2barcode32	montagens_Cebus_albifrons_lymphocryptovirus_1	montagens_consenso_H1	0	0	0	0			
Lib2barcode33	montagem_LIB_3_HSV6	montagem_LIB_3_HSV7	0	0	0	0			
Lib2barcode33	montagem_LIB_3_HSV6	montagens_Alouatta_macconnelli_cytomegalovirus	0	0	0	0			
Lib2barcode33	montagem_LIB_3_HSV6	montagens_Alouatta_palliata_cytomegalovirus	0	0	0	0			
Lib2barcode33	montagem_LIB_3_HSV6	montagens_CALHV3	0	0	0	0			
Lib2barcode33	montagem_LIB_3_HSV6	montagens_Cebus_albifrons_lymphocryptovirus_1	0	0	0	0			
Lib2barcode33	montagem_LIB_3_HSV6	montagens_consenso_H1	0	0	0	0			
Lib2barcode33	montagem_LIB_3_HSV7	montagens_Alouatta_macconnelli_cytomegalovirus	0	0	0	0			
Lib2barcode33	montagem_LIB_3_HSV7	montagens_Alouatta_palliata_cytomegalovirus	0	0	0	0			
Lib2barcode33	montagem_LIB_3_HSV7	montagens_CALHV3	0	0	0	0			
Lib2barcode33	montagem_LIB_3_HSV7	montagens_Cebus_albifrons_lymphocryptovirus_1	0	0	0	0			
Lib2barcode33	montagem_LIB_3_HSV7	montagens_consenso_H1	0	0	0	0			
Lib2barcode33	montagens_Alouatta_macconnelli_cytomegalovirus	montagens_Alouatta_palliata_cytomegalovirus	0	0	0	0			
Lib2barcode33	montagens_Alouatta_macconnelli_cytomegalovirus	montagens_CALHV3	0	0	0	0			
Lib2barcode33	montagens_Alouatta_macconnelli_cytomegalovirus	montagens_Cebus_albifrons_lymphocryptovirus_1	0	0	0	0			
Lib2barcode33	montagens_Alouatta_macconnelli_cytomegalovirus	montagens_consenso_H1	0	0	0	0			
Lib2barcode33	montagens_Alouatta_palliata_cytomegalovirus	montagens_CALHV3	0	0	0	0			
Lib2barcode33	montagens_Alouatta_palliata_cytomegalovirus	montagens_Cebus_albifrons_lymphocryptovirus_1	0	0	0	0			
Lib2barcode33	montagens_Alouatta_palliata_cytomegalovirus	montagens_consenso_H1	0	0	0	0			
Lib2barcode33	montagens_CALHV3	montagens_Cebus_albifrons_lymphocryptovirus_1	0	0	0	0			
Lib2barcode33	montagens_CALHV3	montagens_consenso_H1	0	0	0	0			
Lib2barcode33	montagens_Cebus_albifrons_lymphocryptovirus_1	montagens_consenso_H1	0	0	0	0			
Lib2barcode34	montagem_LIB_3_HSV6	montagem_LIB_3_HSV7	0	0	0	0			
Lib2barcode34	montagem_LIB_3_HSV6	montagens_Alouatta_macconnelli_cytomegalovirus	0	0	0	0			
Lib2barcode34	montagem_LIB_3_HSV6	montagens_Alouatta_palliata_cytomegalovirus	0	0	0	0			
Lib2barcode34	montagem_LIB_3_HSV6	montagens_CALHV3	0	216	0	216	0.0		0.0
Lib2barcode34	montagem_LIB_3_HSV6	montagens_Cebus_albifrons_lymphocryptovirus_1	0	0	0	0			
Lib2barcode34	montagem_LIB_3_HSV6	montagens_consenso_H1	0	0	0	0			
Lib2barcode34	montagem_LIB_3_HSV7	montagens_Alouatta_macconnelli_cytomegalovirus	0	0	0	0			
Lib2barcode34	montagem_LIB_3_HSV7	montagens_Alouatta_palliata_cytomegalovirus	0	0	0	0			
Lib2barcode34	montagem_LIB_3_HSV7	montagens_CALHV3	0	216	0	216	0.0		0.0
Lib2barcode34	montagem_LIB_3_HSV7	montagens_Cebus_albifrons_lymphocryptovirus_1	0	0	0	0			
Lib2barcode34	montagem_LIB_3_HSV7	montagens_consenso_H1	0	0	0	0			
Lib2barcode34	montagens_Alouatta_macconnelli_cytomegalovirus	montagens_Alouatta_palliata_cytomegalovirus	0	0	0	0			
Lib2barcode34	montagens_Alouatta_macconnelli_cytomegalovirus	montagens_CALHV3	0	216	0	216	0.0		0.0
Lib2barcode34	montagens_Alouatta_macconnelli_cytomegalovirus	montagens_Cebus_albifrons_lymphocryptovirus_1	0	0	0	0			
Lib2barcode34	montagens_Alouatta_macconnelli_cytomegalovirus	montagens_consenso_H1	0	0	0	0			
Lib2barcode34	montagens_Alouatta_palliata_cytomegalovirus	montagens_CALHV3	0	216	0	216	0.0		0.0
Lib2barcode34	montagens_Alouatta_palliata_cytomegalovirus	montagens_Cebus_albifrons_lymphocryptovirus_1	0	0	0	0			
Lib2barcode34	montagens_Alouatta_palliata_cytomegalovirus	montagens_consenso_H1	0	0	0	0			
Lib2barcode34	montagens_CALHV3	montagens_Cebus_albifrons_lymphocryptovirus_1	216	0	0	216	0.0	0.0	
Lib2barcode34	montagens_CALHV3	montagens_consenso_H1	216	0	0	216	0.0	0.0	
Lib2barcode34	montagens_Cebus_albifrons_lymphocryptovirus_1	montagens_consenso_H1	0	0	0	0			
Lib2barcode35	montagem_LIB_3_HSV6	montagem_LIB_3_HSV7	0	0	0	0			
Lib2barcode35	montagem_LIB_3_HSV6	montagens_Alouatta_macconnelli_cytomegalovirus	0	0	0	0			
Lib2barcode35	montagem_LIB_3_HSV6	montagens_Alouatta_palliata_cytomegalovirus	0	0	0	0			
Lib2barcode35	montagem_LIB_3_HSV6	montagens_CALHV3	0	0	0	0			
Lib2barcode35	montagem_LIB_3_HSV6	montagens_Cebus_albifrons_lymphocryptovirus_1	0	0	0	0			
Lib2barcode35	montagem_LIB_3_HSV6	montagens_consenso_H1	0	0	0	0			
Lib2barcode35	montagem_LIB_3_HSV7	montagens_Alouatta_macconnelli_cytomegalovirus	0	0	0	0			
Lib2barcode35	montagem_LIB_3_HSV7	montagens_Alouatta_palliata_cytomegalovirus	0	0	0	0			
Lib2barcode35	montagem_LIB_3_HSV7	montagens_CALHV3	0	0	0	0			
Lib2barcode35	montagem_LIB_3_HSV7	montagens_Cebus_albifrons_lymphocryptovirus_1	0	0	0	0			
Lib2barcode35	montagem_LIB_3_HSV7	montagens_consenso_H1	0	0	0	0			
Lib2barcode35	montagens_Alouatta_macconnelli_cytomegalovirus	montagens_Alouatta_palliata_cytomegalovirus	0	0	0	0			
Lib2barcode35	montagens_Alouatta_macconnelli_cytomegalovirus	montagens_CALHV3	0	0	0	0			
Lib2barcode35	montagens_Alouatta_macconnelli_cytomegalovirus	montagens_Cebus_albifrons_lymphocryptovirus_1	0	0	0	0			
Lib2barcode35	montagens_Alouatta_macconnelli_cytomegalovirus	montagens_consenso_H1	0	0	0	0			
Lib2barcode35	montagens_Alouatta_palliata_cytomegalovirus	montagens_CALHV3	0	0	0	0			
Lib2barcode35	montagens_Alouatta_palliata_cytomegalovirus	montagens_Cebus_albifrons_lymphocryptovirus_1	0	0	0	0			
Lib2barcode35	montagens_Alouatta_palliata_cytomegalovirus	montagens_consenso_H1	0	0	0	0			
Lib2barcode35	montagens_CALHV3	montagens_Cebus_albifrons_lymphocryptovirus_1	0	0	0	0			
Lib2barcode35	montagens_CALHV3	montagens_consenso_H1	0	0	0	0			
Lib2barcode35	montagens_Cebus_albifrons_lymphocryptovirus_1	montagens_consenso_H1	0	0	0	0			
Lib2barcode36	montagem_LIB_3_HSV6	montagem_LIB_3_HSV7	0	0	0	0			
Lib2barcode36	montagem_LIB_3_HSV6	montagens_Alouatta_macconnelli_cytomegalovirus	0	0	0	0			
Lib2barcode36	montagem_LIB_3_HSV6	montagens_Alouatta_palliata_cytomegalovirus	0	0	0	0			
Lib2barcode36	montagem_LIB_3_HSV6	montagens_CALHV3	0	0	0	0			
Lib2barcode36	montagem_LIB_3_HSV6	montagens_Cebus_albifrons_lymphocryptovirus_1	0	0	0	0			
Lib2barcode36	montagem_LIB_3_HSV6	montagens_consenso_H1	0	0	0	0			
Lib2barcode36	montagem_LIB_3_HSV7	montagens_Alouatta_macconnelli_cytomegalovirus	0	0	0	0			
Lib2barcode36	montagem_LIB_3_HSV7	montagens_Alouatta_palliata_cytomegalovirus	0	0	0	0			
Lib2barcode36	montagem_LIB_3_HSV7	montagens_CALHV3	0	0	0	0			
Lib2barcode36	montagem_LIB_3_HSV7	montagens_Cebus_albifrons_lymphocryptovirus_1	0	0	0	0			
Lib2barcode36	montagem_LIB_3_HSV7	montagens_consenso_H1	0	0	0	0			
Lib2barcode36	montagens_Alouatta_macconnelli_cytomegalovirus	montagens_Alouatta_palliata_cytomegalovirus	0	0	0	0			
Lib2barcode36	montagens_Alouatta_macconnelli_cytomegalovirus	montagens_CALHV3	0	0	0	0			
Lib2barcode36	montagens_Alouatta_macconnelli_cytomegalovirus	montagens_Cebus_albifrons_lymphocryptovirus_1	0	0	0	0			
Lib2barcode36	montagens_Alouatta_macconnelli_cytomegalovirus	montagens_consenso_H1	0	0	0	0			
Lib2barcode36	montagens_Alouatta_palliata_cytomegalovirus	montagens_CALHV3	0	0	0	0			
Lib2barcode36	montagens_Alouatta_palliata_cytomegalovirus	montagens_Cebus_albifrons_lymphocryptovirus_1	0	0	0	0			
Lib2barcode36	montagens_Alouatta_palliata_cytomegalovirus	montagens_consenso_H1	0	0	0	0			
Lib2barcode36	montagens_CALHV3	montagens_Cebus_albifrons_lymphocryptovirus_1	0	0	0	0			
Lib2barcode36	montagens_CALHV3	montagens_consenso_H1	0	0	0	0			
Lib2barcode36	montagens_Cebus_albifrons_lymphocryptovirus_1	montagens_consenso_H1	0	0	0	0			
Lib2barcode37	montagem_LIB_3_HSV6	montagem_LIB_3_HSV7	0	0	0	0			
Lib2barcode37	montagem_LIB_3_HSV6	montagens_Alouatta_macconnelli_cytomegalovirus	0	0	0	0			
Lib2barcode37	montagem_LIB_3_HSV6	montagens_Alouatta_palliata_cytomegalovirus	0	0	0	0			
Lib2barcode37	montagem_LIB_3_HSV6	montagens_CALHV3	0	317	0	317	0.0		0.0
Lib2barcode37	montagem_LIB_3_HSV6	montagens_Cebus_albifrons_lymphocryptovirus_1	0	0	0	0			
Lib2barcode37	montagem_LIB_3_HSV6	montagens_consenso_H1	0	1	0	1	0.0		0.0
Lib2barcode37	montagem_LIB_3_HSV7	montagens_Alouatta_macconnelli_cytomegalovirus	0	0	0	0			
Lib2barcode37	montagem_LIB_3_HSV7	montagens_Alouatta_palliata_cytomegalovirus	0	0	0	0			
Lib2barcode37	montagem_LIB_3_HSV7	montagens_CALHV3	0	317	0	317	0.0		0.0
Lib2barcode37	montagem_LIB_3_HSV7	montagens_Cebus_albifrons_lymphocryptovirus_1	0	0	0	0			
Lib2barcode37	montagem_LIB_3_HSV7	montagens_consenso_H1	0	1	0	1	0.0		0.0
Lib2barcode37	montagens_Alouatta_macconnelli_cytomegalovirus	montagens_Alouatta_palliata_cytomegalovirus	0	0	0	0			
Lib2barcode37	montagens_Alouatta_macconnelli_cytomegalovirus	montagens_CALHV3	0	317	0	317	0.0		0.0
Lib2barcode37	montagens_Alouatta_macconnelli_cytomegalovirus	montagens_Cebus_albifrons_lymphocryptovirus_1	0	0	0	0			
Lib2barcode37	montagens_Alouatta_macconnelli_cytomegalovirus	montagens_consenso_H1	0	1	0	1	0.0		0.0
Lib2barcode37	montagens_Alouatta_palliata_cytomegalovirus	montagens_CALHV3	0	317	0	317	0.0		0.0
Lib2barcode37	montagens_Alouatta_palliata_cytomegalovirus	montagens_Cebus_albifrons_lymphocryptovirus_1	0	0	0	0			
Lib2barcode37	montagens_Alouatta_palliata_cytomegalovirus	montagens_consenso_H1	0	1	0	1	0.0		0.0
Lib2barcode37	montagens_CALHV3	montagens_Cebus_albifrons_lymphocryptovirus_1	317	0	0	317	0.0	0.0	
Lib2barcode37	montagens_CALHV3	montagens_consenso_H1	317	1	0	318	0.0	0.0	0.0
Lib2barcode37	montagens_Cebus_albifrons_lymphocryptovirus_1	montagens_consenso_H1	0	1	0	1	0.0		0.0
Lib2barcode38	montagem_LIB_3_HSV6	montagem_LIB_3_HSV7	0	0	0	0			
Lib2barcode38	montagem_LIB_3_HSV6	montagens_Alouatta_macconnelli_cytomegalovirus	0	0	0	0			
Lib2barcode38	montagem_LIB_3_HSV6	montagens_Alouatta_palliata_cytomegalovirus	0	0	0	0			
Lib2barcode38	montagem_LIB_3_HSV6	montagens_CALHV3	0	0	0	0			
Lib2barcode38	montagem_LIB_3_HSV6	montagens_Cebus_albifrons_lymphocryptovirus_1	0	0	0	0			
Lib2barcode38	montagem_LIB_3_HSV6	montagens_consenso_H1	0	0	0	0			
Lib2barcode38	montagem_LIB_3_HSV7	montagens_Alouatta_macconnelli_cytomegalovirus	0	0	0	0			
Lib2barcode38	montagem_LIB_3_HSV7	montagens_Alouatta_palliata_cytomegalovirus	0	0	0	0			
Lib2barcode38	montagem_LIB_3_HSV7	montagens_CALHV3	0	0	0	0			
Lib2barcode38	montagem_LIB_3_HSV7	montagens_Cebus_albifrons_lymphocryptovirus_1	0	0	0	0			
Lib2barcode38	montagem_LIB_3_HSV7	montagens_consenso_H1	0	0	0	0			
Lib2barcode38	montagens_Alouatta_macconnelli_cytomegalovirus	montagens_Alouatta_palliata_cytomegalovirus	0	0	0	0			
Lib2barcode38	montagens_Alouatta_macconnelli_cytomegalovirus	montagens_CALHV3	0	0	0	0			
Lib2barcode38	montagens_Alouatta_macconnelli_cytomegalovirus	montagens_Cebus_albifrons_lymphocryptovirus_1	0	0	0	0			
Lib2barcode38	montagens_Alouatta_macconnelli_cytomegalovirus	montagens_consenso_H1	0	0	0	0			
Lib2barcode38	montagens_Alouatta_palliata_cytomegalovirus	montagens_CALHV3	0	0	0	0			
Lib2barcode38	montagens_Alouatta_palliata_cytomegalovirus	montagens_Cebus_albifrons_lymphocryptovirus_1	0	0	0	0			
Lib2barcode38	montagens_Alouatta_palliata_cytomegalovirus	montagens_consenso_H1	0	0	0	0			
Lib2barcode38	montagens_CALHV3	montagens_Cebus_albifrons_lymphocryptovirus_1	0	0	0	0			
Lib2barcode38	montagens_CALHV3	montagens_consenso_H1	0	0	0	0			
Lib2barcode38	montagens_Cebus_albifrons_lymphocryptovirus_1	montagens_consenso_H1	0	0	0	0			
Lib2barcode39	montagem_LIB_3_HSV6	montagem_LIB_3_HSV7	0	0	0	0			
Lib2barcode39	montagem_LIB_3_HSV6	montagens_Alouatta_macconnelli_cytomegalovirus	0	0	0	0			
Lib2barcode39	montagem_LIB_3_HSV6	montagens_Alouatta_palliata_cytomegalovirus	0	0	0	0			
Lib2barcode39	montagem_LIB_3_HSV6	montagens_CALHV3	0	0	0	0			
Lib2barcode39	montagem_LIB_3_HSV6	montagens_Cebus_albifrons_lymphocryptovirus_1	0	0	0	0			
Lib2barcode39	montagem_LIB_3_HSV6	montagens_consenso_H1	0	0	0	0			
Lib2barcode39	montagem_LIB_3_HSV7	montagens_Alouatta_macconnelli_cytomegalovirus	0	0	0	0			
Lib2barcode39	montagem_LIB_3_HSV7	montagens_Alouatta_palliata_cytomegalovirus	0	0	0	0			
Lib2barcode39	montagem_LIB_3_HSV7	montagens_CALHV3	0	0	0	0			
Lib2barcode39	montagem_LIB_3_HSV7	montagens_Cebus_albifrons_lymphocryptovirus_1	0	0	0	0			
Lib2barcode39	montagem_LIB_3_HSV7	montagens_consenso_H1	0	0	0	0			
Lib2barcode39	montagens_Alouatta_macconnelli_cytomegalovirus	montagens_Alouatta_palliata_cytomegalovirus	0	0	0	0			
Lib2barcode39	montagens_Alouatta_macconnelli_cytomegalovirus	montagens_CALHV3	0	0	0	0			
Lib2barcode39	montagens_Alouatta_macconnelli_cytomegalovirus	montagens_Cebus_albifrons_lymphocryptovirus_1	0	0	0	0			
Lib2barcode39	montagens_Alouatta_macconnelli_cytomegalovirus	montagens_consenso_H1	0	0	0	0			
Lib2barcode39	montagens_Alouatta_palliata_cytomegalovirus	montagens_CALHV3	0	0	0	0			
Lib2barcode39	montagens_Alouatta_palliata_cytomegalovirus	montagens_Cebus_albifrons_lymphocryptovirus_1	0	0	0	0			
Lib2barcode39	montagens_Alouatta_palliata_cytomegalovirus	montagens_consenso_H1	0	0	0	0			
Lib2barcode39	montagens_CALHV3	montagens_Cebus_albifrons_lymphocryptovirus_1	0	0	0	0			
Lib2barcode39	montagens_CALHV3	montagens_consenso_H1	0	0	0	0			
Lib2barcode39	montagens_Cebus_albifrons_lymphocryptovirus_1	montagens_consenso_H1	0	0	0	0			
Lib2barcode40	montagem_LIB_3_HSV6	montagem_LIB_3_HSV7	0	0	0	0			
Lib2barcode40	montagem_LIB_3_HSV6	montagens_Alouatta_macconnelli_cytomegalovirus	0	0	0	0			
Lib2barcode40	montagem_LIB_3_HSV6	montagens_Alouatta_palliata_cytomegalovirus	0	0	0	0			
Lib2barcode40	montagem_LIB_3_HSV6	montagens_CALHV3	0	121	0	121	0.0		0.0
Lib2barcode40	montagem_LIB_3_HSV6	montagens_Cebus_albifrons_lymphocryptovirus_1	0	0	0	0			
Lib2barcode40	montagem_LIB_3_HSV6	montagens_consenso_H1	0	0	0	0			
Lib2barcode40	montagem_LIB_3_HSV7	montagens_Alouatta_macconnelli_cytomegalovirus	0	0	0	0			
Lib2barcode40	montagem_LIB_3_HSV7	montagens_Alouatta_palliata_cytomegalovirus	0	0	0	0			
Lib2barcode40	montagem_LIB_3_HSV7	montagens_CALHV3	0	121	0	121	0.0		0.0
Lib2barcode40	montagem_LIB_3_HSV7	montagens_Cebus_albifrons_lymphocryptovirus_1	0	0	0	0			
Lib2barcode40	montagem_LIB_3_HSV7	montagens_consenso_H1	0	0	0	0			
Lib2barcode40	montagens_Alouatta_macconnelli_cytomegalovirus	montagens_Alouatta_palliata_cytomegalovirus	0	0	0	0			
Lib2barcode40	montagens_Alouatta_macconnelli_cytomegalovirus	montagens_CALHV3	0	121	0	121	0.0		0.0
Lib2barcode40	montagens_Alouatta_macconnelli_cytomegalovirus	montagens_Cebus_albifrons_lymphocryptovirus_1	0	0	0	0			
Lib2barcode40	montagens_Alouatta_macconnelli_cytomegalovirus	montagens_consenso_H1	0	0	0	0			
Lib2barcode40	montagens_Alouatta_palliata_cytomegalovirus	montagens_CALHV3	0	121	0	121	0.0		0.0
Lib2barcode40	montagens_Alouatta_palliata_cytomegalovirus	montagens_Cebus_albifrons_lymphocryptovirus_1	0	0	0	0			
Lib2barcode40	montagens_Alouatta_palliata_cytomegalovirus	montagens_consenso_H1	0	0	0	0			
Lib2barcode40	montagens_CALHV3	montagens_Cebus_albifrons_lymphocryptovirus_1	121	0	0	121	0.0	0.0	
Lib2barcode40	montagens_CALHV3	montagens_consenso_H1	121	0	0	121	0.0	0.0	
Lib2barcode40	montagens_Cebus_albifrons_lymphocryptovirus_1	montagens_consenso_H1	0	0	0	0			
Lib2barcode41	montagem_LIB_3_HSV6	montagem_LIB_3_HSV7	0	0	0	0			
Lib2barcode41	montagem_LIB_3_HSV6	montagens_Alouatta_macconnelli_cytomegalovirus	0	0	0	0			
Lib2barcode41	montagem_LIB_3_HSV6	montagens_Alouatta_palliata_cytomegalovirus	0	0	0	0			
Lib2barcode41	montagem_LIB_3_HSV6	montagens_CALHV3	0	0	0	0			
Lib2barcode41	montagem_LIB_3_HSV6	montagens_Cebus_albifrons_lymphocryptovirus_1	0	0	0	0			
Lib2barcode41	montagem_LIB_3_HSV6	montagens_consenso_H1	0	0	0	0			
Lib2barcode41	montagem_LIB_3_HSV7	montagens_Alouatta_macconnelli_cytomegalovirus	0	0	0	0			
Lib2barcode41	montagem_LIB_3_HSV7	montagens_Alouatta_palliata_cytomegalovirus	0	0	0	0			
Lib2barcode41	montagem_LIB_3_HSV7	montagens_CALHV3	0	0	0	0			
Lib2barcode41	montagem_LIB_3_HSV7	montagens_Cebus_albifrons_lymphocryptovirus_1	0	0	0	0			
Lib2barcode41	montagem_LIB_3_HSV7	montagens_consenso_H1	0	0	0	0			
Lib2barcode41	montagens_Alouatta_macconnelli_cytomegalovirus	montagens_Alouatta_palliata_cytomegalovirus	0	0	0	0			
Lib2barcode41	montagens_Alouatta_macconnelli_cytomegalovirus	montagens_CALHV3	0	0	0	0			
Lib2barcode41	montagens_Alouatta_macconnelli_cytomegalovirus	montagens_Cebus_albifrons_lymphocryptovirus_1	0	0	0	0			
Lib2barcode41	montagens_Alouatta_macconnelli_cytomegalovirus	montagens_consenso_H1	0	0	0	0			
Lib2barcode41	montagens_Alouatta_palliata_cytomegalovirus	montagens_CALHV3	0	0	0	0			
Lib2barcode41	montagens_Alouatta_palliata_cytomegalovirus	montagens_Cebus_albifrons_lymphocryptovirus_1	0	0	0	0			
Lib2barcode41	montagens_Alouatta_palliata_cytomegalovirus	montagens_consenso_H1	0	0	0	0			
Lib2barcode41	montagens_CALHV3	montagens_Cebus_albifrons_lymphocryptovirus_1	0	0	0	0			
Lib2barcode41	montagens_CALHV3	montagens_consenso_H1	0	0	0	0			
Lib2barcode41	montagens_Cebus_albifrons_lymphocryptovirus_1	montagens_consenso_H1	0	0	0	0			
Lib2barcode42	montagem_LIB_3_HSV6	montagem_LIB_3_HSV7	0	0	0	0			
Lib2barcode42	montagem_LIB_3_HSV6	montagens_Alouatta_macconnelli_cytomegalovirus	0	0	0	0			
Lib2barcode42	montagem_LIB_3_HSV6	montagens_Alouatta_palliata_cytomegalovirus	0	0	0	0			
Lib2barcode42	montagem_LIB_3_HSV6	montagens_CALHV3	0	0	0	0			
Lib2barcode42	montagem_LIB_3_HSV6	montagens_Cebus_albifrons_lymphocryptovirus_1	0	0	0	0			
Lib2barcode42	montagem_LIB_3_HSV6	montagens_consenso_H1	0	0	0	0			
Lib2barcode42	montagem_LIB_3_HSV7	montagens_Alouatta_macconnelli_cytomegalovirus	0	0	0	0			
Lib2barcode42	montagem_LIB_3_HSV7	montagens_Alouatta_palliata_cytomegalovirus	0	0	0	0			
Lib2barcode42	montagem_LIB_3_HSV7	montagens_CALHV3	0	0	0	0			
Lib2barcode42	montagem_LIB_3_HSV7	montagens_Cebus_albifrons_lymphocryptovirus_1	0	0	0	0			
Lib2barcode42	montagem_LIB_3_HSV7	montagens_consenso_H1	0	0	0	0			
Lib2barcode42	montagens_Alouatta_macconnelli_cytomegalovirus	montagens_Alouatta_palliata_cytomegalovirus	0	0	0	0			
Lib2barcode42	montagens_Alouatta_macconnelli_cytomegalovirus	montagens_CALHV3	0	0	0	0			
Lib2barcode42	montagens_Alouatta_macconnelli_cytomegalovirus	montagens_Cebus_albifrons_lymphocryptovirus_1	0	0	0	0			
Lib2barcode42	montagens_Alouatta_macconnelli_cytomegalovirus	montagens_consenso_H1	0	0	0	0			
Lib2barcode42	montagens_Alouatta_palliata_cytomegalovirus	montagens_CALHV3	0	0	0	0			
Lib2barcode42	montagens_Alouatta_palliata_cytomegalovirus	montagens_Cebus_albifrons_lymphocryptovirus_1	0	0	0	0			
Lib2barcode42	montagens_Alouatta_palliata_cytomegalovirus	montagens_consenso_H1	0	0	0	0			
Lib2barcode42	montagens_CALHV3	montagens_Cebus_albifrons_lymphocryptovirus_1	0	0	0	0			
Lib2barcode42	montagens_CALHV3	montagens_consenso_H1	0	0	0	0			
Lib2barcode42	montagens_Cebus_albifrons_lymphocryptovirus_1	montagens_consenso_H1	0	0	0	0			
Lib2barcode43	montagem_LIB_3_HSV6	montagem_LIB_3_HSV7	0	0	0	0			
Lib2barcode43	montagem_LIB_3_HSV6	montagens_Alouatta_macconnelli_cytomegalovirus	0	0	0	0			
Lib2barcode43	montagem_LIB_3_HSV6	montagens_Alouatta_palliata_cytomegalovirus	0	0	0	0			
Lib2barcode43	montagem_LIB_3_HSV6	montagens_CALHV3	0	371	0	371	0.0		0.0
Lib2barcode43	montagem_LIB_3_HSV6	montagens_Cebus_albifrons_lymphocryptovirus_1	0	0	0	0			
Lib2barcode43	montagem_LIB_3_HSV6	montagens_consenso_H1	0	0	0	0			
Lib2barcode43	montagem_LIB_3_HSV7	montagens_Alouatta_macconnelli_cytomegalovirus	0	0	0	0			
Lib2barcode43	montagem_LIB_3_HSV7	montagens_Alouatta_palliata_cytomegalovirus	0	0	0	0			
Lib2barcode43	montagem_LIB_3_HSV7	montagens_CALHV3	0	371	0	371	0.0		0.0
Lib2barcode43	montagem_LIB_3_HSV7	montagens_Cebus_albifrons_lymphocryptovirus_1	0	0	0	0			
Lib2barcode43	montagem_LIB_3_HSV7	montagens_consenso_H1	0	0	0	0			
Lib2barcode43	montagens_Alouatta_macconnelli_cytomegalovirus	montagens_Alouatta_palliata_cytomegalovirus	0	0	0	0			
Lib2barcode43	montagens_Alouatta_macconnelli_cytomegalovirus	montagens_CALHV3	0	371	0	371	0.0		0.0
Lib2barcode43	montagens_Alouatta_macconnelli_cytomegalovirus	montagens_Cebus_albifrons_lymphocryptovirus_1	0	0	0	0			
Lib2barcode43	montagens_Alouatta_macconnelli_cytomegalovirus	montagens_consenso_H1	0	0	0	0			
Lib2barcode43	montagens_Alouatta_palliata_cytomegalovirus	montagens_CALHV3	0	371	0	371	0.0		0.0
Lib2barcode43	montagens_Alouatta_palliata_cytomegalovirus	montagens_Cebus_albifrons_lymphocryptovirus_1	0	0	0	0			
Lib2barcode43	montagens_Alouatta_palliata_cytomegalovirus	montagens_consenso_H1	0	0	0	0			
Lib2barcode43	montagens_CALHV3	montagens_Cebus_albifrons_lymphocryptovirus_1	371	0	0	371	0.0	0.0	
Lib2barcode43	montagens_CALHV3	montagens_consenso_H1	371	0	0	371	0.0	0.0	
Lib2barcode43	montagens_Cebus_albifrons_lymphocryptovirus_1	montagens_consenso_H1	0	0	0	0			
Lib2barcode44	montagem_LIB_3_HSV6	montagem_LIB_3_HSV7	0	0	0	0			
Lib2barcode44	montagem_LIB_3_HSV6	montagens_Alouatta_macconnelli_cytomegalovirus	0	0	0	0			
Lib2barcode44	montagem_LIB_3_HSV6	montagens_Alouatta_palliata_cytomegalovirus	0	0	0	0			
Lib2barcode44	montagem_LIB_3_HSV6	montagens_CALHV3	0	0	0	0			
Lib2barcode44	montagem_LIB_3_HSV6	montagens_Cebus_albifrons_lymphocryptovirus_1	0	0	0	0			
Lib2barcode44	montagem_LIB_3_HSV6	montagens_consenso_H1	0	0	0	0			
Lib2barcode44	montagem_LIB_3_HSV7	montagens_Alouatta_macconnelli_cytomegalovirus	0	0	0	0			
Lib2barcode44	montagem_LIB_3_HSV7	montagens_Alouatta_palliata_cytomegalovirus	0	0	0	0			
Lib2barcode44	montagem_LIB_3_HSV7	montagens_CALHV3	0	0	0	0			
Lib2barcode44	montagem_LIB_3_HSV7	montagens_Cebus_albifrons_lymphocryptovirus_1	0	0	0	0			
Lib2barcode44	montagem_LIB_3_HSV7	montagens_consenso_H1	0	0	0	0			
Lib2barcode44	montagens_Alouatta_macconnelli_cytomegalovirus	montagens_Alouatta_palliata_cytomegalovirus	0	0	0	0			
Lib2barcode44	montagens_Alouatta_macconnelli_cytomegalovirus	montagens_CALHV3	0	0	0	0			
Lib2barcode44	montagens_Alouatta_macconnelli_cytomegalovirus	montagens_Cebus_albifrons_lymphocryptovirus_1	0	0	0	0			
Lib2barcode44	montagens_Alouatta_macconnelli_cytomegalovirus	montagens_consenso_H1	0	0	0	0			
Lib2barcode44	montagens_Alouatta_palliata_cytomegalovirus	montagens_CALHV3	0	0	0	0			
Lib2barcode44	montagens_Alouatta_palliata_cytomegalovirus	montagens_Cebus_albifrons_lymphocryptovirus_1	0	0	0	0			
Lib2barcode44	montagens_Alouatta_palliata_cytomegalovirus	montagens_consenso_H1	0	0	0	0			
Lib2barcode44	montagens_CALHV3	montagens_Cebus_albifrons_lymphocryptovirus_1	0	0	0	0			
Lib2barcode44	montagens_CALHV3	montagens_consenso_H1	0	0	0	0			
Lib2barcode44	montagens_Cebus_albifrons_lymphocryptovirus_1	montagens_consenso_H1	0	0	0	0			
Lib2barcode45	montagem_LIB_3_HSV6	montagem_LIB_3_HSV7	0	0	0	0			
Lib2barcode45	montagem_LIB_3_HSV6	montagens_Alouatta_macconnelli_cytomegalovirus	0	0	0	0			
Lib2barcode45	montagem_LIB_3_HSV6	montagens_Alouatta_palliata_cytomegalovirus	0	0	0	0			
Lib2barcode45	montagem_LIB_3_HSV6	montagens_CALHV3	0	414	0	414	0.0		0.0
Lib2barcode45	montagem_LIB_3_HSV6	montagens_Cebus_albifrons_lymphocryptovirus_1	0	0	0	0			
Lib2barcode45	montagem_LIB_3_HSV6	montagens_consenso_H1	0	1	0	1	0.0		0.0
Lib2barcode45	montagem_LIB_3_HSV7	montagens_Alouatta_macconnelli_cytomegalovirus	0	0	0	0			
Lib2barcode45	montagem_LIB_3_HSV7	montagens_Alouatta_palliata_cytomegalovirus	0	0	0	0			
Lib2barcode45	montagem_LIB_3_HSV7	montagens_CALHV3	0	414	0	414	0.0		0.0
Lib2barcode45	montagem_LIB_3_HSV7	montagens_Cebus_albifrons_lymphocryptovirus_1	0	0	0	0			
Lib2barcode45	montagem_LIB_3_HSV7	montagens_consenso_H1	0	1	0	1	0.0		0.0
Lib2barcode45	montagens_Alouatta_macconnelli_cytomegalovirus	montagens_Alouatta_palliata_cytomegalovirus	0	0	0	0			
Lib2barcode45	montagens_Alouatta_macconnelli_cytomegalovirus	montagens_CALHV3	0	414	0	414	0.0		0.0
Lib2barcode45	montagens_Alouatta_macconnelli_cytomegalovirus	montagens_Cebus_albifrons_lymphocryptovirus_1	0	0	0	0			
Lib2barcode45	montagens_Alouatta_macconnelli_cytomegalovirus	montagens_consenso_H1	0	1	0	1	0.0		0.0
Lib2barcode45	montagens_Alouatta_palliata_cytomegalovirus	montagens_CALHV3	0	414	0	414	0.0		0.0
Lib2barcode45	montagens_Alouatta_palliata_cytomegalovirus	montagens_Cebus_albifrons_lymphocryptovirus_1	0	0	0	0			
Lib2barcode45	montagens_Alouatta_palliata_cytomegalovirus	montagens_consenso_H1	0	1	0	1	0.0		0.0
Lib2barcode45	montagens_CALHV3	montagens_Cebus_albifrons_lymphocryptovirus_1	414	0	0	414	0.0	0.0	
Lib2barcode45	montagens_CALHV3	montagens_consenso_H1	414	1	0	415	0.0	0.0	0.0
Lib2barcode45	montagens_Cebus_albifrons_lymphocryptovirus_1	montagens_consenso_H1	0	1	0	1	0.0		0.0
Lib2barcode46	montagem_LIB_3_HSV6	montagem_LIB_3_HSV7	0	0	0	0			
Lib2barcode46	montagem_LIB_3_HSV6	montagens_Alouatta_macconnelli_cytomegalovirus	0	0	0	0			
Lib2barcode46	montagem_LIB_3_HSV6	montagens_Alouatta_palliata_cytomegalovirus	0	0	0	0			
Lib2barcode46	montagem_LIB_3_HSV6	montagens_CALHV3	0	409	0	409	0.0		0.0
Lib2barcode46	montagem_LIB_3_HSV6	montagens_Cebus_albifrons_lymphocryptovirus_1	0	0	0	0			
Lib2barcode46	montagem_LIB_3_HSV6	montagens_consenso_H1	0	1	0	1	0.0		0.0
Lib2barcode46	montagem_LIB_3_HSV7	montagens_Alouatta_macconnelli_cytomegalovirus	0	0	0	0			
Lib2barcode46	montagem_LIB_3_HSV7	montagens_Alouatta_palliata_cytomegalovirus	0	0	0	0			
Lib2barcode46	montagem_LIB_3_HSV7	montagens_CALHV3	0	409	0	409	0.0		0.0
Lib2barcode46	montagem_LIB_3_HSV7	montagens_Cebus_albifrons_lymphocryptovirus_1	0	0	0	0			
Lib2barcode46	montagem_LIB_3_HSV7	montagens_consenso_H1	0	1	0	1	0.0		0.0
Lib2barcode46	montagens_Alouatta_macconnelli_cytomegalovirus	montagens_Alouatta_palliata_cytomegalovirus	0	0	0	0			
Lib2barcode46	montagens_Alouatta_macconnelli_cytomegalovirus	montagens_CALHV3	0	409	0	409	0.0		0.0
Lib2barcode46	montagens_Alouatta_macconnelli_cytomegalovirus	montagens_Cebus_albifrons_lymphocryptovirus_1	0	0	0	0			
Lib2barcode46	montagens_Alouatta_macconnelli_cytomegalovirus	montagens_consenso_H1	0	1	0	1	0.0		0.0
Lib2barcode46	montagens_Alouatta_palliata_cytomegalovirus	montagens_CALHV3	0	409	0	409	0.0		0.0
Lib2barcode46	montagens_Alouatta_palliata_cytomegalovirus	montagens_Cebus_albifrons_lymphocryptovirus_1	0	0	0	0			
Lib2barcode46	montagens_Alouatta_palliata_cytomegalovirus	montagens_consenso_H1	0	1	0	1	0.0		0.0
Lib2barcode46	montagens_CALHV3	montagens_Cebus_albifrons_lymphocryptovirus_1	409	0	0	409	0.0	0.0	
Lib2barcode46	montagens_CALHV3	montagens_consenso_H1	409	1	0	410	0.0	0.0	0.0
Lib2barcode46	montagens_Cebus_albifrons_lymphocryptovirus_1	montagens_consenso_H1	0	1	0	1	0.0		0.0
Lib2barcode47	montagem_LIB_3_HSV6	montagem_LIB_3_HSV7	0	0	0	0			
Lib2barcode47	montagem_LIB_3_HSV6	montagens_Alouatta_macconnelli_cytomegalovirus	0	0	0	0			
Lib2barcode47	montagem_LIB_3_HSV6	montagens_Alouatta_palliata_cytomegalovirus	0	0	0	0			
Lib2barcode47	montagem_LIB_3_HSV6	montagens_CALHV3	0	199	0	199	0.0		0.0
Lib2barcode47	montagem_LIB_3_HSV6	montagens_Cebus_albifrons_lymphocryptovirus_1	0	0	0	0			
Lib2barcode47	montagem_LIB_3_HSV6	montagens_consenso_H1	0	0	0	0			
Lib2barcode47	montagem_LIB_3_HSV7	montagens_Alouatta_macconnelli_cytomegalovirus	0	0	0	0			
Lib2barcode47	montagem_LIB_3_HSV7	montagens_Alouatta_palliata_cytomegalovirus	0	0	0	0			
Lib2barcode47	montagem_LIB_3_HSV7	montagens_CALHV3	0	199	0	199	0.0		0.0
Lib2barcode47	montagem_LIB_3_HSV7	montagens_Cebus_albifrons_lymphocryptovirus_1	0	0	0	0			
Lib2barcode47	montagem_LIB_3_HSV7	montagens_consenso_H1	0	0	0	0			
Lib2barcode47	montagens_Alouatta_macconnelli_cytomegalovirus	montagens_Alouatta_palliata_cytomegalovirus	0	0	0	0			
Lib2barcode47	montagens_Alouatta_macconnelli_cytomegalovirus	montagens_CALHV3	0	199	0	199	0.0		0.0
Lib2barcode47	montagens_Alouatta_macconnelli_cytomegalovirus	montagens_Cebus_albifrons_lymphocryptovirus_1	0	0	0	0			
Lib2barcode47	montagens_Alouatta_macconnelli_cytomegalovirus	montagens_consenso_H1	0	0	0	0			
Lib2barcode47	montagens_Alouatta_palliata_cytomegalovirus	montagens_CALHV3	0	199	0	199	0.0		0.0
Lib2barcode47	montagens_Alouatta_palliata_cytomegalovirus	montagens_Cebus_albifrons_lymphocryptovirus_1	0	0	0	0			
Lib2barcode47	montagens_Alouatta_palliata_cytomegalovirus	montagens_consenso_H1	0	0	0	0			
Lib2barcode47	montagens_CALHV3	montagens_Cebus_albifrons_lymphocryptovirus_1	199	0	0	199	0.0	0.0	
Lib2barcode47	montagens_CALHV3	montagens_consenso_H1	199	0	0	199	0.0	0.0	
Lib2barcode47	montagens_Cebus_albifrons_lymphocryptovirus_1	montagens_consenso_H1	0	0	0	0			
Lib2barcode48	montagem_LIB_3_HSV6	montagem_LIB_3_HSV7	0	0	0	0			
Lib2barcode48	montagem_LIB_3_HSV6	montagens_Alouatta_macconnelli_cytomegalovirus	0	0	0	0			
Lib2barcode48	montagem_LIB_3_HSV6	montagens_Alouatta_palliata_cytomegalovirus	0	0	0	0			
Lib2barcode48	montagem_LIB_3_HSV6	montagens_CALHV3	0	231	0	231	0.0		0.0
Lib2barcode48	montagem_LIB_3_HSV6	montagens_Cebus_albifrons_lymphocryptovirus_1	0	0	0	0			
Lib2barcode48	montagem_LIB_3_HSV6	montagens_consenso_H1	0	0	0	0			
Lib2barcode48	montagem_LIB_3_HSV7	montagens_Alouatta_macconnelli_cytomegalovirus	0	0	0	0			
Lib2barcode48	montagem_LIB_3_HSV7	montagens_Alouatta_palliata_cytomegalovirus	0	0	0	0			
Lib2barcode48	montagem_LIB_3_HSV7	montagens_CALHV3	0	231	0	231	0.0		0.0
Lib2barcode48	montagem_LIB_3_HSV7	montagens_Cebus_albifrons_lymphocryptovirus_1	0	0	0	0			
Lib2barcode48	montagem_LIB_3_HSV7	montagens_consenso_H1	0	0	0	0			
Lib2barcode48	montagens_Alouatta_macconnelli_cytomegalovirus	montagens_Alouatta_palliata_cytomegalovirus	0	0	0	0			
Lib2barcode48	montagens_Alouatta_macconnelli_cytomegalovirus	montagens_CALHV3	0	231	0	231	0.0		0.0
Lib2barcode48	montagens_Alouatta_macconnelli_cytomegalovirus	montagens_Cebus_albifrons_lymphocryptovirus_1	0	0	0	0			
Lib2barcode48	montagens_Alouatta_macconnelli_cytomegalovirus	montagens_consenso_H1	0	0	0	0			
Lib2barcode48	montagens_Alouatta_palliata_cytomegalovirus	montagens_CALHV3	0	231	0	231	0.0		0.0
Lib2barcode48	montagens_Alouatta_palliata_cytomegalovirus	montagens_Cebus_albifrons_lymphocryptovirus_1	0	0	0	0			
Lib2barcode48	montagens_Alouatta_palliata_cytomegalovirus	montagens_consenso_H1	0	0	0	0			
Lib2barcode48	montagens_CALHV3	montagens_Cebus_albifrons_lymphocryptovirus_1	231	0	0	231	0.0	0.0	
Lib2barcode48	montagens_CALHV3	montagens_consenso_H1	231	0	0	231	0.0	0.0	
Lib2barcode48	montagens_Cebus_albifrons_lymphocryptovirus_1	montagens_consenso_H1	0	0	0	0			
Lib2barcode49	montagem_LIB_3_HSV6	montagem_LIB_3_HSV7	0	0	0	0			
Lib2barcode49	montagem_LIB_3_HSV6	montagens_Alouatta_macconnelli_cytomegalovirus	0	0	0	0			
Lib2barcode49	montagem_LIB_3_HSV6	montagens_Alouatta_palliata_cytomegalovirus	0	0	0	0			
Lib2barcode49	montagem_LIB_3_HSV6	montagens_CALHV3	0	0	0	0			
Lib2barcode49	montagem_LIB_3_HSV6	montagens_Cebus_albifrons_lymphocryptovirus_1	0	0	0	0			
Lib2barcode49	montagem_LIB_3_HSV6	montagens_consenso_H1	0	0	0	0			
Lib2barcode49	montagem_LIB_3_HSV7	montagens_Alouatta_macconnelli_cytomegalovirus	0	0	0	0			
Lib2barcode49	montagem_LIB_3_HSV7	montagens_Alouatta_palliata_cytomegalovirus	0	0	0	0			
Lib2barcode49	montagem_LIB_3_HSV7	montagens_CALHV3	0	0	0	0			
Lib2barcode49	montagem_LIB_3_HSV7	montagens_Cebus_albifrons_lymphocryptovirus_1	0	0	0	0			
Lib2barcode49	montagem_LIB_3_HSV7	montagens_consenso_H1	0	0	0	0			
Lib2barcode49	montagens_Alouatta_macconnelli_cytomegalovirus	montagens_Alouatta_palliata_cytomegalovirus	0	0	0	0			
Lib2barcode49	montagens_Alouatta_macconnelli_cytomegalovirus	montagens_CALHV3	0	0	0	0			
Lib2barcode49	montagens_Alouatta_macconnelli_cytomegalovirus	montagens_Cebus_albifrons_lymphocryptovirus_1	0	0	0	0			
Lib2barcode49	montagens_Alouatta_macconnelli_cytomegalovirus	montagens_consenso_H1	0	0	0	0			
Lib2barcode49	montagens_Alouatta_palliata_cytomegalovirus	montagens_CALHV3	0	0	0	0			
Lib2barcode49	montagens_Alouatta_palliata_cytomegalovirus	montagens_Cebus_albifrons_lymphocryptovirus_1	0	0	0	0			
Lib2barcode49	montagens_Alouatta_palliata_cytomegalovirus	montagens_consenso_H1	0	0	0	0			
Lib2barcode49	montagens_CALHV3	montagens_Cebus_albifrons_lymphocryptovirus_1	0	0	0	0			
Lib2barcode49	montagens_CALHV3	montagens_consenso_H1	0	0	0	0			
Lib2barcode49	montagens_Cebus_albifrons_lymphocryptovirus_1	montagens_consenso_H1	0	0	0	0			
Lib2barcode50	montagem_LIB_3_HSV6	montagem_LIB_3_HSV7	0	0	0	0			
Lib2barcode50	montagem_LIB_3_HSV6	montagens_Alouatta_macconnelli_cytomegalovirus	0	0	0	0			
Lib2barcode50	montagem_LIB_3_HSV6	montagens_Alouatta_palliata_cytomegalovirus	0	0	0	0			
Lib2barcode50	montagem_LIB_3_HSV6	montagens_CALHV3	0	317	0	317	0.0		0.0
Lib2barcode50	montagem_LIB_3_HSV6	montagens_Cebus_albifrons_lymphocryptovirus_1	0	0	0	0			
Lib2barcode50	montagem_LIB_3_HSV6	montagens_consenso_H1	0	0	0	0			
Lib2barcode50	montagem_LIB_3_HSV7	montagens_Alouatta_macconnelli_cytomegalovirus	0	0	0	0			
Lib2barcode50	montagem_LIB_3_HSV7	montagens_Alouatta_palliata_cytomegalovirus	0	0	0	0			
Lib2barcode50	montagem_LIB_3_HSV7	montagens_CALHV3	0	317	0	317	0.0		0.0
Lib2barcode50	montagem_LIB_3_HSV7	montagens_Cebus_albifrons_lymphocryptovirus_1	0	0	0	0			
Lib2barcode50	montagem_LIB_3_HSV7	montagens_consenso_H1	0	0	0	0			
Lib2barcode50	montagens_Alouatta_macconnelli_cytomegalovirus	montagens_Alouatta_palliata_cytomegalovirus	0	0	0	0			
Lib2barcode50	montagens_Alouatta_macconnelli_cytomegalovirus	montagens_CALHV3	0	317	0	317	0.0		0.0
Lib2barcode50	montagens_Alouatta_macconnelli_cytomegalovirus	montagens_Cebus_albifrons_lymphocryptovirus_1	0	0	0	0			
Lib2barcode50	montagens_Alouatta_macconnelli_cytomegalovirus	montagens_consenso_H1	0	0	0	0			
Lib2barcode50	montagens_Alouatta_palliata_cytomegalovirus	montagens_CALHV3	0	317	0	317	0.0		0.0
Lib2barcode50	montagens_Alouatta_palliata_cytomegalovirus	montagens_Cebus_albifrons_lymphocryptovirus_1	0	0	0	0			
Lib2barcode50	montagens_Alouatta_palliata_cytomegalovirus	montagens_consenso_H1	0	0	0	0			
Lib2barcode50	montagens_CALHV3	montagens_Cebus_albifrons_lymphocryptovirus_1	317	0	0	317	0.0	0.0	
Lib2barcode50	montagens_CALHV3	montagens_consenso_H1	317	0	0	317	0.0	0.0	
Lib2barcode50	montagens_Cebus_albifrons_lymphocryptovirus_1	montagens_consenso_H1	0	0	0	0			
Lib2barcode51	montagem_LIB_3_HSV6	montagem_LIB_3_HSV7	0	0	0	0			
Lib2barcode51	montagem_LIB_3_HSV6	montagens_Alouatta_macconnelli_cytomegalovirus	0	0	0	0			
Lib2barcode51	montagem_LIB_3_HSV6	montagens_Alouatta_palliata_cytomegalovirus	0	0	0	0			
Lib2barcode51	montagem_LIB_3_HSV6	montagens_CALHV3	0	198	0	198	0.0		0.0
Lib2barcode51	montagem_LIB_3_HSV6	montagens_Cebus_albifrons_lymphocryptovirus_1	0	0	0	0			
Lib2barcode51	montagem_LIB_3_HSV6	montagens_consenso_H1	0	1	0	1	0.0		0.0
Lib2barcode51	montagem_LIB_3_HSV7	montagens_Alouatta_macconnelli_cytomegalovirus	0	0	0	0			
Lib2barcode51	montagem_LIB_3_HSV7	montagens_Alouatta_palliata_cytomegalovirus	0	0	0	0			
Lib2barcode51	montagem_LIB_3_HSV7	montagens_CALHV3	0	198	0	198	0.0		0.0
Lib2barcode51	montagem_LIB_3_HSV7	montagens_Cebus_albifrons_lymphocryptovirus_1	0	0	0	0			
Lib2barcode51	montagem_LIB_3_HSV7	montagens_consenso_H1	0	1	0	1	0.0		0.0
Lib2barcode51	montagens_Alouatta_macconnelli_cytomegalovirus	montagens_Alouatta_palliata_cytomegalovirus	0	0	0	0			
Lib2barcode51	montagens_Alouatta_macconnelli_cytomegalovirus	montagens_CALHV3	0	198	0	198	0.0		0.0
Lib2barcode51	montagens_Alouatta_macconnelli_cytomegalovirus	montagens_Cebus_albifrons_lymphocryptovirus_1	0	0	0	0			
Lib2barcode51	montagens_Alouatta_macconnelli_cytomegalovirus	montagens_consenso_H1	0	1	0	1	0.0		0.0
Lib2barcode51	montagens_Alouatta_palliata_cytomegalovirus	montagens_CALHV3	0	198	0	198	0.0		0.0
Lib2barcode51	montagens_Alouatta_palliata_cytomegalovirus	montagens_Cebus_albifrons_lymphocryptovirus_1	0	0	0	0			
Lib2barcode51	montagens_Alouatta_palliata_cytomegalovirus	montagens_consenso_H1	0	1	0	1	0.0		0.0
Lib2barcode51	montagens_CALHV3	montagens_Cebus_albifrons_lymphocryptovirus_1	198	0	0	198	0.0	0.0	
Lib2barcode51	montagens_CALHV3	montagens_consenso_H1	198	1	0	199	0.0	0.0	0.0
Lib2barcode51	montagens_Cebus_albifrons_lymphocryptovirus_1	montagens_consenso_H1	0	1	0	1	0.0		0.0
Lib2barcode52	montagem_LIB_3_HSV6	montagem_LIB_3_HSV7	0	0	0	0			
Lib2barcode52	montagem_LIB_3_HSV6	montagens_Alouatta_macconnelli_cytomegalovirus	0	0	0	0			
Lib2barcode52	montagem_LIB_3_HSV6	montagens_Alouatta_palliata_cytomegalovirus	0	0	0	0			
Lib2barcode52	montagem_LIB_3_HSV6	montagens_CALHV3	0	247	0	247	0.0		0.0
Lib2barcode52	montagem_LIB_3_HSV6	montagens_Cebus_albifrons_lymphocryptovirus_1	0	0	0	0			
Lib2barcode52	montagem_LIB_3_HSV6	montagens_consenso_H1	0	0	0	0			
Lib2barcode52	montagem_LIB_3_HSV7	montagens_Alouatta_macconnelli_cytomegalovirus	0	0	0	0			
Lib2barcode52	montagem_LIB_3_HSV7	montagens_Alouatta_palliata_cytomegalovirus	0	0	0	0			
Lib2barcode52	montagem_LIB_3_HSV7	montagens_CALHV3	0	247	0	247	0.0		0.0
Lib2barcode52	montagem_LIB_3_HSV7	montagens_Cebus_albifrons_lymphocryptovirus_1	0	0	0	0			
Lib2barcode52	montagem_LIB_3_HSV7	montagens_consenso_H1	0	0	0	0			
Lib2barcode52	montagens_Alouatta_macconnelli_cytomegalovirus	montagens_Alouatta_palliata_cytomegalovirus	0	0	0	0			
Lib2barcode52	montagens_Alouatta_macconnelli_cytomegalovirus	montagens_CALHV3	0	247	0	247	0.0		0.0
Lib2barcode52	montagens_Alouatta_macconnelli_cytomegalovirus	montagens_Cebus_albifrons_lymphocryptovirus_1	0	0	0	0			
Lib2barcode52	montagens_Alouatta_macconnelli_cytomegalovirus	montagens_consenso_H1	0	0	0	0			
Lib2barcode52	montagens_Alouatta_palliata_cytomegalovirus	montagens_CALHV3	0	247	0	247	0.0		0.0
Lib2barcode52	montagens_Alouatta_palliata_cytomegalovirus	montagens_Cebus_albifrons_lymphocryptovirus_1	0	0	0	0			
Lib2barcode52	montagens_Alouatta_palliata_cytomegalovirus	montagens_consenso_H1	0	0	0	0			
Lib2barcode52	montagens_CALHV3	montagens_Cebus_albifrons_lymphocryptovirus_1	247	0	0	247	0.0	0.0	
Lib2barcode52	montagens_CALHV3	montagens_consenso_H1	247	0	0	247	0.0	0.0	
Lib2barcode52	montagens_Cebus_albifrons_lymphocryptovirus_1	montagens_consenso_H1	0	0	0	0			
Lib2barcode53	montagem_LIB_3_HSV6	montagem_LIB_3_HSV7	0	0	0	0			
Lib2barcode53	montagem_LIB_3_HSV6	montagens_Alouatta_macconnelli_cytomegalovirus	0	0	0	0			
Lib2barcode53	montagem_LIB_3_HSV6	montagens_Alouatta_palliata_cytomegalovirus	0	0	0	0			
Lib2barcode53	montagem_LIB_3_HSV6	montagens_CALHV3	0	0	0	0			
Lib2barcode53	montagem_LIB_3_HSV6	montagens_Cebus_albifrons_lymphocryptovirus_1	0	0	0	0			
Lib2barcode53	montagem_LIB_3_HSV6	montagens_consenso_H1	0	776	0	776	0.0		0.0
Lib2barcode53	montagem_LIB_3_HSV7	montagens_Alouatta_macconnelli_cytomegalovirus	0	0	0	0			
Lib2barcode53	montagem_LIB_3_HSV7	montagens_Alouatta_palliata_cytomegalovirus	0	0	0	0			
Lib2barcode53	montagem_LIB_3_HSV7	montagens_CALHV3	0	0	0	0			
Lib2barcode53	montagem_LIB_3_HSV7	montagens_Cebus_albifrons_lymphocryptovirus_1	0	0	0	0			
Lib2barcode53	montagem_LIB_3_HSV7	montagens_consenso_H1	0	776	0	776	0.0		0.0
Lib2barcode53	montagens_Alouatta_macconnelli_cytomegalovirus	montagens_Alouatta_palliata_cytomegalovirus	0	0	0	0			
Lib2barcode53	montagens_Alouatta_macconnelli_cytomegalovirus	montagens_CALHV3	0	0	0	0			
Lib2barcode53	montagens_Alouatta_macconnelli_cytomegalovirus	montagens_Cebus_albifrons_lymphocryptovirus_1	0	0	0	0			
Lib2barcode53	montagens_Alouatta_macconnelli_cytomegalovirus	montagens_consenso_H1	0	776	0	776	0.0		0.0
Lib2barcode53	montagens_Alouatta_palliata_cytomegalovirus	montagens_CALHV3	0	0	0	0			
Lib2barcode53	montagens_Alouatta_palliata_cytomegalovirus	montagens_Cebus_albifrons_lymphocryptovirus_1	0	0	0	0			
Lib2barcode53	montagens_Alouatta_palliata_cytomegalovirus	montagens_consenso_H1	0	776	0	776	0.0		0.0
Lib2barcode53	montagens_CALHV3	montagens_Cebus_albifrons_lymphocryptovirus_1	0	0	0	0			
Lib2barcode53	montagens_CALHV3	montagens_consenso_H1	0	776	0	776	0.0		0.0
Lib2barcode53	montagens_Cebus_albifrons_lymphocryptovirus_1	montagens_consenso_H1	0	776	0	776	0.0		0.0
Lib2barcode54	montagem_LIB_3_HSV6	montagem_LIB_3_HSV7	0	0	0	0			
Lib2barcode54	montagem_LIB_3_HSV6	montagens_Alouatta_macconnelli_cytomegalovirus	0	0	0	0			
Lib2barcode54	montagem_LIB_3_HSV6	montagens_Alouatta_palliata_cytomegalovirus	0	0	0	0			
Lib2barcode54	montagem_LIB_3_HSV6	montagens_CALHV3	0	15	0	15	0.0		0.0
Lib2barcode54	montagem_LIB_3_HSV6	montagens_Cebus_albifrons_lymphocryptovirus_1	0	0	0	0			
Lib2barcode54	montagem_LIB_3_HSV6	montagens_consenso_H1	0	0	0	0			
Lib2barcode54	montagem_LIB_3_HSV7	montagens_Alouatta_macconnelli_cytomegalovirus	0	0	0	0			
Lib2barcode54	montagem_LIB_3_HSV7	montagens_Alouatta_palliata_cytomegalovirus	0	0	0	0			
Lib2barcode54	montagem_LIB_3_HSV7	montagens_CALHV3	0	15	0	15	0.0		0.0
Lib2barcode54	montagem_LIB_3_HSV7	montagens_Cebus_albifrons_lymphocryptovirus_1	0	0	0	0			
Lib2barcode54	montagem_LIB_3_HSV7	montagens_consenso_H1	0	0	0	0			
Lib2barcode54	montagens_Alouatta_macconnelli_cytomegalovirus	montagens_Alouatta_palliata_cytomegalovirus	0	0	0	0			
Lib2barcode54	montagens_Alouatta_macconnelli_cytomegalovirus	montagens_CALHV3	0	15	0	15	0.0		0.0
Lib2barcode54	montagens_Alouatta_macconnelli_cytomegalovirus	montagens_Cebus_albifrons_lymphocryptovirus_1	0	0	0	0			
Lib2barcode54	montagens_Alouatta_macconnelli_cytomegalovirus	montagens_consenso_H1	0	0	0	0			
Lib2barcode54	montagens_Alouatta_palliata_cytomegalovirus	montagens_CALHV3	0	15	0	15	0.0		0.0
Lib2barcode54	montagens_Alouatta_palliata_cytomegalovirus	montagens_Cebus_albifrons_lymphocryptovirus_1	0	0	0	0			
Lib2barcode54	montagens_Alouatta_palliata_cytomegalovirus	montagens_consenso_H1	0	0	0	0			
Lib2barcode54	montagens_CALHV3	montagens_Cebus_albifrons_lymphocryptovirus_1	15	0	0	15	0.0	0.0	
Lib2barcode54	montagens_CALHV3	montagens_consenso_H1	15	0	0	15	0.0	0.0	
Lib2barcode54	montagens_Cebus_albifrons_lymphocryptovirus_1	montagens_consenso_H1	0	0	0	0			
Lib2barcode55	montagem_LIB_3_HSV6	montagem_LIB_3_HSV7	0	0	0	0			
Lib2barcode55	montagem_LIB_3_HSV6	montagens_Alouatta_macconnelli_cytomegalovirus	0	0	0	0			
Lib2barcode55	montagem_LIB_3_HSV6	montagens_Alouatta_palliata_cytomegalovirus	0	0	0	0			
Lib2barcode55	montagem_LIB_3_HSV6	montagens_CALHV3	0	176	0	176	0.0		0.0
Lib2barcode55	montagem_LIB_3_HSV6	montagens_Cebus_albifrons_lymphocryptovirus_1	0	0	0	0			
Lib2barcode55	montagem_LIB_3_HSV6	montagens_consenso_H1	0	0	0	0			
Lib2barcode55	montagem_LIB_3_HSV7	montagens_Alouatta_macconnelli_cytomegalovirus	0	0	0	0			
Lib2barcode55	montagem_LIB_3_HSV7	montagens_Alouatta_palliata_cytomegalovirus	0	0	0	0			
Lib2barcode55	montagem_LIB_3_HSV7	montagens_CALHV3	0	176	0	176	0.0		0.0
Lib2barcode55	montagem_LIB_3_HSV7	montagens_Cebus_albifrons_lymphocryptovirus_1	0	0	0	0			
Lib2barcode55	montagem_LIB_3_HSV7	montagens_consenso_H1	0	0	0	0			
Lib2barcode55	montagens_Alouatta_macconnelli_cytomegalovirus	montagens_Alouatta_palliata_cytomegalovirus	0	0	0	0			
Lib2barcode55	montagens_Alouatta_macconnelli_cytomegalovirus	montagens_CALHV3	0	176	0	176	0.0		0.0
Lib2barcode55	montagens_Alouatta_macconnelli_cytomegalovirus	montagens_Cebus_albifrons_lymphocryptovirus_1	0	0	0	0			
Lib2barcode55	montagens_Alouatta_macconnelli_cytomegalovirus	montagens_consenso_H1	0	0	0	0			
Lib2barcode55	montagens_Alouatta_palliata_cytomegalovirus	montagens_CALHV3	0	176	0	176	0.0		0.0
Lib2barcode55	montagens_Alouatta_palliata_cytomegalovirus	montagens_Cebus_albifrons_lymphocryptovirus_1	0	0	0	0			
Lib2barcode55	montagens_Alouatta_palliata_cytomegalovirus	montagens_consenso_H1	0	0	0	0			
Lib2barcode55	montagens_CALHV3	montagens_Cebus_albifrons_lymphocryptovirus_1	176	0	0	176	0.0	0.0	
Lib2barcode55	montagens_CALHV3	montagens_consenso_H1	176	0	0	176	0.0	0.0	
Lib2barcode55	montagens_Cebus_albifrons_lymphocryptovirus_1	montagens_consenso_H1	0	0	0	0			
Lib2barcode56	montagem_LIB_3_HSV6	montagem_LIB_3_HSV7	0	0	0	0			
Lib2barcode56	montagem_LIB_3_HSV6	montagens_Alouatta_macconnelli_cytomegalovirus	0	0	0	0			
Lib2barcode56	montagem_LIB_3_HSV6	montagens_Alouatta_palliata_cytomegalovirus	0	0	0	0			
Lib2barcode56	montagem_LIB_3_HSV6	montagens_CALHV3	0	344	0	344	0.0		0.0
Lib2barcode56	montagem_LIB_3_HSV6	montagens_Cebus_albifrons_lymphocryptovirus_1	0	0	0	0			
Lib2barcode56	montagem_LIB_3_HSV6	montagens_consenso_H1	0	0	0	0			
Lib2barcode56	montagem_LIB_3_HSV7	montagens_Alouatta_macconnelli_cytomegalovirus	0	0	0	0			
Lib2barcode56	montagem_LIB_3_HSV7	montagens_Alouatta_palliata_cytomegalovirus	0	0	0	0			
Lib2barcode56	montagem_LIB_3_HSV7	montagens_CALHV3	0	344	0	344	0.0		0.0
Lib2barcode56	montagem_LIB_3_HSV7	montagens_Cebus_albifrons_lymphocryptovirus_1	0	0	0	0			
Lib2barcode56	montagem_LIB_3_HSV7	montagens_consenso_H1	0	0	0	0			
Lib2barcode56	montagens_Alouatta_macconnelli_cytomegalovirus	montagens_Alouatta_palliata_cytomegalovirus	0	0	0	0			
Lib2barcode56	montagens_Alouatta_macconnelli_cytomegalovirus	montagens_CALHV3	0	344	0	344	0.0		0.0
Lib2barcode56	montagens_Alouatta_macconnelli_cytomegalovirus	montagens_Cebus_albifrons_lymphocryptovirus_1	0	0	0	0			
Lib2barcode56	montagens_Alouatta_macconnelli_cytomegalovirus	montagens_consenso_H1	0	0	0	0			
Lib2barcode56	montagens_Alouatta_palliata_cytomegalovirus	montagens_CALHV3	0	344	0	344	0.0		0.0
Lib2barcode56	montagens_Alouatta_palliata_cytomegalovirus	montagens_Cebus_albifrons_lymphocryptovirus_1	0	0	0	0			
Lib2barcode56	montagens_Alouatta_palliata_cytomegalovirus	montagens_consenso_H1	0	0	0	0			
Lib2barcode56	montagens_CALHV3	montagens_Cebus_albifrons_lymphocryptovirus_1	344	0	0	344	0.0	0.0	
Lib2barcode56	montagens_CALHV3	montagens_consenso_H1	344	0	0	344	0.0	0.0	
Lib2barcode56	montagens_Cebus_albifrons_lymphocryptovirus_1	montagens_consenso_H1	0	0	0	0			
Lib2barcode57	montagem_LIB_3_HSV6	montagem_LIB_3_HSV7	0	0	0	0			
Lib2barcode57	montagem_LIB_3_HSV6	montagens_Alouatta_macconnelli_cytomegalovirus	0	0	0	0			
Lib2barcode57	montagem_LIB_3_HSV6	montagens_Alouatta_palliata_cytomegalovirus	0	0	0	0			
Lib2barcode57	montagem_LIB_3_HSV6	montagens_CALHV3	0	183	0	183	0.0		0.0
Lib2barcode57	montagem_LIB_3_HSV6	montagens_Cebus_albifrons_lymphocryptovirus_1	0	0	0	0			
Lib2barcode57	montagem_LIB_3_HSV6	montagens_consenso_H1	0	0	0	0			
Lib2barcode57	montagem_LIB_3_HSV7	montagens_Alouatta_macconnelli_cytomegalovirus	0	0	0	0			
Lib2barcode57	montagem_LIB_3_HSV7	montagens_Alouatta_palliata_cytomegalovirus	0	0	0	0			
Lib2barcode57	montagem_LIB_3_HSV7	montagens_CALHV3	0	183	0	183	0.0		0.0
Lib2barcode57	montagem_LIB_3_HSV7	montagens_Cebus_albifrons_lymphocryptovirus_1	0	0	0	0			
Lib2barcode57	montagem_LIB_3_HSV7	montagens_consenso_H1	0	0	0	0			
Lib2barcode57	montagens_Alouatta_macconnelli_cytomegalovirus	montagens_Alouatta_palliata_cytomegalovirus	0	0	0	0			
Lib2barcode57	montagens_Alouatta_macconnelli_cytomegalovirus	montagens_CALHV3	0	183	0	183	0.0		0.0
Lib2barcode57	montagens_Alouatta_macconnelli_cytomegalovirus	montagens_Cebus_albifrons_lymphocryptovirus_1	0	0	0	0			
Lib2barcode57	montagens_Alouatta_macconnelli_cytomegalovirus	montagens_consenso_H1	0	0	0	0			
Lib2barcode57	montagens_Alouatta_palliata_cytomegalovirus	montagens_CALHV3	0	183	0	183	0.0		0.0
Lib2barcode57	montagens_Alouatta_palliata_cytomegalovirus	montagens_Cebus_albifrons_lymphocryptovirus_1	0	0	0	0			
Lib2barcode57	montagens_Alouatta_palliata_cytomegalovirus	montagens_consenso_H1	0	0	0	0			
Lib2barcode57	montagens_CALHV3	montagens_Cebus_albifrons_lymphocryptovirus_1	183	0	0	183	0.0	0.0	
Lib2barcode57	montagens_CALHV3	montagens_consenso_H1	183	0	0	183	0.0	0.0	
Lib2barcode57	montagens_Cebus_albifrons_lymphocryptovirus_1	montagens_consenso_H1	0	0	0	0			
Lib2barcode58	montagem_LIB_3_HSV6	montagem_LIB_3_HSV7	0	0	0	0			
Lib2barcode58	montagem_LIB_3_HSV6	montagens_Alouatta_macconnelli_cytomegalovirus	0	0	0	0			
Lib2barcode58	montagem_LIB_3_HSV6	montagens_Alouatta_palliata_cytomegalovirus	0	0	0	0			
Lib2barcode58	montagem_LIB_3_HSV6	montagens_CALHV3	0	0	0	0			
Lib2barcode58	montagem_LIB_3_HSV6	montagens_Cebus_albifrons_lymphocryptovirus_1	0	0	0	0			
Lib2barcode58	montagem_LIB_3_HSV6	montagens_consenso_H1	0	0	0	0			
Lib2barcode58	montagem_LIB_3_HSV7	montagens_Alouatta_macconnelli_cytomegalovirus	0	0	0	0			
Lib2barcode58	montagem_LIB_3_HSV7	montagens_Alouatta_palliata_cytomegalovirus	0	0	0	0			
Lib2barcode58	montagem_LIB_3_HSV7	montagens_CALHV3	0	0	0	0			
Lib2barcode58	montagem_LIB_3_HSV7	montagens_Cebus_albifrons_lymphocryptovirus_1	0	0	0	0			
Lib2barcode58	montagem_LIB_3_HSV7	montagens_consenso_H1	0	0	0	0			
Lib2barcode58	montagens_Alouatta_macconnelli_cytomegalovirus	montagens_Alouatta_palliata_cytomegalovirus	0	0	0	0			
Lib2barcode58	montagens_Alouatta_macconnelli_cytomegalovirus	montagens_CALHV3	0	0	0	0			
Lib2barcode58	montagens_Alouatta_macconnelli_cytomegalovirus	montagens_Cebus_albifrons_lymphocryptovirus_1	0	0	0	0			
Lib2barcode58	montagens_Alouatta_macconnelli_cytomegalovirus	montagens_consenso_H1	0	0	0	0			
Lib2barcode58	montagens_Alouatta_palliata_cytomegalovirus	montagens_CALHV3	0	0	0	0			
Lib2barcode58	montagens_Alouatta_palliata_cytomegalovirus	montagens_Cebus_albifrons_lymphocryptovirus_1	0	0	0	0			
Lib2barcode58	montagens_Alouatta_palliata_cytomegalovirus	montagens_consenso_H1	0	0	0	0			
Lib2barcode58	montagens_CALHV3	montagens_Cebus_albifrons_lymphocryptovirus_1	0	0	0	0			
Lib2barcode58	montagens_CALHV3	montagens_consenso_H1	0	0	0	0			
Lib2barcode58	montagens_Cebus_albifrons_lymphocryptovirus_1	montagens_consenso_H1	0	0	0	0			
Lib2barcode59	montagem_LIB_3_HSV6	montagem_LIB_3_HSV7	0	0	0	0			
Lib2barcode59	montagem_LIB_3_HSV6	montagens_Alouatta_macconnelli_cytomegalovirus	0	0	0	0			
Lib2barcode59	montagem_LIB_3_HSV6	montagens_Alouatta_palliata_cytomegalovirus	0	0	0	0			
Lib2barcode59	montagem_LIB_3_HSV6	montagens_CALHV3	0	0	0	0			
Lib2barcode59	montagem_LIB_3_HSV6	montagens_Cebus_albifrons_lymphocryptovirus_1	0	0	0	0			
Lib2barcode59	montagem_LIB_3_HSV6	montagens_consenso_H1	0	0	0	0			
Lib2barcode59	montagem_LIB_3_HSV7	montagens_Alouatta_macconnelli_cytomegalovirus	0	0	0	0			
Lib2barcode59	montagem_LIB_3_HSV7	montagens_Alouatta_palliata_cytomegalovirus	0	0	0	0			
Lib2barcode59	montagem_LIB_3_HSV7	montagens_CALHV3	0	0	0	0			
Lib2barcode59	montagem_LIB_3_HSV7	montagens_Cebus_albifrons_lymphocryptovirus_1	0	0	0	0			
Lib2barcode59	montagem_LIB_3_HSV7	montagens_consenso_H1	0	0	0	0			
Lib2barcode59	montagens_Alouatta_macconnelli_cytomegalovirus	montagens_Alouatta_palliata_cytomegalovirus	0	0	0	0			
Lib2barcode59	montagens_Alouatta_macconnelli_cytomegalovirus	montagens_CALHV3	0	0	0	0			
Lib2barcode59	montagens_Alouatta_macconnelli_cytomegalovirus	montagens_Cebus_albifrons_lymphocryptovirus_1	0	0	0	0			
Lib2barcode59	montagens_Alouatta_macconnelli_cytomegalovirus	montagens_consenso_H1	0	0	0	0			
Lib2barcode59	montagens_Alouatta_palliata_cytomegalovirus	montagens_CALHV3	0	0	0	0			
Lib2barcode59	montagens_Alouatta_palliata_cytomegalovirus	montagens_Cebus_albifrons_lymphocryptovirus_1	0	0	0	0			
Lib2barcode59	montagens_Alouatta_palliata_cytomegalovirus	montagens_consenso_H1	0	0	0	0			
Lib2barcode59	montagens_CALHV3	montagens_Cebus_albifrons_lymphocryptovirus_1	0	0	0	0			
Lib2barcode59	montagens_CALHV3	montagens_consenso_H1	0	0	0	0			
Lib2barcode59	montagens_Cebus_albifrons_lymphocryptovirus_1	montagens_consenso_H1	0	0	0	0			
Lib2barcode60	montagem_LIB_3_HSV6	montagem_LIB_3_HSV7	0	0	0	0			
Lib2barcode60	montagem_LIB_3_HSV6	montagens_Alouatta_macconnelli_cytomegalovirus	0	0	0	0			
Lib2barcode60	montagem_LIB_3_HSV6	montagens_Alouatta_palliata_cytomegalovirus	0	0	0	0			
Lib2barcode60	montagem_LIB_3_HSV6	montagens_CALHV3	0	0	0	0			
Lib2barcode60	montagem_LIB_3_HSV6	montagens_Cebus_albifrons_lymphocryptovirus_1	0	0	0	0			
Lib2barcode60	montagem_LIB_3_HSV6	montagens_consenso_H1	0	0	0	0			
Lib2barcode60	montagem_LIB_3_HSV7	montagens_Alouatta_macconnelli_cytomegalovirus	0	0	0	0			
Lib2barcode60	montagem_LIB_3_HSV7	montagens_Alouatta_palliata_cytomegalovirus	0	0	0	0			
Lib2barcode60	montagem_LIB_3_HSV7	montagens_CALHV3	0	0	0	0			
Lib2barcode60	montagem_LIB_3_HSV7	montagens_Cebus_albifrons_lymphocryptovirus_1	0	0	0	0			
Lib2barcode60	montagem_LIB_3_HSV7	montagens_consenso_H1	0	0	0	0			
Lib2barcode60	montagens_Alouatta_macconnelli_cytomegalovirus	montagens_Alouatta_palliata_cytomegalovirus	0	0	0	0			
Lib2barcode60	montagens_Alouatta_macconnelli_cytomegalovirus	montagens_CALHV3	0	0	0	0			
Lib2barcode60	montagens_Alouatta_macconnelli_cytomegalovirus	montagens_Cebus_albifrons_lymphocryptovirus_1	0	0	0	0			
Lib2barcode60	montagens_Alouatta_macconnelli_cytomegalovirus	montagens_consenso_H1	0	0	0	0			
Lib2barcode60	montagens_Alouatta_palliata_cytomegalovirus	montagens_CALHV3	0	0	0	0			
Lib2barcode60	montagens_Alouatta_palliata_cytomegalovirus	montagens_Cebus_albifrons_lymphocryptovirus_1	0	0	0	0			
Lib2barcode60	montagens_Alouatta_palliata_cytomegalovirus	montagens_consenso_H1	0	0	0	0			
Lib2barcode60	montagens_CALHV3	montagens_Cebus_albifrons_lymphocryptovirus_1	0	0	0	0			
Lib2barcode60	montagens_CALHV3	montagens_consenso_H1	0	0	0	0			
Lib2barcode60	montagens_Cebus_albifrons_lymphocryptovirus_1	montagens_consenso_H1	0	0	0	0			
Lib2barcode61	montagem_LIB_3_HSV6	montagem_LIB_3_HSV7	0	0	0	0			
Lib2barcode61	montagem_LIB_3_HSV6	montagens_Alouatta_macconnelli_cytomegalovirus	0	0	0	0			
Lib2barcode61	montagem_LIB_3_HSV6	montagens_Alouatta_palliata_cytomegalovirus	0	0	0	0			
Lib2barcode61	montagem_LIB_3_HSV6	montagens_CALHV3	0	0	0	0			
Lib2barcode61	montagem_LIB_3_HSV6	montagens_Cebus_albifrons_lymphocryptovirus_1	0	0	0	0			
Lib2barcode61	montagem_LIB_3_HSV6	montagens_consenso_H1	0	0	0	0			
Lib2barcode61	montagem_LIB_3_HSV7	montagens_Alouatta_macconnelli_cytomegalovirus	0	0	0	0			
Lib2barcode61	montagem_LIB_3_HSV7	montagens_Alouatta_palliata_cytomegalovirus	0	0	0	0			
Lib2barcode61	montagem_LIB_3_HSV7	montagens_CALHV3	0	0	0	0			
Lib2barcode61	montagem_LIB_3_HSV7	montagens_Cebus_albifrons_lymphocryptovirus_1	0	0	0	0			
Lib2barcode61	montagem_LIB_3_HSV7	montagens_consenso_H1	0	0	0	0			
Lib2barcode61	montagens_Alouatta_macconnelli_cytomegalovirus	montagens_Alouatta_palliata_cytomegalovirus	0	0	0	0			
Lib2barcode61	montagens_Alouatta_macconnelli_cytomegalovirus	montagens_CALHV3	0	0	0	0			
Lib2barcode61	montagens_Alouatta_macconnelli_cytomegalovirus	montagens_Cebus_albifrons_lymphocryptovirus_1	0	0	0	0			
Lib2barcode61	montagens_Alouatta_macconnelli_cytomegalovirus	montagens_consenso_H1	0	0	0	0			
Lib2barcode61	montagens_Alouatta_palliata_cytomegalovirus	montagens_CALHV3	0	0	0	0			
Lib2barcode61	montagens_Alouatta_palliata_cytomegalovirus	montagens_Cebus_albifrons_lymphocryptovirus_1	0	0	0	0			
Lib2barcode61	montagens_Alouatta_palliata_cytomegalovirus	montagens_consenso_H1	0	0	0	0			
Lib2barcode61	montagens_CALHV3	montagens_Cebus_albifrons_lymphocryptovirus_1	0	0	0	0			
Lib2barcode61	montagens_CALHV3	montagens_consenso_H1	0	0	0	0			
Lib2barcode61	montagens_Cebus_albifrons_lymphocryptovirus_1	montagens_consenso_H1	0	0	0	0			
Lib2barcode62	montagem_LIB_3_HSV6	montagem_LIB_3_HSV7	0	0	0	0			
Lib2barcode62	montagem_LIB_3_HSV6	montagens_Alouatta_macconnelli_cytomegalovirus	0	0	0	0			
Lib2barcode62	montagem_LIB_3_HSV6	montagens_Alouatta_palliata_cytomegalovirus	0	0	0	0			
Lib2barcode62	montagem_LIB_3_HSV6	montagens_CALHV3	0	0	0	0			
Lib2barcode62	montagem_LIB_3_HSV6	montagens_Cebus_albifrons_lymphocryptovirus_1	0	0	0	0			
Lib2barcode62	montagem_LIB_3_HSV6	montagens_consenso_H1	0	0	0	0			
Lib2barcode62	montagem_LIB_3_HSV7	montagens_Alouatta_macconnelli_cytomegalovirus	0	0	0	0			
Lib2barcode62	montagem_LIB_3_HSV7	montagens_Alouatta_palliata_cytomegalovirus	0	0	0	0			
Lib2barcode62	montagem_LIB_3_HSV7	montagens_CALHV3	0	0	0	0			
Lib2barcode62	montagem_LIB_3_HSV7	montagens_Cebus_albifrons_lymphocryptovirus_1	0	0	0	0			
Lib2barcode62	montagem_LIB_3_HSV7	montagens_consenso_H1	0	0	0	0			
Lib2barcode62	montagens_Alouatta_macconnelli_cytomegalovirus	montagens_Alouatta_palliata_cytomegalovirus	0	0	0	0			
Lib2barcode62	montagens_Alouatta_macconnelli_cytomegalovirus	montagens_CALHV3	0	0	0	0			
Lib2barcode62	montagens_Alouatta_macconnelli_cytomegalovirus	montagens_Cebus_albifrons_lymphocryptovirus_1	0	0	0	0			
Lib2barcode62	montagens_Alouatta_macconnelli_cytomegalovirus	montagens_consenso_H1	0	0	0	0			
Lib2barcode62	montagens_Alouatta_palliata_cytomegalovirus	montagens_CALHV3	0	0	0	0			
Lib2barcode62	montagens_Alouatta_palliata_cytomegalovirus	montagens_Cebus_albifrons_lymphocryptovirus_1	0	0	0	0			
Lib2barcode62	montagens_Alouatta_palliata_cytomegalovirus	montagens_consenso_H1	0	0	0	0			
Lib2barcode62	montagens_CALHV3	montagens_Cebus_albifrons_lymphocryptovirus_1	0	0	0	0			
Lib2barcode62	montagens_CALHV3	montagens_consenso_H1	0	0	0	0			
Lib2barcode62	montagens_Cebus_albifrons_lymphocryptovirus_1	montagens_consenso_H1	0	0	0	0			
Lib2barcode63	montagem_LIB_3_HSV6	montagem_LIB_3_HSV7	0	0	0	0			
Lib2barcode63	montagem_LIB_3_HSV6	montagens_Alouatta_macconnelli_cytomegalovirus	0	0	0	0			
Lib2barcode63	montagem_LIB_3_HSV6	montagens_Alouatta_palliata_cytomegalovirus	0	0	0	0			
Lib2barcode63	montagem_LIB_3_HSV6	montagens_CALHV3	0	0	0	0			
Lib2barcode63	montagem_LIB_3_HSV6	montagens_Cebus_albifrons_lymphocryptovirus_1	0	0	0	0			
Lib2barcode63	montagem_LIB_3_HSV6	montagens_consenso_H1	0	0	0	0			
Lib2barcode63	montagem_LIB_3_HSV7	montagens_Alouatta_macconnelli_cytomegalovirus	0	0	0	0			
Lib2barcode63	montagem_LIB_3_HSV7	montagens_Alouatta_palliata_cytomegalovirus	0	0	0	0			
Lib2barcode63	montagem_LIB_3_HSV7	montagens_CALHV3	0	0	0	0			
Lib2barcode63	montagem_LIB_3_HSV7	montagens_Cebus_albifrons_lymphocryptovirus_1	0	0	0	0			
Lib2barcode63	montagem_LIB_3_HSV7	montagens_consenso_H1	0	0	0	0			
Lib2barcode63	montagens_Alouatta_macconnelli_cytomegalovirus	montagens_Alouatta_palliata_cytomegalovirus	0	0	0	0			
Lib2barcode63	montagens_Alouatta_macconnelli_cytomegalovirus	montagens_CALHV3	0	0	0	0			
Lib2barcode63	montagens_Alouatta_macconnelli_cytomegalovirus	montagens_Cebus_albifrons_lymphocryptovirus_1	0	0	0	0			
Lib2barcode63	montagens_Alouatta_macconnelli_cytomegalovirus	montagens_consenso_H1	0	0	0	0			
Lib2barcode63	montagens_Alouatta_palliata_cytomegalovirus	montagens_CALHV3	0	0	0	0			
Lib2barcode63	montagens_Alouatta_palliata_cytomegalovirus	montagens_Cebus_albifrons_lymphocryptovirus_1	0	0	0	0			
Lib2barcode63	montagens_Alouatta_palliata_cytomegalovirus	montagens_consenso_H1	0	0	0	0			
Lib2barcode63	montagens_CALHV3	montagens_Cebus_albifrons_lymphocryptovirus_1	0	0	0	0			
Lib2barcode63	montagens_CALHV3	montagens_consenso_H1	0	0	0	0			
Lib2barcode63	montagens_Cebus_albifrons_lymphocryptovirus_1	montagens_consenso_H1	0	0	0	0			
Lib2barcode64	montagem_LIB_3_HSV6	montagem_LIB_3_HSV7	0	0	0	0			
Lib2barcode64	montagem_LIB_3_HSV6	montagens_Alouatta_macconnelli_cytomegalovirus	0	0	0	0			
Lib2barcode64	montagem_LIB_3_HSV6	montagens_Alouatta_palliata_cytomegalovirus	0	0	0	0			
Lib2barcode64	montagem_LIB_3_HSV6	montagens_CALHV3	0	127	0	127	0.0		0.0
Lib2barcode64	montagem_LIB_3_HSV6	montagens_Cebus_albifrons_lymphocryptovirus_1	0	0	0	0			
Lib2barcode64	montagem_LIB_3_HSV6	montagens_consenso_H1	0	0	0	0			
Lib2barcode64	montagem_LIB_3_HSV7	montagens_Alouatta_macconnelli_cytomegalovirus	0	0	0	0			
Lib2barcode64	montagem_LIB_3_HSV7	montagens_Alouatta_palliata_cytomegalovirus	0	0	0	0			
Lib2barcode64	montagem_LIB_3_HSV7	montagens_CALHV3	0	127	0	127	0.0		0.0
Lib2barcode64	montagem_LIB_3_HSV7	montagens_Cebus_albifrons_lymphocryptovirus_1	0	0	0	0			
Lib2barcode64	montagem_LIB_3_HSV7	montagens_consenso_H1	0	0	0	0			
Lib2barcode64	montagens_Alouatta_macconnelli_cytomegalovirus	montagens_Alouatta_palliata_cytomegalovirus	0	0	0	0			
Lib2barcode64	montagens_Alouatta_macconnelli_cytomegalovirus	montagens_CALHV3	0	127	0	127	0.0		0.0
Lib2barcode64	montagens_Alouatta_macconnelli_cytomegalovirus	montagens_Cebus_albifrons_lymphocryptovirus_1	0	0	0	0			
Lib2barcode64	montagens_Alouatta_macconnelli_cytomegalovirus	montagens_consenso_H1	0	0	0	0			
Lib2barcode64	montagens_Alouatta_palliata_cytomegalovirus	montagens_CALHV3	0	127	0	127	0.0		0.0
Lib2barcode64	montagens_Alouatta_palliata_cytomegalovirus	montagens_Cebus_albifrons_lymphocryptovirus_1	0	0	0	0			
Lib2barcode64	montagens_Alouatta_palliata_cytomegalovirus	montagens_consenso_H1	0	0	0	0			
Lib2barcode64	montagens_CALHV3	montagens_Cebus_albifrons_lymphocryptovirus_1	127	0	0	127	0.0	0.0	
Lib2barcode64	montagens_CALHV3	montagens_consenso_H1	127	0	0	127	0.0	0.0	
Lib2barcode64	montagens_Cebus_albifrons_lymphocryptovirus_1	montagens_consenso_H1	0	0	0	0			
Lib2barcode65	montagem_LIB_3_HSV6	montagem_LIB_3_HSV7	0	0	0	0			
Lib2barcode65	montagem_LIB_3_HSV6	montagens_Alouatta_macconnelli_cytomegalovirus	0	0	0	0			
Lib2barcode65	montagem_LIB_3_HSV6	montagens_Alouatta_palliata_cytomegalovirus	0	0	0	0			
Lib2barcode65	montagem_LIB_3_HSV6	montagens_CALHV3	0	248	0	248	0.0		0.0
Lib2barcode65	montagem_LIB_3_HSV6	montagens_Cebus_albifrons_lymphocryptovirus_1	0	0	0	0			
Lib2barcode65	montagem_LIB_3_HSV6	montagens_consenso_H1	0	0	0	0			
Lib2barcode65	montagem_LIB_3_HSV7	montagens_Alouatta_macconnelli_cytomegalovirus	0	0	0	0			
Lib2barcode65	montagem_LIB_3_HSV7	montagens_Alouatta_palliata_cytomegalovirus	0	0	0	0			
Lib2barcode65	montagem_LIB_3_HSV7	montagens_CALHV3	0	248	0	248	0.0		0.0
Lib2barcode65	montagem_LIB_3_HSV7	montagens_Cebus_albifrons_lymphocryptovirus_1	0	0	0	0			
Lib2barcode65	montagem_LIB_3_HSV7	montagens_consenso_H1	0	0	0	0			
Lib2barcode65	montagens_Alouatta_macconnelli_cytomegalovirus	montagens_Alouatta_palliata_cytomegalovirus	0	0	0	0			
Lib2barcode65	montagens_Alouatta_macconnelli_cytomegalovirus	montagens_CALHV3	0	248	0	248	0.0		0.0
Lib2barcode65	montagens_Alouatta_macconnelli_cytomegalovirus	montagens_Cebus_albifrons_lymphocryptovirus_1	0	0	0	0			
Lib2barcode65	montagens_Alouatta_macconnelli_cytomegalovirus	montagens_consenso_H1	0	0	0	0			
Lib2barcode65	montagens_Alouatta_palliata_cytomegalovirus	montagens_CALHV3	0	248	0	248	0.0		0.0
Lib2barcode65	montagens_Alouatta_palliata_cytomegalovirus	montagens_Cebus_albifrons_lymphocryptovirus_1	0	0	0	0			
Lib2barcode65	montagens_Alouatta_palliata_cytomegalovirus	montagens_consenso_H1	0	0	0	0			
Lib2barcode65	montagens_CALHV3	montagens_Cebus_albifrons_lymphocryptovirus_1	248	0	0	248	0.0	0.0	
Lib2barcode65	montagens_CALHV3	montagens_consenso_H1	248	0	0	248	0.0	0.0	
Lib2barcode65	montagens_Cebus_albifrons_lymphocryptovirus_1	montagens_consenso_H1	0	0	0	0			
Lib2barcode66	montagem_LIB_3_HSV6	montagem_LIB_3_HSV7	0	0	0	0			
Lib2barcode66	montagem_LIB_3_HSV6	montagens_Alouatta_macconnelli_cytomegalovirus	0	0	0	0			
Lib2barcode66	montagem_LIB_3_HSV6	montagens_Alouatta_palliata_cytomegalovirus	0	0	0	0			
Lib2barcode66	montagem_LIB_3_HSV6	montagens_CALHV3	0	0	0	0			
Lib2barcode66	montagem_LIB_3_HSV6	montagens_Cebus_albifrons_lymphocryptovirus_1	0	0	0	0			
Lib2barcode66	montagem_LIB_3_HSV6	montagens_consenso_H1	0	0	0	0			
Lib2barcode66	montagem_LIB_3_HSV7	montagens_Alouatta_macconnelli_cytomegalovirus	0	0	0	0			
Lib2barcode66	montagem_LIB_3_HSV7	montagens_Alouatta_palliata_cytomegalovirus	0	0	0	0			
Lib2barcode66	montagem_LIB_3_HSV7	montagens_CALHV3	0	0	0	0			
Lib2barcode66	montagem_LIB_3_HSV7	montagens_Cebus_albifrons_lymphocryptovirus_1	0	0	0	0			
Lib2barcode66	montagem_LIB_3_HSV7	montagens_consenso_H1	0	0	0	0			
Lib2barcode66	montagens_Alouatta_macconnelli_cytomegalovirus	montagens_Alouatta_palliata_cytomegalovirus	0	0	0	0			
Lib2barcode66	montagens_Alouatta_macconnelli_cytomegalovirus	montagens_CALHV3	0	0	0	0			
Lib2barcode66	montagens_Alouatta_macconnelli_cytomegalovirus	montagens_Cebus_albifrons_lymphocryptovirus_1	0	0	0	0			
Lib2barcode66	montagens_Alouatta_macconnelli_cytomegalovirus	montagens_consenso_H1	0	0	0	0			
Lib2barcode66	montagens_Alouatta_palliata_cytomegalovirus	montagens_CALHV3	0	0	0	0			
Lib2barcode66	montagens_Alouatta_palliata_cytomegalovirus	montagens_Cebus_albifrons_lymphocryptovirus_1	0	0	0	0			
Lib2barcode66	montagens_Alouatta_palliata_cytomegalovirus	montagens_consenso_H1	0	0	0	0			
Lib2barcode66	montagens_CALHV3	montagens_Cebus_albifrons_lymphocryptovirus_1	0	0	0	0			
Lib2barcode66	montagens_CALHV3	montagens_consenso_H1	0	0	0	0			
Lib2barcode66	montagens_Cebus_albifrons_lymphocryptovirus_1	montagens_consenso_H1	0	0	0	0			
Lib2barcode67	montagem_LIB_3_HSV6	montagem_LIB_3_HSV7	0	0	0	0			
Lib2barcode67	montagem_LIB_3_HSV6	montagens_Alouatta_macconnelli_cytomegalovirus	0	0	0	0			
Lib2barcode67	montagem_LIB_3_HSV6	montagens_Alouatta_palliata_cytomegalovirus	0	0	0	0			
Lib2barcode67	montagem_LIB_3_HSV6	montagens_CALHV3	0	121	0	121	0.0		0.0
Lib2barcode67	montagem_LIB_3_HSV6	montagens_Cebus_albifrons_lymphocryptovirus_1	0	0	0	0			
Lib2barcode67	montagem_LIB_3_HSV6	montagens_consenso_H1	0	0	0	0			
Lib2barcode67	montagem_LIB_3_HSV7	montagens_Alouatta_macconnelli_cytomegalovirus	0	0	0	0			
Lib2barcode67	montagem_LIB_3_HSV7	montagens_Alouatta_palliata_cytomegalovirus	0	0	0	0			
Lib2barcode67	montagem_LIB_3_HSV7	montagens_CALHV3	0	121	0	121	0.0		0.0
Lib2barcode67	montagem_LIB_3_HSV7	montagens_Cebus_albifrons_lymphocryptovirus_1	0	0	0	0			
Lib2barcode67	montagem_LIB_3_HSV7	montagens_consenso_H1	0	0	0	0			
Lib2barcode67	montagens_Alouatta_macconnelli_cytomegalovirus	montagens_Alouatta_palliata_cytomegalovirus	0	0	0	0			
Lib2barcode67	montagens_Alouatta_macconnelli_cytomegalovirus	montagens_CALHV3	0	121	0	121	0.0		0.0
Lib2barcode67	montagens_Alouatta_macconnelli_cytomegalovirus	montagens_Cebus_albifrons_lymphocryptovirus_1	0	0	0	0			
Lib2barcode67	montagens_Alouatta_macconnelli_cytomegalovirus	montagens_consenso_H1	0	0	0	0			
Lib2barcode67	montagens_Alouatta_palliata_cytomegalovirus	montagens_CALHV3	0	121	0	121	0.0		0.0
Lib2barcode67	montagens_Alouatta_palliata_cytomegalovirus	montagens_Cebus_albifrons_lymphocryptovirus_1	0	0	0	0			
Lib2barcode67	montagens_Alouatta_palliata_cytomegalovirus	montagens_consenso_H1	0	0	0	0			
Lib2barcode67	montagens_CALHV3	montagens_Cebus_albifrons_lymphocryptovirus_1	121	0	0	121	0.0	0.0	
Lib2barcode67	montagens_CALHV3	montagens_consenso_H1	121	0	0	121	0.0	0.0	
Lib2barcode67	montagens_Cebus_albifrons_lymphocryptovirus_1	montagens_consenso_H1	0	0	0	0			
Lib2barcode68	montagem_LIB_3_HSV6	montagem_LIB_3_HSV7	0	0	0	0			
Lib2barcode68	montagem_LIB_3_HSV6	montagens_Alouatta_macconnelli_cytomegalovirus	0	0	0	0			
Lib2barcode68	montagem_LIB_3_HSV6	montagens_Alouatta_palliata_cytomegalovirus	0	0	0	0			
Lib2barcode68	montagem_LIB_3_HSV6	montagens_CALHV3	0	0	0	0			
Lib2barcode68	montagem_LIB_3_HSV6	montagens_Cebus_albifrons_lymphocryptovirus_1	0	0	0	0			
Lib2barcode68	montagem_LIB_3_HSV6	montagens_consenso_H1	0	0	0	0			
Lib2barcode68	montagem_LIB_3_HSV7	montagens_Alouatta_macconnelli_cytomegalovirus	0	0	0	0			
Lib2barcode68	montagem_LIB_3_HSV7	montagens_Alouatta_palliata_cytomegalovirus	0	0	0	0			
Lib2barcode68	montagem_LIB_3_HSV7	montagens_CALHV3	0	0	0	0			
Lib2barcode68	montagem_LIB_3_HSV7	montagens_Cebus_albifrons_lymphocryptovirus_1	0	0	0	0			
Lib2barcode68	montagem_LIB_3_HSV7	montagens_consenso_H1	0	0	0	0			
Lib2barcode68	montagens_Alouatta_macconnelli_cytomegalovirus	montagens_Alouatta_palliata_cytomegalovirus	0	0	0	0			
Lib2barcode68	montagens_Alouatta_macconnelli_cytomegalovirus	montagens_CALHV3	0	0	0	0			
Lib2barcode68	montagens_Alouatta_macconnelli_cytomegalovirus	montagens_Cebus_albifrons_lymphocryptovirus_1	0	0	0	0			
Lib2barcode68	montagens_Alouatta_macconnelli_cytomegalovirus	montagens_consenso_H1	0	0	0	0			
Lib2barcode68	montagens_Alouatta_palliata_cytomegalovirus	montagens_CALHV3	0	0	0	0			
Lib2barcode68	montagens_Alouatta_palliata_cytomegalovirus	montagens_Cebus_albifrons_lymphocryptovirus_1	0	0	0	0			
Lib2barcode68	montagens_Alouatta_palliata_cytomegalovirus	montagens_consenso_H1	0	0	0	0			
Lib2barcode68	montagens_CALHV3	montagens_Cebus_albifrons_lymphocryptovirus_1	0	0	0	0			
Lib2barcode68	montagens_CALHV3	montagens_consenso_H1	0	0	0	0			
Lib2barcode68	montagens_Cebus_albifrons_lymphocryptovirus_1	montagens_consenso_H1	0	0	0	0			
Lib2barcode69	montagem_LIB_3_HSV6	montagem_LIB_3_HSV7	0	0	0	0			
Lib2barcode69	montagem_LIB_3_HSV6	montagens_Alouatta_macconnelli_cytomegalovirus	0	0	0	0			
Lib2barcode69	montagem_LIB_3_HSV6	montagens_Alouatta_palliata_cytomegalovirus	0	0	0	0			
Lib2barcode69	montagem_LIB_3_HSV6	montagens_CALHV3	0	0	0	0			
Lib2barcode69	montagem_LIB_3_HSV6	montagens_Cebus_albifrons_lymphocryptovirus_1	0	0	0	0			
Lib2barcode69	montagem_LIB_3_HSV6	montagens_consenso_H1	0	0	0	0			
Lib2barcode69	montagem_LIB_3_HSV7	montagens_Alouatta_macconnelli_cytomegalovirus	0	0	0	0			
Lib2barcode69	montagem_LIB_3_HSV7	montagens_Alouatta_palliata_cytomegalovirus	0	0	0	0			
Lib2barcode69	montagem_LIB_3_HSV7	montagens_CALHV3	0	0	0	0			
Lib2barcode69	montagem_LIB_3_HSV7	montagens_Cebus_albifrons_lymphocryptovirus_1	0	0	0	0			
Lib2barcode69	montagem_LIB_3_HSV7	montagens_consenso_H1	0	0	0	0			
Lib2barcode69	montagens_Alouatta_macconnelli_cytomegalovirus	montagens_Alouatta_palliata_cytomegalovirus	0	0	0	0			
Lib2barcode69	montagens_Alouatta_macconnelli_cytomegalovirus	montagens_CALHV3	0	0	0	0			
Lib2barcode69	montagens_Alouatta_macconnelli_cytomegalovirus	montagens_Cebus_albifrons_lymphocryptovirus_1	0	0	0	0			
Lib2barcode69	montagens_Alouatta_macconnelli_cytomegalovirus	montagens_consenso_H1	0	0	0	0			
Lib2barcode69	montagens_Alouatta_palliata_cytomegalovirus	montagens_CALHV3	0	0	0	0			
Lib2barcode69	montagens_Alouatta_palliata_cytomegalovirus	montagens_Cebus_albifrons_lymphocryptovirus_1	0	0	0	0			
Lib2barcode69	montagens_Alouatta_palliata_cytomegalovirus	montagens_consenso_H1	0	0	0	0			
Lib2barcode69	montagens_CALHV3	montagens_Cebus_albifrons_lymphocryptovirus_1	0	0	0	0			
Lib2barcode69	montagens_CALHV3	montagens_consenso_H1	0	0	0	0			
Lib2barcode69	montagens_Cebus_albifrons_lymphocryptovirus_1	montagens_consenso_H1	0	0	0	0			
Lib2barcode70	montagem_LIB_3_HSV6	montagem_LIB_3_HSV7	0	0	0	0			
Lib2barcode70	montagem_LIB_3_HSV6	montagens_Alouatta_macconnelli_cytomegalovirus	0	0	0	0			
Lib2barcode70	montagem_LIB_3_HSV6	montagens_Alouatta_palliata_cytomegalovirus	0	0	0	0			
Lib2barcode70	montagem_LIB_3_HSV6	montagens_CALHV3	0	244	0	244	0.0		0.0
Lib2barcode70	montagem_LIB_3_HSV6	montagens_Cebus_albifrons_lymphocryptovirus_1	0	0	0	0			
Lib2barcode70	montagem_LIB_3_HSV6	montagens_consenso_H1	0	0	0	0			
Lib2barcode70	montagem_LIB_3_HSV7	montagens_Alouatta_macconnelli_cytomegalovirus	0	0	0	0			
Lib2barcode70	montagem_LIB_3_HSV7	montagens_Alouatta_palliata_cytomegalovirus	0	0	0	0			
Lib2barcode70	montagem_LIB_3_HSV7	montagens_CALHV3	0	244	0	244	0.0		0.0
Lib2barcode70	montagem_LIB_3_HSV7	montagens_Cebus_albifrons_lymphocryptovirus_1	0	0	0	0			
Lib2barcode70	montagem_LIB_3_HSV7	montagens_consenso_H1	0	0	0	0			
Lib2barcode70	montagens_Alouatta_macconnelli_cytomegalovirus	montagens_Alouatta_palliata_cytomegalovirus	0	0	0	0			
Lib2barcode70	montagens_Alouatta_macconnelli_cytomegalovirus	montagens_CALHV3	0	244	0	244	0.0		0.0
Lib2barcode70	montagens_Alouatta_macconnelli_cytomegalovirus	montagens_Cebus_albifrons_lymphocryptovirus_1	0	0	0	0			
Lib2barcode70	montagens_Alouatta_macconnelli_cytomegalovirus	montagens_consenso_H1	0	0	0	0			
Lib2barcode70	montagens_Alouatta_palliata_cytomegalovirus	montagens_CALHV3	0	244	0	244	0.0		0.0
Lib2barcode70	montagens_Alouatta_palliata_cytomegalovirus	montagens_Cebus_albifrons_lymphocryptovirus_1	0	0	0	0			
Lib2barcode70	montagens_Alouatta_palliata_cytomegalovirus	montagens_consenso_H1	0	0	0	0			
Lib2barcode70	montagens_CALHV3	montagens_Cebus_albifrons_lymphocryptovirus_1	244	0	0	244	0.0	0.0	
Lib2barcode70	montagens_CALHV3	montagens_consenso_H1	244	0	0	244	0.0	0.0	
Lib2barcode70	montagens_Cebus_albifrons_lymphocryptovirus_1	montagens_consenso_H1	0	0	0	0			
Lib2barcode71	montagem_LIB_3_HSV6	montagem_LIB_3_HSV7	0	0	0	0			
Lib2barcode71	montagem_LIB_3_HSV6	montagens_Alouatta_macconnelli_cytomegalovirus	0	0	0	0			
Lib2barcode71	montagem_LIB_3_HSV6	montagens_Alouatta_palliata_cytomegalovirus	0	0	0	0			
Lib2barcode71	montagem_LIB_3_HSV6	montagens_CALHV3	0	389	0	389	0.0		0.0
Lib2barcode71	montagem_LIB_3_HSV6	montagens_Cebus_albifrons_lymphocryptovirus_1	0	0	0	0			
Lib2barcode71	montagem_LIB_3_HSV6	montagens_consenso_H1	0	0	0	0			
Lib2barcode71	montagem_LIB_3_HSV7	montagens_Alouatta_macconnelli_cytomegalovirus	0	0	0	0			
Lib2barcode71	montagem_LIB_3_HSV7	montagens_Alouatta_palliata_cytomegalovirus	0	0	0	0			
Lib2barcode71	montagem_LIB_3_HSV7	montagens_CALHV3	0	389	0	389	0.0		0.0
Lib2barcode71	montagem_LIB_3_HSV7	montagens_Cebus_albifrons_lymphocryptovirus_1	0	0	0	0			
Lib2barcode71	montagem_LIB_3_HSV7	montagens_consenso_H1	0	0	0	0			
Lib2barcode71	montagens_Alouatta_macconnelli_cytomegalovirus	montagens_Alouatta_palliata_cytomegalovirus	0	0	0	0			
Lib2barcode71	montagens_Alouatta_macconnelli_cytomegalovirus	montagens_CALHV3	0	389	0	389	0.0		0.0
Lib2barcode71	montagens_Alouatta_macconnelli_cytomegalovirus	montagens_Cebus_albifrons_lymphocryptovirus_1	0	0	0	0			
Lib2barcode71	montagens_Alouatta_macconnelli_cytomegalovirus	montagens_consenso_H1	0	0	0	0			
Lib2barcode71	montagens_Alouatta_palliata_cytomegalovirus	montagens_CALHV3	0	389	0	389	0.0		0.0
Lib2barcode71	montagens_Alouatta_palliata_cytomegalovirus	montagens_Cebus_albifrons_lymphocryptovirus_1	0	0	0	0			
Lib2barcode71	montagens_Alouatta_palliata_cytomegalovirus	montagens_consenso_H1	0	0	0	0			
Lib2barcode71	montagens_CALHV3	montagens_Cebus_albifrons_lymphocryptovirus_1	389	0	0	389	0.0	0.0	
Lib2barcode71	montagens_CALHV3	montagens_consenso_H1	389	0	0	389	0.0	0.0	
Lib2barcode71	montagens_Cebus_albifrons_lymphocryptovirus_1	montagens_consenso_H1	0	0	0	0			
Lib2barcode72	montagem_LIB_3_HSV6	montagem_LIB_3_HSV7	0	0	0	0			
Lib2barcode72	montagem_LIB_3_HSV6	montagens_Alouatta_macconnelli_cytomegalovirus	0	0	0	0			
Lib2barcode72	montagem_LIB_3_HSV6	montagens_Alouatta_palliata_cytomegalovirus	0	0	0	0			
Lib2barcode72	montagem_LIB_3_HSV6	montagens_CALHV3	0	316	0	316	0.0		0.0
Lib2barcode72	montagem_LIB_3_HSV6	montagens_Cebus_albifrons_lymphocryptovirus_1	0	0	0	0			
Lib2barcode72	montagem_LIB_3_HSV6	montagens_consenso_H1	0	0	0	0			
Lib2barcode72	montagem_LIB_3_HSV7	montagens_Alouatta_macconnelli_cytomegalovirus	0	0	0	0			
Lib2barcode72	montagem_LIB_3_HSV7	montagens_Alouatta_palliata_cytomegalovirus	0	0	0	0			
Lib2barcode72	montagem_LIB_3_HSV7	montagens_CALHV3	0	316	0	316	0.0		0.0
Lib2barcode72	montagem_LIB_3_HSV7	montagens_Cebus_albifrons_lymphocryptovirus_1	0	0	0	0			
Lib2barcode72	montagem_LIB_3_HSV7	montagens_consenso_H1	0	0	0	0			
Lib2barcode72	montagens_Alouatta_macconnelli_cytomegalovirus	montagens_Alouatta_palliata_cytomegalovirus	0	0	0	0			
Lib2barcode72	montagens_Alouatta_macconnelli_cytomegalovirus	montagens_CALHV3	0	316	0	316	0.0		0.0
Lib2barcode72	montagens_Alouatta_macconnelli_cytomegalovirus	montagens_Cebus_albifrons_lymphocryptovirus_1	0	0	0	0			
Lib2barcode72	montagens_Alouatta_macconnelli_cytomegalovirus	montagens_consenso_H1	0	0	0	0			
Lib2barcode72	montagens_Alouatta_palliata_cytomegalovirus	montagens_CALHV3	0	316	0	316	0.0		0.0
Lib2barcode72	montagens_Alouatta_palliata_cytomegalovirus	montagens_Cebus_albifrons_lymphocryptovirus_1	0	0	0	0			
Lib2barcode72	montagens_Alouatta_palliata_cytomegalovirus	montagens_consenso_H1	0	0	0	0			
Lib2barcode72	montagens_CALHV3	montagens_Cebus_albifrons_lymphocryptovirus_1	316	0	0	316	0.0	0.0	
Lib2barcode72	montagens_CALHV3	montagens_consenso_H1	316	0	0	316	0.0	0.0	
Lib2barcode72	montagens_Cebus_albifrons_lymphocryptovirus_1	montagens_consenso_H1	0	0	0	0			
Lib2barcode73	montagem_LIB_3_HSV6	montagem_LIB_3_HSV7	1	0	0	1	0.0	0.0	
Lib2barcode73	montagem_LIB_3_HSV6	montagens_Alouatta_macconnelli_cytomegalovirus	1	0	0	1	0.0	0.0	
Lib2barcode73	montagem_LIB_3_HSV6	montagens_Alouatta_palliata_cytomegalovirus	1	0	0	1	0.0	0.0	
Lib2barcode73	montagem_LIB_3_HSV6	montagens_CALHV3	1	407	0	408	0.0	0.0	0.0
Lib2barcode73	montagem_LIB_3_HSV6	montagens_Cebus_albifrons_lymphocryptovirus_1	1	0	0	1	0.0	0.0	
Lib2barcode73	montagem_LIB_3_HSV6	montagens_consenso_H1	1	0	0	1	0.0	0.0	
Lib2barcode73	montagem_LIB_3_HSV7	montagens_Alouatta_macconnelli_cytomegalovirus	0	0	0	0			
Lib2barcode73	montagem_LIB_3_HSV7	montagens_Alouatta_palliata_cytomegalovirus	0	0	0	0			
Lib2barcode73	montagem_LIB_3_HSV7	montagens_CALHV3	0	407	0	407	0.0		0.0
Lib2barcode73	montagem_LIB_3_HSV7	montagens_Cebus_albifrons_lymphocryptovirus_1	0	0	0	0			
Lib2barcode73	montagem_LIB_3_HSV7	montagens_consenso_H1	0	0	0	0			
Lib2barcode73	montagens_Alouatta_macconnelli_cytomegalovirus	montagens_Alouatta_palliata_cytomegalovirus	0	0	0	0			
Lib2barcode73	montagens_Alouatta_macconnelli_cytomegalovirus	montagens_CALHV3	0	407	0	407	0.0		0.0
Lib2barcode73	montagens_Alouatta_macconnelli_cytomegalovirus	montagens_Cebus_albifrons_lymphocryptovirus_1	0	0	0	0			
Lib2barcode73	montagens_Alouatta_macconnelli_cytomegalovirus	montagens_consenso_H1	0	0	0	0			
Lib2barcode73	montagens_Alouatta_palliata_cytomegalovirus	montagens_CALHV3	0	407	0	407	0.0		0.0
Lib2barcode73	montagens_Alouatta_palliata_cytomegalovirus	montagens_Cebus_albifrons_lymphocryptovirus_1	0	0	0	0			
Lib2barcode73	montagens_Alouatta_palliata_cytomegalovirus	montagens_consenso_H1	0	0	0	0			
Lib2barcode73	montagens_CALHV3	montagens_Cebus_albifrons_lymphocryptovirus_1	407	0	0	407	0.0	0.0	
Lib2barcode73	montagens_CALHV3	montagens_consenso_H1	407	0	0	407	0.0	0.0	
Lib2barcode73	montagens_Cebus_albifrons_lymphocryptovirus_1	montagens_consenso_H1	0	0	0	0			
Lib2barcode74	montagem_LIB_3_HSV6	montagem_LIB_3_HSV7	0	0	0	0			
Lib2barcode74	montagem_LIB_3_HSV6	montagens_Alouatta_macconnelli_cytomegalovirus	0	0	0	0			
Lib2barcode74	montagem_LIB_3_HSV6	montagens_Alouatta_palliata_cytomegalovirus	0	0	0	0			
Lib2barcode74	montagem_LIB_3_HSV6	montagens_CALHV3	0	0	0	0			
Lib2barcode74	montagem_LIB_3_HSV6	montagens_Cebus_albifrons_lymphocryptovirus_1	0	0	0	0			
Lib2barcode74	montagem_LIB_3_HSV6	montagens_consenso_H1	0	0	0	0			
Lib2barcode74	montagem_LIB_3_HSV7	montagens_Alouatta_macconnelli_cytomegalovirus	0	0	0	0			
Lib2barcode74	montagem_LIB_3_HSV7	montagens_Alouatta_palliata_cytomegalovirus	0	0	0	0			
Lib2barcode74	montagem_LIB_3_HSV7	montagens_CALHV3	0	0	0	0			
Lib2barcode74	montagem_LIB_3_HSV7	montagens_Cebus_albifrons_lymphocryptovirus_1	0	0	0	0			
Lib2barcode74	montagem_LIB_3_HSV7	montagens_consenso_H1	0	0	0	0			
Lib2barcode74	montagens_Alouatta_macconnelli_cytomegalovirus	montagens_Alouatta_palliata_cytomegalovirus	0	0	0	0			
Lib2barcode74	montagens_Alouatta_macconnelli_cytomegalovirus	montagens_CALHV3	0	0	0	0			
Lib2barcode74	montagens_Alouatta_macconnelli_cytomegalovirus	montagens_Cebus_albifrons_lymphocryptovirus_1	0	0	0	0			
Lib2barcode74	montagens_Alouatta_macconnelli_cytomegalovirus	montagens_consenso_H1	0	0	0	0			
Lib2barcode74	montagens_Alouatta_palliata_cytomegalovirus	montagens_CALHV3	0	0	0	0			
Lib2barcode74	montagens_Alouatta_palliata_cytomegalovirus	montagens_Cebus_albifrons_lymphocryptovirus_1	0	0	0	0			
Lib2barcode74	montagens_Alouatta_palliata_cytomegalovirus	montagens_consenso_H1	0	0	0	0			
Lib2barcode74	montagens_CALHV3	montagens_Cebus_albifrons_lymphocryptovirus_1	0	0	0	0			
Lib2barcode74	montagens_CALHV3	montagens_consenso_H1	0	0	0	0			
Lib2barcode74	montagens_Cebus_albifrons_lymphocryptovirus_1	montagens_consenso_H1	0	0	0	0			
Lib2barcode75	montagem_LIB_3_HSV6	montagem_LIB_3_HSV7	0	0	0	0			
Lib2barcode75	montagem_LIB_3_HSV6	montagens_Alouatta_macconnelli_cytomegalovirus	0	0	0	0			
Lib2barcode75	montagem_LIB_3_HSV6	montagens_Alouatta_palliata_cytomegalovirus	0	0	0	0			
Lib2barcode75	montagem_LIB_3_HSV6	montagens_CALHV3	0	174	0	174	0.0		0.0
Lib2barcode75	montagem_LIB_3_HSV6	montagens_Cebus_albifrons_lymphocryptovirus_1	0	0	0	0			
Lib2barcode75	montagem_LIB_3_HSV6	montagens_consenso_H1	0	18	0	18	0.0		0.0
Lib2barcode75	montagem_LIB_3_HSV7	montagens_Alouatta_macconnelli_cytomegalovirus	0	0	0	0			
Lib2barcode75	montagem_LIB_3_HSV7	montagens_Alouatta_palliata_cytomegalovirus	0	0	0	0			
Lib2barcode75	montagem_LIB_3_HSV7	montagens_CALHV3	0	174	0	174	0.0		0.0
Lib2barcode75	montagem_LIB_3_HSV7	montagens_Cebus_albifrons_lymphocryptovirus_1	0	0	0	0			
Lib2barcode75	montagem_LIB_3_HSV7	montagens_consenso_H1	0	18	0	18	0.0		0.0
Lib2barcode75	montagens_Alouatta_macconnelli_cytomegalovirus	montagens_Alouatta_palliata_cytomegalovirus	0	0	0	0			
Lib2barcode75	montagens_Alouatta_macconnelli_cytomegalovirus	montagens_CALHV3	0	174	0	174	0.0		0.0
Lib2barcode75	montagens_Alouatta_macconnelli_cytomegalovirus	montagens_Cebus_albifrons_lymphocryptovirus_1	0	0	0	0			
Lib2barcode75	montagens_Alouatta_macconnelli_cytomegalovirus	montagens_consenso_H1	0	18	0	18	0.0		0.0
Lib2barcode75	montagens_Alouatta_palliata_cytomegalovirus	montagens_CALHV3	0	174	0	174	0.0		0.0
Lib2barcode75	montagens_Alouatta_palliata_cytomegalovirus	montagens_Cebus_albifrons_lymphocryptovirus_1	0	0	0	0			
Lib2barcode75	montagens_Alouatta_palliata_cytomegalovirus	montagens_consenso_H1	0	18	0	18	0.0		0.0
Lib2barcode75	montagens_CALHV3	montagens_Cebus_albifrons_lymphocryptovirus_1	174	0	0	174	0.0	0.0	
Lib2barcode75	montagens_CALHV3	montagens_consenso_H1	174	18	0	192	0.0	0.0	0.0
Lib2barcode75	montagens_Cebus_albifrons_lymphocryptovirus_1	montagens_consenso_H1	0	18	0	18	0.0		0.0
Lib2barcode76	montagem_LIB_3_HSV6	montagem_LIB_3_HSV7	0	0	0	0			
Lib2barcode76	montagem_LIB_3_HSV6	montagens_Alouatta_macconnelli_cytomegalovirus	0	37	0	37	0.0		0.0
Lib2barcode76	montagem_LIB_3_HSV6	montagens_Alouatta_palliata_cytomegalovirus	0	60	0	60	0.0		0.0
Lib2barcode76	montagem_LIB_3_HSV6	montagens_CALHV3	0	0	0	0			
Lib2barcode76	montagem_LIB_3_HSV6	montagens_Cebus_albifrons_lymphocryptovirus_1	0	0	0	0			
Lib2barcode76	montagem_LIB_3_HSV6	montagens_consenso_H1	0	0	0	0			
Lib2barcode76	montagem_LIB_3_HSV7	montagens_Alouatta_macconnelli_cytomegalovirus	0	37	0	37	0.0		0.0
Lib2barcode76	montagem_LIB_3_HSV7	montagens_Alouatta_palliata_cytomegalovirus	0	60	0	60	0.0		0.0
Lib2barcode76	montagem_LIB_3_HSV7	montagens_CALHV3	0	0	0	0			
Lib2barcode76	montagem_LIB_3_HSV7	montagens_Cebus_albifrons_lymphocryptovirus_1	0	0	0	0			
Lib2barcode76	montagem_LIB_3_HSV7	montagens_consenso_H1	0	0	0	0			
Lib2barcode76	montagens_Alouatta_macconnelli_cytomegalovirus	montagens_Alouatta_palliata_cytomegalovirus	37	60	37	60	0.61666667	1.0	0.61666667
Lib2barcode76	montagens_Alouatta_macconnelli_cytomegalovirus	montagens_CALHV3	37	0	0	37	0.0	0.0	
Lib2barcode76	montagens_Alouatta_macconnelli_cytomegalovirus	montagens_Cebus_albifrons_lymphocryptovirus_1	37	0	0	37	0.0	0.0	
Lib2barcode76	montagens_Alouatta_macconnelli_cytomegalovirus	montagens_consenso_H1	37	0	0	37	0.0	0.0	
Lib2barcode76	montagens_Alouatta_palliata_cytomegalovirus	montagens_CALHV3	60	0	0	60	0.0	0.0	
Lib2barcode76	montagens_Alouatta_palliata_cytomegalovirus	montagens_Cebus_albifrons_lymphocryptovirus_1	60	0	0	60	0.0	0.0	
Lib2barcode76	montagens_Alouatta_palliata_cytomegalovirus	montagens_consenso_H1	60	0	0	60	0.0	0.0	
Lib2barcode76	montagens_CALHV3	montagens_Cebus_albifrons_lymphocryptovirus_1	0	0	0	0			
Lib2barcode76	montagens_CALHV3	montagens_consenso_H1	0	0	0	0			
Lib2barcode76	montagens_Cebus_albifrons_lymphocryptovirus_1	montagens_consenso_H1	0	0	0	0			
Lib2barcode77	montagem_LIB_3_HSV6	montagem_LIB_3_HSV7	0	0	0	0			
Lib2barcode77	montagem_LIB_3_HSV6	montagens_Alouatta_macconnelli_cytomegalovirus	0	0	0	0			
Lib2barcode77	montagem_LIB_3_HSV6	montagens_Alouatta_palliata_cytomegalovirus	0	0	0	0			
Lib2barcode77	montagem_LIB_3_HSV6	montagens_CALHV3	0	1	0	1	0.0		0.0
Lib2barcode77	montagem_LIB_3_HSV6	montagens_Cebus_albifrons_lymphocryptovirus_1	0	0	0	0			
Lib2barcode77	montagem_LIB_3_HSV6	montagens_consenso_H1	0	0	0	0			
Lib2barcode77	montagem_LIB_3_HSV7	montagens_Alouatta_macconnelli_cytomegalovirus	0	0	0	0			
Lib2barcode77	montagem_LIB_3_HSV7	montagens_Alouatta_palliata_cytomegalovirus	0	0	0	0			
Lib2barcode77	montagem_LIB_3_HSV7	montagens_CALHV3	0	1	0	1	0.0		0.0
Lib2barcode77	montagem_LIB_3_HSV7	montagens_Cebus_albifrons_lymphocryptovirus_1	0	0	0	0			
Lib2barcode77	montagem_LIB_3_HSV7	montagens_consenso_H1	0	0	0	0			
Lib2barcode77	montagens_Alouatta_macconnelli_cytomegalovirus	montagens_Alouatta_palliata_cytomegalovirus	0	0	0	0			
Lib2barcode77	montagens_Alouatta_macconnelli_cytomegalovirus	montagens_CALHV3	0	1	0	1	0.0		0.0
Lib2barcode77	montagens_Alouatta_macconnelli_cytomegalovirus	montagens_Cebus_albifrons_lymphocryptovirus_1	0	0	0	0			
Lib2barcode77	montagens_Alouatta_macconnelli_cytomegalovirus	montagens_consenso_H1	0	0	0	0			
Lib2barcode77	montagens_Alouatta_palliata_cytomegalovirus	montagens_CALHV3	0	1	0	1	0.0		0.0
Lib2barcode77	montagens_Alouatta_palliata_cytomegalovirus	montagens_Cebus_albifrons_lymphocryptovirus_1	0	0	0	0			
Lib2barcode77	montagens_Alouatta_palliata_cytomegalovirus	montagens_consenso_H1	0	0	0	0			
Lib2barcode77	montagens_CALHV3	montagens_Cebus_albifrons_lymphocryptovirus_1	1	0	0	1	0.0	0.0	
Lib2barcode77	montagens_CALHV3	montagens_consenso_H1	1	0	0	1	0.0	0.0	
Lib2barcode77	montagens_Cebus_albifrons_lymphocryptovirus_1	montagens_consenso_H1	0	0	0	0			
Lib2barcode78	montagem_LIB_3_HSV6	montagem_LIB_3_HSV7	0	0	0	0			
Lib2barcode78	montagem_LIB_3_HSV6	montagens_Alouatta_macconnelli_cytomegalovirus	0	0	0	0			
Lib2barcode78	montagem_LIB_3_HSV6	montagens_Alouatta_palliata_cytomegalovirus	0	0	0	0			
Lib2barcode78	montagem_LIB_3_HSV6	montagens_CALHV3	0	0	0	0			
Lib2barcode78	montagem_LIB_3_HSV6	montagens_Cebus_albifrons_lymphocryptovirus_1	0	0	0	0			
Lib2barcode78	montagem_LIB_3_HSV6	montagens_consenso_H1	0	0	0	0			
Lib2barcode78	montagem_LIB_3_HSV7	montagens_Alouatta_macconnelli_cytomegalovirus	0	0	0	0			
Lib2barcode78	montagem_LIB_3_HSV7	montagens_Alouatta_palliata_cytomegalovirus	0	0	0	0			
Lib2barcode78	montagem_LIB_3_HSV7	montagens_CALHV3	0	0	0	0			
Lib2barcode78	montagem_LIB_3_HSV7	montagens_Cebus_albifrons_lymphocryptovirus_1	0	0	0	0			
Lib2barcode78	montagem_LIB_3_HSV7	montagens_consenso_H1	0	0	0	0			
Lib2barcode78	montagens_Alouatta_macconnelli_cytomegalovirus	montagens_Alouatta_palliata_cytomegalovirus	0	0	0	0			
Lib2barcode78	montagens_Alouatta_macconnelli_cytomegalovirus	montagens_CALHV3	0	0	0	0			
Lib2barcode78	montagens_Alouatta_macconnelli_cytomegalovirus	montagens_Cebus_albifrons_lymphocryptovirus_1	0	0	0	0			
Lib2barcode78	montagens_Alouatta_macconnelli_cytomegalovirus	montagens_consenso_H1	0	0	0	0			
Lib2barcode78	montagens_Alouatta_palliata_cytomegalovirus	montagens_CALHV3	0	0	0	0			
Lib2barcode78	montagens_Alouatta_palliata_cytomegalovirus	montagens_Cebus_albifrons_lymphocryptovirus_1	0	0	0	0			
Lib2barcode78	montagens_Alouatta_palliata_cytomegalovirus	montagens_consenso_H1	0	0	0	0			
Lib2barcode78	montagens_CALHV3	montagens_Cebus_albifrons_lymphocryptovirus_1	0	0	0	0			
Lib2barcode78	montagens_CALHV3	montagens_consenso_H1	0	0	0	0			
Lib2barcode78	montagens_Cebus_albifrons_lymphocryptovirus_1	montagens_consenso_H1	0	0	0	0			
Lib2barcode79	montagem_LIB_3_HSV6	montagem_LIB_3_HSV7	0	0	0	0			
Lib2barcode79	montagem_LIB_3_HSV6	montagens_Alouatta_macconnelli_cytomegalovirus	0	0	0	0			
Lib2barcode79	montagem_LIB_3_HSV6	montagens_Alouatta_palliata_cytomegalovirus	0	0	0	0			
Lib2barcode79	montagem_LIB_3_HSV6	montagens_CALHV3	0	327	0	327	0.0		0.0
Lib2barcode79	montagem_LIB_3_HSV6	montagens_Cebus_albifrons_lymphocryptovirus_1	0	0	0	0			
Lib2barcode79	montagem_LIB_3_HSV6	montagens_consenso_H1	0	1	0	1	0.0		0.0
Lib2barcode79	montagem_LIB_3_HSV7	montagens_Alouatta_macconnelli_cytomegalovirus	0	0	0	0			
Lib2barcode79	montagem_LIB_3_HSV7	montagens_Alouatta_palliata_cytomegalovirus	0	0	0	0			
Lib2barcode79	montagem_LIB_3_HSV7	montagens_CALHV3	0	327	0	327	0.0		0.0
Lib2barcode79	montagem_LIB_3_HSV7	montagens_Cebus_albifrons_lymphocryptovirus_1	0	0	0	0			
Lib2barcode79	montagem_LIB_3_HSV7	montagens_consenso_H1	0	1	0	1	0.0		0.0
Lib2barcode79	montagens_Alouatta_macconnelli_cytomegalovirus	montagens_Alouatta_palliata_cytomegalovirus	0	0	0	0			
Lib2barcode79	montagens_Alouatta_macconnelli_cytomegalovirus	montagens_CALHV3	0	327	0	327	0.0		0.0
Lib2barcode79	montagens_Alouatta_macconnelli_cytomegalovirus	montagens_Cebus_albifrons_lymphocryptovirus_1	0	0	0	0			
Lib2barcode79	montagens_Alouatta_macconnelli_cytomegalovirus	montagens_consenso_H1	0	1	0	1	0.0		0.0
Lib2barcode79	montagens_Alouatta_palliata_cytomegalovirus	montagens_CALHV3	0	327	0	327	0.0		0.0
Lib2barcode79	montagens_Alouatta_palliata_cytomegalovirus	montagens_Cebus_albifrons_lymphocryptovirus_1	0	0	0	0			
Lib2barcode79	montagens_Alouatta_palliata_cytomegalovirus	montagens_consenso_H1	0	1	0	1	0.0		0.0
Lib2barcode79	montagens_CALHV3	montagens_Cebus_albifrons_lymphocryptovirus_1	327	0	0	327	0.0	0.0	
Lib2barcode79	montagens_CALHV3	montagens_consenso_H1	327	1	0	328	0.0	0.0	0.0
Lib2barcode79	montagens_Cebus_albifrons_lymphocryptovirus_1	montagens_consenso_H1	0	1	0	1	0.0		0.0
Lib2barcode80	montagem_LIB_3_HSV6	montagem_LIB_3_HSV7	0	0	0	0			
Lib2barcode80	montagem_LIB_3_HSV6	montagens_Alouatta_macconnelli_cytomegalovirus	0	0	0	0			
Lib2barcode80	montagem_LIB_3_HSV6	montagens_Alouatta_palliata_cytomegalovirus	0	0	0	0			
Lib2barcode80	montagem_LIB_3_HSV6	montagens_CALHV3	0	0	0	0			
Lib2barcode80	montagem_LIB_3_HSV6	montagens_Cebus_albifrons_lymphocryptovirus_1	0	0	0	0			
Lib2barcode80	montagem_LIB_3_HSV6	montagens_consenso_H1	0	0	0	0			
Lib2barcode80	montagem_LIB_3_HSV7	montagens_Alouatta_macconnelli_cytomegalovirus	0	0	0	0			
Lib2barcode80	montagem_LIB_3_HSV7	montagens_Alouatta_palliata_cytomegalovirus	0	0	0	0			
Lib2barcode80	montagem_LIB_3_HSV7	montagens_CALHV3	0	0	0	0			
Lib2barcode80	montagem_LIB_3_HSV7	montagens_Cebus_albifrons_lymphocryptovirus_1	0	0	0	0			
Lib2barcode80	montagem_LIB_3_HSV7	montagens_consenso_H1	0	0	0	0			
Lib2barcode80	montagens_Alouatta_macconnelli_cytomegalovirus	montagens_Alouatta_palliata_cytomegalovirus	0	0	0	0			
Lib2barcode80	montagens_Alouatta_macconnelli_cytomegalovirus	montagens_CALHV3	0	0	0	0			
Lib2barcode80	montagens_Alouatta_macconnelli_cytomegalovirus	montagens_Cebus_albifrons_lymphocryptovirus_1	0	0	0	0			
Lib2barcode80	montagens_Alouatta_macconnelli_cytomegalovirus	montagens_consenso_H1	0	0	0	0			
Lib2barcode80	montagens_Alouatta_palliata_cytomegalovirus	montagens_CALHV3	0	0	0	0			
Lib2barcode80	montagens_Alouatta_palliata_cytomegalovirus	montagens_Cebus_albifrons_lymphocryptovirus_1	0	0	0	0			
Lib2barcode80	montagens_Alouatta_palliata_cytomegalovirus	montagens_consenso_H1	0	0	0	0			
Lib2barcode80	montagens_CALHV3	montagens_Cebus_albifrons_lymphocryptovirus_1	0	0	0	0			
Lib2barcode80	montagens_CALHV3	montagens_consenso_H1	0	0	0	0			
Lib2barcode80	montagens_Cebus_albifrons_lymphocryptovirus_1	montagens_consenso_H1	0	0	0	0			
Lib2barcode81	montagem_LIB_3_HSV6	montagem_LIB_3_HSV7	0	0	0	0			
Lib2barcode81	montagem_LIB_3_HSV6	montagens_Alouatta_macconnelli_cytomegalovirus	0	0	0	0			
Lib2barcode81	montagem_LIB_3_HSV6	montagens_Alouatta_palliata_cytomegalovirus	0	0	0	0			
Lib2barcode81	montagem_LIB_3_HSV6	montagens_CALHV3	0	0	0	0			
Lib2barcode81	montagem_LIB_3_HSV6	montagens_Cebus_albifrons_lymphocryptovirus_1	0	630	0	630	0.0		0.0
Lib2barcode81	montagem_LIB_3_HSV6	montagens_consenso_H1	0	0	0	0			
Lib2barcode81	montagem_LIB_3_HSV7	montagens_Alouatta_macconnelli_cytomegalovirus	0	0	0	0			
Lib2barcode81	montagem_LIB_3_HSV7	montagens_Alouatta_palliata_cytomegalovirus	0	0	0	0			
Lib2barcode81	montagem_LIB_3_HSV7	montagens_CALHV3	0	0	0	0			
Lib2barcode81	montagem_LIB_3_HSV7	montagens_Cebus_albifrons_lymphocryptovirus_1	0	630	0	630	0.0		0.0
Lib2barcode81	montagem_LIB_3_HSV7	montagens_consenso_H1	0	0	0	0			
Lib2barcode81	montagens_Alouatta_macconnelli_cytomegalovirus	montagens_Alouatta_palliata_cytomegalovirus	0	0	0	0			
Lib2barcode81	montagens_Alouatta_macconnelli_cytomegalovirus	montagens_CALHV3	0	0	0	0			
Lib2barcode81	montagens_Alouatta_macconnelli_cytomegalovirus	montagens_Cebus_albifrons_lymphocryptovirus_1	0	630	0	630	0.0		0.0
Lib2barcode81	montagens_Alouatta_macconnelli_cytomegalovirus	montagens_consenso_H1	0	0	0	0			
Lib2barcode81	montagens_Alouatta_palliata_cytomegalovirus	montagens_CALHV3	0	0	0	0			
Lib2barcode81	montagens_Alouatta_palliata_cytomegalovirus	montagens_Cebus_albifrons_lymphocryptovirus_1	0	630	0	630	0.0		0.0
Lib2barcode81	montagens_Alouatta_palliata_cytomegalovirus	montagens_consenso_H1	0	0	0	0			
Lib2barcode81	montagens_CALHV3	montagens_Cebus_albifrons_lymphocryptovirus_1	0	630	0	630	0.0		0.0
Lib2barcode81	montagens_CALHV3	montagens_consenso_H1	0	0	0	0			
Lib2barcode81	montagens_Cebus_albifrons_lymphocryptovirus_1	montagens_consenso_H1	630	0	0	630	0.0	0.0	
Lib2barcode82	montagem_LIB_3_HSV6	montagem_LIB_3_HSV7	0	0	0	0			
Lib2barcode82	montagem_LIB_3_HSV6	montagens_Alouatta_macconnelli_cytomegalovirus	0	15	0	15	0.0		0.0
Lib2barcode82	montagem_LIB_3_HSV6	montagens_Alouatta_palliata_cytomegalovirus	0	30	0	30	0.0		0.0
Lib2barcode82	montagem_LIB_3_HSV6	montagens_CALHV3	0	0	0	0			
Lib2barcode82	montagem_LIB_3_HSV6	montagens_Cebus_albifrons_lymphocryptovirus_1	0	0	0	0			
Lib2barcode82	montagem_LIB_3_HSV6	montagens_consenso_H1	0	0	0	0			
Lib2barcode82	montagem_LIB_3_HSV7	montagens_Alouatta_macconnelli_cytomegalovirus	0	15	0	15	0.0		0.0
Lib2barcode82	montagem_LIB_3_HSV7	montagens_Alouatta_palliata_cytomegalovirus	0	30	0	30	0.0		0.0
Lib2barcode82	montagem_LIB_3_HSV7	montagens_CALHV3	0	0	0	0			
Lib2barcode82	montagem_LIB_3_HSV7	montagens_Cebus_albifrons_lymphocryptovirus_1	0	0	0	0			
Lib2barcode82	montagem_LIB_3_HSV7	montagens_consenso_H1	0	0	0	0			
Lib2barcode82	montagens_Alouatta_macconnelli_cytomegalovirus	montagens_Alouatta_palliata_cytomegalovirus	15	30	15	30	0.5	1.0	0.5
Lib2barcode82	montagens_Alouatta_macconnelli_cytomegalovirus	montagens_CALHV3	15	0	0	15	0.0	0.0	
Lib2barcode82	montagens_Alouatta_macconnelli_cytomegalovirus	montagens_Cebus_albifrons_lymphocryptovirus_1	15	0	0	15	0.0	0.0	
Lib2barcode82	montagens_Alouatta_macconnelli_cytomegalovirus	montagens_consenso_H1	15	0	0	15	0.0	0.0	
Lib2barcode82	montagens_Alouatta_palliata_cytomegalovirus	montagens_CALHV3	30	0	0	30	0.0	0.0	
Lib2barcode82	montagens_Alouatta_palliata_cytomegalovirus	montagens_Cebus_albifrons_lymphocryptovirus_1	30	0	0	30	0.0	0.0	
Lib2barcode82	montagens_Alouatta_palliata_cytomegalovirus	montagens_consenso_H1	30	0	0	30	0.0	0.0	
Lib2barcode82	montagens_CALHV3	montagens_Cebus_albifrons_lymphocryptovirus_1	0	0	0	0			
Lib2barcode82	montagens_CALHV3	montagens_consenso_H1	0	0	0	0			
Lib2barcode82	montagens_Cebus_albifrons_lymphocryptovirus_1	montagens_consenso_H1	0	0	0	0			
Lib2barcode83	montagem_LIB_3_HSV6	montagem_LIB_3_HSV7	0	0	0	0			
Lib2barcode83	montagem_LIB_3_HSV6	montagens_Alouatta_macconnelli_cytomegalovirus	0	0	0	0			
Lib2barcode83	montagem_LIB_3_HSV6	montagens_Alouatta_palliata_cytomegalovirus	0	0	0	0			
Lib2barcode83	montagem_LIB_3_HSV6	montagens_CALHV3	0	0	0	0			
Lib2barcode83	montagem_LIB_3_HSV6	montagens_Cebus_albifrons_lymphocryptovirus_1	0	0	0	0			
Lib2barcode83	montagem_LIB_3_HSV6	montagens_consenso_H1	0	0	0	0			
Lib2barcode83	montagem_LIB_3_HSV7	montagens_Alouatta_macconnelli_cytomegalovirus	0	0	0	0			
Lib2barcode83	montagem_LIB_3_HSV7	montagens_Alouatta_palliata_cytomegalovirus	0	0	0	0			
Lib2barcode83	montagem_LIB_3_HSV7	montagens_CALHV3	0	0	0	0			
Lib2barcode83	montagem_LIB_3_HSV7	montagens_Cebus_albifrons_lymphocryptovirus_1	0	0	0	0			
Lib2barcode83	montagem_LIB_3_HSV7	montagens_consenso_H1	0	0	0	0			
Lib2barcode83	montagens_Alouatta_macconnelli_cytomegalovirus	montagens_Alouatta_palliata_cytomegalovirus	0	0	0	0			
Lib2barcode83	montagens_Alouatta_macconnelli_cytomegalovirus	montagens_CALHV3	0	0	0	0			
Lib2barcode83	montagens_Alouatta_macconnelli_cytomegalovirus	montagens_Cebus_albifrons_lymphocryptovirus_1	0	0	0	0			
Lib2barcode83	montagens_Alouatta_macconnelli_cytomegalovirus	montagens_consenso_H1	0	0	0	0			
Lib2barcode83	montagens_Alouatta_palliata_cytomegalovirus	montagens_CALHV3	0	0	0	0			
Lib2barcode83	montagens_Alouatta_palliata_cytomegalovirus	montagens_Cebus_albifrons_lymphocryptovirus_1	0	0	0	0			
Lib2barcode83	montagens_Alouatta_palliata_cytomegalovirus	montagens_consenso_H1	0	0	0	0			
Lib2barcode83	montagens_CALHV3	montagens_Cebus_albifrons_lymphocryptovirus_1	0	0	0	0			
Lib2barcode83	montagens_CALHV3	montagens_consenso_H1	0	0	0	0			
Lib2barcode83	montagens_Cebus_albifrons_lymphocryptovirus_1	montagens_consenso_H1	0	0	0	0			
Lib2barcode84	montagem_LIB_3_HSV6	montagem_LIB_3_HSV7	0	0	0	0			
Lib2barcode84	montagem_LIB_3_HSV6	montagens_Alouatta_macconnelli_cytomegalovirus	0	0	0	0			
Lib2barcode84	montagem_LIB_3_HSV6	montagens_Alouatta_palliata_cytomegalovirus	0	0	0	0			
Lib2barcode84	montagem_LIB_3_HSV6	montagens_CALHV3	0	0	0	0			
Lib2barcode84	montagem_LIB_3_HSV6	montagens_Cebus_albifrons_lymphocryptovirus_1	0	0	0	0			
Lib2barcode84	montagem_LIB_3_HSV6	montagens_consenso_H1	0	0	0	0			
Lib2barcode84	montagem_LIB_3_HSV7	montagens_Alouatta_macconnelli_cytomegalovirus	0	0	0	0			
Lib2barcode84	montagem_LIB_3_HSV7	montagens_Alouatta_palliata_cytomegalovirus	0	0	0	0			
Lib2barcode84	montagem_LIB_3_HSV7	montagens_CALHV3	0	0	0	0			
Lib2barcode84	montagem_LIB_3_HSV7	montagens_Cebus_albifrons_lymphocryptovirus_1	0	0	0	0			
Lib2barcode84	montagem_LIB_3_HSV7	montagens_consenso_H1	0	0	0	0			
Lib2barcode84	montagens_Alouatta_macconnelli_cytomegalovirus	montagens_Alouatta_palliata_cytomegalovirus	0	0	0	0			
Lib2barcode84	montagens_Alouatta_macconnelli_cytomegalovirus	montagens_CALHV3	0	0	0	0			
Lib2barcode84	montagens_Alouatta_macconnelli_cytomegalovirus	montagens_Cebus_albifrons_lymphocryptovirus_1	0	0	0	0			
Lib2barcode84	montagens_Alouatta_macconnelli_cytomegalovirus	montagens_consenso_H1	0	0	0	0			
Lib2barcode84	montagens_Alouatta_palliata_cytomegalovirus	montagens_CALHV3	0	0	0	0			
Lib2barcode84	montagens_Alouatta_palliata_cytomegalovirus	montagens_Cebus_albifrons_lymphocryptovirus_1	0	0	0	0			
Lib2barcode84	montagens_Alouatta_palliata_cytomegalovirus	montagens_consenso_H1	0	0	0	0			
Lib2barcode84	montagens_CALHV3	montagens_Cebus_albifrons_lymphocryptovirus_1	0	0	0	0			
Lib2barcode84	montagens_CALHV3	montagens_consenso_H1	0	0	0	0			
Lib2barcode84	montagens_Cebus_albifrons_lymphocryptovirus_1	montagens_consenso_H1	0	0	0	0			
Lib2barcode85	montagem_LIB_3_HSV6	montagem_LIB_3_HSV7	0	0	0	0			
Lib2barcode85	montagem_LIB_3_HSV6	montagens_Alouatta_macconnelli_cytomegalovirus	0	0	0	0			
Lib2barcode85	montagem_LIB_3_HSV6	montagens_Alouatta_palliata_cytomegalovirus	0	0	0	0			
Lib2barcode85	montagem_LIB_3_HSV6	montagens_CALHV3	0	127	0	127	0.0		0.0
Lib2barcode85	montagem_LIB_3_HSV6	montagens_Cebus_albifrons_lymphocryptovirus_1	0	0	0	0			
Lib2barcode85	montagem_LIB_3_HSV6	montagens_consenso_H1	0	0	0	0			
Lib2barcode85	montagem_LIB_3_HSV7	montagens_Alouatta_macconnelli_cytomegalovirus	0	0	0	0			
Lib2barcode85	montagem_LIB_3_HSV7	montagens_Alouatta_palliata_cytomegalovirus	0	0	0	0			
Lib2barcode85	montagem_LIB_3_HSV7	montagens_CALHV3	0	127	0	127	0.0		0.0
Lib2barcode85	montagem_LIB_3_HSV7	montagens_Cebus_albifrons_lymphocryptovirus_1	0	0	0	0			
Lib2barcode85	montagem_LIB_3_HSV7	montagens_consenso_H1	0	0	0	0			
Lib2barcode85	montagens_Alouatta_macconnelli_cytomegalovirus	montagens_Alouatta_palliata_cytomegalovirus	0	0	0	0			
Lib2barcode85	montagens_Alouatta_macconnelli_cytomegalovirus	montagens_CALHV3	0	127	0	127	0.0		0.0
Lib2barcode85	montagens_Alouatta_macconnelli_cytomegalovirus	montagens_Cebus_albifrons_lymphocryptovirus_1	0	0	0	0			
Lib2barcode85	montagens_Alouatta_macconnelli_cytomegalovirus	montagens_consenso_H1	0	0	0	0			
Lib2barcode85	montagens_Alouatta_palliata_cytomegalovirus	montagens_CALHV3	0	127	0	127	0.0		0.0
Lib2barcode85	montagens_Alouatta_palliata_cytomegalovirus	montagens_Cebus_albifrons_lymphocryptovirus_1	0	0	0	0			
Lib2barcode85	montagens_Alouatta_palliata_cytomegalovirus	montagens_consenso_H1	0	0	0	0			
Lib2barcode85	montagens_CALHV3	montagens_Cebus_albifrons_lymphocryptovirus_1	127	0	0	127	0.0	0.0	
Lib2barcode85	montagens_CALHV3	montagens_consenso_H1	127	0	0	127	0.0	0.0	
Lib2barcode85	montagens_Cebus_albifrons_lymphocryptovirus_1	montagens_consenso_H1	0	0	0	0			
Lib2barcode86	montagem_LIB_3_HSV6	montagem_LIB_3_HSV7	0	0	0	0			
Lib2barcode86	montagem_LIB_3_HSV6	montagens_Alouatta_macconnelli_cytomegalovirus	0	0	0	0			
Lib2barcode86	montagem_LIB_3_HSV6	montagens_Alouatta_palliata_cytomegalovirus	0	0	0	0			
Lib2barcode86	montagem_LIB_3_HSV6	montagens_CALHV3	0	230	0	230	0.0		0.0
Lib2barcode86	montagem_LIB_3_HSV6	montagens_Cebus_albifrons_lymphocryptovirus_1	0	0	0	0			
Lib2barcode86	montagem_LIB_3_HSV6	montagens_consenso_H1	0	0	0	0			
Lib2barcode86	montagem_LIB_3_HSV7	montagens_Alouatta_macconnelli_cytomegalovirus	0	0	0	0			
Lib2barcode86	montagem_LIB_3_HSV7	montagens_Alouatta_palliata_cytomegalovirus	0	0	0	0			
Lib2barcode86	montagem_LIB_3_HSV7	montagens_CALHV3	0	230	0	230	0.0		0.0
Lib2barcode86	montagem_LIB_3_HSV7	montagens_Cebus_albifrons_lymphocryptovirus_1	0	0	0	0			
Lib2barcode86	montagem_LIB_3_HSV7	montagens_consenso_H1	0	0	0	0			
Lib2barcode86	montagens_Alouatta_macconnelli_cytomegalovirus	montagens_Alouatta_palliata_cytomegalovirus	0	0	0	0			
Lib2barcode86	montagens_Alouatta_macconnelli_cytomegalovirus	montagens_CALHV3	0	230	0	230	0.0		0.0
Lib2barcode86	montagens_Alouatta_macconnelli_cytomegalovirus	montagens_Cebus_albifrons_lymphocryptovirus_1	0	0	0	0			
Lib2barcode86	montagens_Alouatta_macconnelli_cytomegalovirus	montagens_consenso_H1	0	0	0	0			
Lib2barcode86	montagens_Alouatta_palliata_cytomegalovirus	montagens_CALHV3	0	230	0	230	0.0		0.0
Lib2barcode86	montagens_Alouatta_palliata_cytomegalovirus	montagens_Cebus_albifrons_lymphocryptovirus_1	0	0	0	0			
Lib2barcode86	montagens_Alouatta_palliata_cytomegalovirus	montagens_consenso_H1	0	0	0	0			
Lib2barcode86	montagens_CALHV3	montagens_Cebus_albifrons_lymphocryptovirus_1	230	0	0	230	0.0	0.0	
Lib2barcode86	montagens_CALHV3	montagens_consenso_H1	230	0	0	230	0.0	0.0	
Lib2barcode86	montagens_Cebus_albifrons_lymphocryptovirus_1	montagens_consenso_H1	0	0	0	0			
Lib2barcode87	montagem_LIB_3_HSV6	montagem_LIB_3_HSV7	0	0	0	0			
Lib2barcode87	montagem_LIB_3_HSV6	montagens_Alouatta_macconnelli_cytomegalovirus	0	0	0	0			
Lib2barcode87	montagem_LIB_3_HSV6	montagens_Alouatta_palliata_cytomegalovirus	0	0	0	0			
Lib2barcode87	montagem_LIB_3_HSV6	montagens_CALHV3	0	102	0	102	0.0		0.0
Lib2barcode87	montagem_LIB_3_HSV6	montagens_Cebus_albifrons_lymphocryptovirus_1	0	0	0	0			
Lib2barcode87	montagem_LIB_3_HSV6	montagens_consenso_H1	0	0	0	0			
Lib2barcode87	montagem_LIB_3_HSV7	montagens_Alouatta_macconnelli_cytomegalovirus	0	0	0	0			
Lib2barcode87	montagem_LIB_3_HSV7	montagens_Alouatta_palliata_cytomegalovirus	0	0	0	0			
Lib2barcode87	montagem_LIB_3_HSV7	montagens_CALHV3	0	102	0	102	0.0		0.0
Lib2barcode87	montagem_LIB_3_HSV7	montagens_Cebus_albifrons_lymphocryptovirus_1	0	0	0	0			
Lib2barcode87	montagem_LIB_3_HSV7	montagens_consenso_H1	0	0	0	0			
Lib2barcode87	montagens_Alouatta_macconnelli_cytomegalovirus	montagens_Alouatta_palliata_cytomegalovirus	0	0	0	0			
Lib2barcode87	montagens_Alouatta_macconnelli_cytomegalovirus	montagens_CALHV3	0	102	0	102	0.0		0.0
Lib2barcode87	montagens_Alouatta_macconnelli_cytomegalovirus	montagens_Cebus_albifrons_lymphocryptovirus_1	0	0	0	0			
Lib2barcode87	montagens_Alouatta_macconnelli_cytomegalovirus	montagens_consenso_H1	0	0	0	0			
Lib2barcode87	montagens_Alouatta_palliata_cytomegalovirus	montagens_CALHV3	0	102	0	102	0.0		0.0
Lib2barcode87	montagens_Alouatta_palliata_cytomegalovirus	montagens_Cebus_albifrons_lymphocryptovirus_1	0	0	0	0			
Lib2barcode87	montagens_Alouatta_palliata_cytomegalovirus	montagens_consenso_H1	0	0	0	0			
Lib2barcode87	montagens_CALHV3	montagens_Cebus_albifrons_lymphocryptovirus_1	102	0	0	102	0.0	0.0	
Lib2barcode87	montagens_CALHV3	montagens_consenso_H1	102	0	0	102	0.0	0.0	
Lib2barcode87	montagens_Cebus_albifrons_lymphocryptovirus_1	montagens_consenso_H1	0	0	0	0			
Lib2barcode88	montagem_LIB_3_HSV6	montagem_LIB_3_HSV7	0	0	0	0			
Lib2barcode88	montagem_LIB_3_HSV6	montagens_Alouatta_macconnelli_cytomegalovirus	0	0	0	0			
Lib2barcode88	montagem_LIB_3_HSV6	montagens_Alouatta_palliata_cytomegalovirus	0	0	0	0			
Lib2barcode88	montagem_LIB_3_HSV6	montagens_CALHV3	0	0	0	0			
Lib2barcode88	montagem_LIB_3_HSV6	montagens_Cebus_albifrons_lymphocryptovirus_1	0	0	0	0			
Lib2barcode88	montagem_LIB_3_HSV6	montagens_consenso_H1	0	0	0	0			
Lib2barcode88	montagem_LIB_3_HSV7	montagens_Alouatta_macconnelli_cytomegalovirus	0	0	0	0			
Lib2barcode88	montagem_LIB_3_HSV7	montagens_Alouatta_palliata_cytomegalovirus	0	0	0	0			
Lib2barcode88	montagem_LIB_3_HSV7	montagens_CALHV3	0	0	0	0			
Lib2barcode88	montagem_LIB_3_HSV7	montagens_Cebus_albifrons_lymphocryptovirus_1	0	0	0	0			
Lib2barcode88	montagem_LIB_3_HSV7	montagens_consenso_H1	0	0	0	0			
Lib2barcode88	montagens_Alouatta_macconnelli_cytomegalovirus	montagens_Alouatta_palliata_cytomegalovirus	0	0	0	0			
Lib2barcode88	montagens_Alouatta_macconnelli_cytomegalovirus	montagens_CALHV3	0	0	0	0			
Lib2barcode88	montagens_Alouatta_macconnelli_cytomegalovirus	montagens_Cebus_albifrons_lymphocryptovirus_1	0	0	0	0			
Lib2barcode88	montagens_Alouatta_macconnelli_cytomegalovirus	montagens_consenso_H1	0	0	0	0			
Lib2barcode88	montagens_Alouatta_palliata_cytomegalovirus	montagens_CALHV3	0	0	0	0			
Lib2barcode88	montagens_Alouatta_palliata_cytomegalovirus	montagens_Cebus_albifrons_lymphocryptovirus_1	0	0	0	0			
Lib2barcode88	montagens_Alouatta_palliata_cytomegalovirus	montagens_consenso_H1	0	0	0	0			
Lib2barcode88	montagens_CALHV3	montagens_Cebus_albifrons_lymphocryptovirus_1	0	0	0	0			
Lib2barcode88	montagens_CALHV3	montagens_consenso_H1	0	0	0	0			
Lib2barcode88	montagens_Cebus_albifrons_lymphocryptovirus_1	montagens_consenso_H1	0	0	0	0			
Lib2barcode89	montagem_LIB_3_HSV6	montagem_LIB_3_HSV7	0	0	0	0			
Lib2barcode89	montagem_LIB_3_HSV6	montagens_Alouatta_macconnelli_cytomegalovirus	0	0	0	0			
Lib2barcode89	montagem_LIB_3_HSV6	montagens_Alouatta_palliata_cytomegalovirus	0	0	0	0			
Lib2barcode89	montagem_LIB_3_HSV6	montagens_CALHV3	0	534	0	534	0.0		0.0
Lib2barcode89	montagem_LIB_3_HSV6	montagens_Cebus_albifrons_lymphocryptovirus_1	0	0	0	0			
Lib2barcode89	montagem_LIB_3_HSV6	montagens_consenso_H1	0	0	0	0			
Lib2barcode89	montagem_LIB_3_HSV7	montagens_Alouatta_macconnelli_cytomegalovirus	0	0	0	0			
Lib2barcode89	montagem_LIB_3_HSV7	montagens_Alouatta_palliata_cytomegalovirus	0	0	0	0			
Lib2barcode89	montagem_LIB_3_HSV7	montagens_CALHV3	0	534	0	534	0.0		0.0
Lib2barcode89	montagem_LIB_3_HSV7	montagens_Cebus_albifrons_lymphocryptovirus_1	0	0	0	0			
Lib2barcode89	montagem_LIB_3_HSV7	montagens_consenso_H1	0	0	0	0			
Lib2barcode89	montagens_Alouatta_macconnelli_cytomegalovirus	montagens_Alouatta_palliata_cytomegalovirus	0	0	0	0			
Lib2barcode89	montagens_Alouatta_macconnelli_cytomegalovirus	montagens_CALHV3	0	534	0	534	0.0		0.0
Lib2barcode89	montagens_Alouatta_macconnelli_cytomegalovirus	montagens_Cebus_albifrons_lymphocryptovirus_1	0	0	0	0			
Lib2barcode89	montagens_Alouatta_macconnelli_cytomegalovirus	montagens_consenso_H1	0	0	0	0			
Lib2barcode89	montagens_Alouatta_palliata_cytomegalovirus	montagens_CALHV3	0	534	0	534	0.0		0.0
Lib2barcode89	montagens_Alouatta_palliata_cytomegalovirus	montagens_Cebus_albifrons_lymphocryptovirus_1	0	0	0	0			
Lib2barcode89	montagens_Alouatta_palliata_cytomegalovirus	montagens_consenso_H1	0	0	0	0			
Lib2barcode89	montagens_CALHV3	montagens_Cebus_albifrons_lymphocryptovirus_1	534	0	0	534	0.0	0.0	
Lib2barcode89	montagens_CALHV3	montagens_consenso_H1	534	0	0	534	0.0	0.0	
Lib2barcode89	montagens_Cebus_albifrons_lymphocryptovirus_1	montagens_consenso_H1	0	0	0	0			
Lib2barcode90	montagem_LIB_3_HSV6	montagem_LIB_3_HSV7	0	0	0	0			
Lib2barcode90	montagem_LIB_3_HSV6	montagens_Alouatta_macconnelli_cytomegalovirus	0	0	0	0			
Lib2barcode90	montagem_LIB_3_HSV6	montagens_Alouatta_palliata_cytomegalovirus	0	0	0	0			
Lib2barcode90	montagem_LIB_3_HSV6	montagens_CALHV3	0	115	0	115	0.0		0.0
Lib2barcode90	montagem_LIB_3_HSV6	montagens_Cebus_albifrons_lymphocryptovirus_1	0	0	0	0			
Lib2barcode90	montagem_LIB_3_HSV6	montagens_consenso_H1	0	0	0	0			
Lib2barcode90	montagem_LIB_3_HSV7	montagens_Alouatta_macconnelli_cytomegalovirus	0	0	0	0			
Lib2barcode90	montagem_LIB_3_HSV7	montagens_Alouatta_palliata_cytomegalovirus	0	0	0	0			
Lib2barcode90	montagem_LIB_3_HSV7	montagens_CALHV3	0	115	0	115	0.0		0.0
Lib2barcode90	montagem_LIB_3_HSV7	montagens_Cebus_albifrons_lymphocryptovirus_1	0	0	0	0			
Lib2barcode90	montagem_LIB_3_HSV7	montagens_consenso_H1	0	0	0	0			
Lib2barcode90	montagens_Alouatta_macconnelli_cytomegalovirus	montagens_Alouatta_palliata_cytomegalovirus	0	0	0	0			
Lib2barcode90	montagens_Alouatta_macconnelli_cytomegalovirus	montagens_CALHV3	0	115	0	115	0.0		0.0
Lib2barcode90	montagens_Alouatta_macconnelli_cytomegalovirus	montagens_Cebus_albifrons_lymphocryptovirus_1	0	0	0	0			
Lib2barcode90	montagens_Alouatta_macconnelli_cytomegalovirus	montagens_consenso_H1	0	0	0	0			
Lib2barcode90	montagens_Alouatta_palliata_cytomegalovirus	montagens_CALHV3	0	115	0	115	0.0		0.0
Lib2barcode90	montagens_Alouatta_palliata_cytomegalovirus	montagens_Cebus_albifrons_lymphocryptovirus_1	0	0	0	0			
Lib2barcode90	montagens_Alouatta_palliata_cytomegalovirus	montagens_consenso_H1	0	0	0	0			
Lib2barcode90	montagens_CALHV3	montagens_Cebus_albifrons_lymphocryptovirus_1	115	0	0	115	0.0	0.0	
Lib2barcode90	montagens_CALHV3	montagens_consenso_H1	115	0	0	115	0.0	0.0	
Lib2barcode90	montagens_Cebus_albifrons_lymphocryptovirus_1	montagens_consenso_H1	0	0	0	0			
Lib2barcode91	montagem_LIB_3_HSV6	montagem_LIB_3_HSV7	0	0	0	0			
Lib2barcode91	montagem_LIB_3_HSV6	montagens_Alouatta_macconnelli_cytomegalovirus	0	0	0	0			
Lib2barcode91	montagem_LIB_3_HSV6	montagens_Alouatta_palliata_cytomegalovirus	0	0	0	0			
Lib2barcode91	montagem_LIB_3_HSV6	montagens_CALHV3	0	97	0	97	0.0		0.0
Lib2barcode91	montagem_LIB_3_HSV6	montagens_Cebus_albifrons_lymphocryptovirus_1	0	0	0	0			
Lib2barcode91	montagem_LIB_3_HSV6	montagens_consenso_H1	0	0	0	0			
Lib2barcode91	montagem_LIB_3_HSV7	montagens_Alouatta_macconnelli_cytomegalovirus	0	0	0	0			
Lib2barcode91	montagem_LIB_3_HSV7	montagens_Alouatta_palliata_cytomegalovirus	0	0	0	0			
Lib2barcode91	montagem_LIB_3_HSV7	montagens_CALHV3	0	97	0	97	0.0		0.0
Lib2barcode91	montagem_LIB_3_HSV7	montagens_Cebus_albifrons_lymphocryptovirus_1	0	0	0	0			
Lib2barcode91	montagem_LIB_3_HSV7	montagens_consenso_H1	0	0	0	0			
Lib2barcode91	montagens_Alouatta_macconnelli_cytomegalovirus	montagens_Alouatta_palliata_cytomegalovirus	0	0	0	0			
Lib2barcode91	montagens_Alouatta_macconnelli_cytomegalovirus	montagens_CALHV3	0	97	0	97	0.0		0.0
Lib2barcode91	montagens_Alouatta_macconnelli_cytomegalovirus	montagens_Cebus_albifrons_lymphocryptovirus_1	0	0	0	0			
Lib2barcode91	montagens_Alouatta_macconnelli_cytomegalovirus	montagens_consenso_H1	0	0	0	0			
Lib2barcode91	montagens_Alouatta_palliata_cytomegalovirus	montagens_CALHV3	0	97	0	97	0.0		0.0
Lib2barcode91	montagens_Alouatta_palliata_cytomegalovirus	montagens_Cebus_albifrons_lymphocryptovirus_1	0	0	0	0			
Lib2barcode91	montagens_Alouatta_palliata_cytomegalovirus	montagens_consenso_H1	0	0	0	0			
Lib2barcode91	montagens_CALHV3	montagens_Cebus_albifrons_lymphocryptovirus_1	97	0	0	97	0.0	0.0	
Lib2barcode91	montagens_CALHV3	montagens_consenso_H1	97	0	0	97	0.0	0.0	
Lib2barcode91	montagens_Cebus_albifrons_lymphocryptovirus_1	montagens_consenso_H1	0	0	0	0			
Lib2barcode92	montagem_LIB_3_HSV6	montagem_LIB_3_HSV7	0	0	0	0			
Lib2barcode92	montagem_LIB_3_HSV6	montagens_Alouatta_macconnelli_cytomegalovirus	0	0	0	0			
Lib2barcode92	montagem_LIB_3_HSV6	montagens_Alouatta_palliata_cytomegalovirus	0	0	0	0			
Lib2barcode92	montagem_LIB_3_HSV6	montagens_CALHV3	0	0	0	0			
Lib2barcode92	montagem_LIB_3_HSV6	montagens_Cebus_albifrons_lymphocryptovirus_1	0	0	0	0			
Lib2barcode92	montagem_LIB_3_HSV6	montagens_consenso_H1	0	0	0	0			
Lib2barcode92	montagem_LIB_3_HSV7	montagens_Alouatta_macconnelli_cytomegalovirus	0	0	0	0			
Lib2barcode92	montagem_LIB_3_HSV7	montagens_Alouatta_palliata_cytomegalovirus	0	0	0	0			
Lib2barcode92	montagem_LIB_3_HSV7	montagens_CALHV3	0	0	0	0			
Lib2barcode92	montagem_LIB_3_HSV7	montagens_Cebus_albifrons_lymphocryptovirus_1	0	0	0	0			
Lib2barcode92	montagem_LIB_3_HSV7	montagens_consenso_H1	0	0	0	0			
Lib2barcode92	montagens_Alouatta_macconnelli_cytomegalovirus	montagens_Alouatta_palliata_cytomegalovirus	0	0	0	0			
Lib2barcode92	montagens_Alouatta_macconnelli_cytomegalovirus	montagens_CALHV3	0	0	0	0			
Lib2barcode92	montagens_Alouatta_macconnelli_cytomegalovirus	montagens_Cebus_albifrons_lymphocryptovirus_1	0	0	0	0			
Lib2barcode92	montagens_Alouatta_macconnelli_cytomegalovirus	montagens_consenso_H1	0	0	0	0			
Lib2barcode92	montagens_Alouatta_palliata_cytomegalovirus	montagens_CALHV3	0	0	0	0			
Lib2barcode92	montagens_Alouatta_palliata_cytomegalovirus	montagens_Cebus_albifrons_lymphocryptovirus_1	0	0	0	0			
Lib2barcode92	montagens_Alouatta_palliata_cytomegalovirus	montagens_consenso_H1	0	0	0	0			
Lib2barcode92	montagens_CALHV3	montagens_Cebus_albifrons_lymphocryptovirus_1	0	0	0	0			
Lib2barcode92	montagens_CALHV3	montagens_consenso_H1	0	0	0	0			
Lib2barcode92	montagens_Cebus_albifrons_lymphocryptovirus_1	montagens_consenso_H1	0	0	0	0			
Lib2barcode93	montagem_LIB_3_HSV6	montagem_LIB_3_HSV7	0	0	0	0			
Lib2barcode93	montagem_LIB_3_HSV6	montagens_Alouatta_macconnelli_cytomegalovirus	0	0	0	0			
Lib2barcode93	montagem_LIB_3_HSV6	montagens_Alouatta_palliata_cytomegalovirus	0	0	0	0			
Lib2barcode93	montagem_LIB_3_HSV6	montagens_CALHV3	0	0	0	0			
Lib2barcode93	montagem_LIB_3_HSV6	montagens_Cebus_albifrons_lymphocryptovirus_1	0	0	0	0			
Lib2barcode93	montagem_LIB_3_HSV6	montagens_consenso_H1	0	0	0	0			
Lib2barcode93	montagem_LIB_3_HSV7	montagens_Alouatta_macconnelli_cytomegalovirus	0	0	0	0			
Lib2barcode93	montagem_LIB_3_HSV7	montagens_Alouatta_palliata_cytomegalovirus	0	0	0	0			
Lib2barcode93	montagem_LIB_3_HSV7	montagens_CALHV3	0	0	0	0			
Lib2barcode93	montagem_LIB_3_HSV7	montagens_Cebus_albifrons_lymphocryptovirus_1	0	0	0	0			
Lib2barcode93	montagem_LIB_3_HSV7	montagens_consenso_H1	0	0	0	0			
Lib2barcode93	montagens_Alouatta_macconnelli_cytomegalovirus	montagens_Alouatta_palliata_cytomegalovirus	0	0	0	0			
Lib2barcode93	montagens_Alouatta_macconnelli_cytomegalovirus	montagens_CALHV3	0	0	0	0			
Lib2barcode93	montagens_Alouatta_macconnelli_cytomegalovirus	montagens_Cebus_albifrons_lymphocryptovirus_1	0	0	0	0			
Lib2barcode93	montagens_Alouatta_macconnelli_cytomegalovirus	montagens_consenso_H1	0	0	0	0			
Lib2barcode93	montagens_Alouatta_palliata_cytomegalovirus	montagens_CALHV3	0	0	0	0			
Lib2barcode93	montagens_Alouatta_palliata_cytomegalovirus	montagens_Cebus_albifrons_lymphocryptovirus_1	0	0	0	0			
Lib2barcode93	montagens_Alouatta_palliata_cytomegalovirus	montagens_consenso_H1	0	0	0	0			
Lib2barcode93	montagens_CALHV3	montagens_Cebus_albifrons_lymphocryptovirus_1	0	0	0	0			
Lib2barcode93	montagens_CALHV3	montagens_consenso_H1	0	0	0	0			
Lib2barcode93	montagens_Cebus_albifrons_lymphocryptovirus_1	montagens_consenso_H1	0	0	0	0			
Lib2barcode94	montagem_LIB_3_HSV6	montagem_LIB_3_HSV7	0	0	0	0			
Lib2barcode94	montagem_LIB_3_HSV6	montagens_Alouatta_macconnelli_cytomegalovirus	0	0	0	0			
Lib2barcode94	montagem_LIB_3_HSV6	montagens_Alouatta_palliata_cytomegalovirus	0	0	0	0			
Lib2barcode94	montagem_LIB_3_HSV6	montagens_CALHV3	0	0	0	0			
Lib2barcode94	montagem_LIB_3_HSV6	montagens_Cebus_albifrons_lymphocryptovirus_1	0	0	0	0			
Lib2barcode94	montagem_LIB_3_HSV6	montagens_consenso_H1	0	0	0	0			
Lib2barcode94	montagem_LIB_3_HSV7	montagens_Alouatta_macconnelli_cytomegalovirus	0	0	0	0			
Lib2barcode94	montagem_LIB_3_HSV7	montagens_Alouatta_palliata_cytomegalovirus	0	0	0	0			
Lib2barcode94	montagem_LIB_3_HSV7	montagens_CALHV3	0	0	0	0			
Lib2barcode94	montagem_LIB_3_HSV7	montagens_Cebus_albifrons_lymphocryptovirus_1	0	0	0	0			
Lib2barcode94	montagem_LIB_3_HSV7	montagens_consenso_H1	0	0	0	0			
Lib2barcode94	montagens_Alouatta_macconnelli_cytomegalovirus	montagens_Alouatta_palliata_cytomegalovirus	0	0	0	0			
Lib2barcode94	montagens_Alouatta_macconnelli_cytomegalovirus	montagens_CALHV3	0	0	0	0			
Lib2barcode94	montagens_Alouatta_macconnelli_cytomegalovirus	montagens_Cebus_albifrons_lymphocryptovirus_1	0	0	0	0			
Lib2barcode94	montagens_Alouatta_macconnelli_cytomegalovirus	montagens_consenso_H1	0	0	0	0			
Lib2barcode94	montagens_Alouatta_palliata_cytomegalovirus	montagens_CALHV3	0	0	0	0			
Lib2barcode94	montagens_Alouatta_palliata_cytomegalovirus	montagens_Cebus_albifrons_lymphocryptovirus_1	0	0	0	0			
Lib2barcode94	montagens_Alouatta_palliata_cytomegalovirus	montagens_consenso_H1	0	0	0	0			
Lib2barcode94	montagens_CALHV3	montagens_Cebus_albifrons_lymphocryptovirus_1	0	0	0	0			
Lib2barcode94	montagens_CALHV3	montagens_consenso_H1	0	0	0	0			
Lib2barcode94	montagens_Cebus_albifrons_lymphocryptovirus_1	montagens_consenso_H1	0	0	0	0			
Lib2barcode95	montagem_LIB_3_HSV6	montagem_LIB_3_HSV7	436	29	0	465	0.0	0.0	0.0
Lib2barcode95	montagem_LIB_3_HSV6	montagens_Alouatta_macconnelli_cytomegalovirus	436	0	0	436	0.0	0.0	
Lib2barcode95	montagem_LIB_3_HSV6	montagens_Alouatta_palliata_cytomegalovirus	436	0	0	436	0.0	0.0	
Lib2barcode95	montagem_LIB_3_HSV6	montagens_CALHV3	436	0	0	436	0.0	0.0	
Lib2barcode95	montagem_LIB_3_HSV6	montagens_Cebus_albifrons_lymphocryptovirus_1	436	0	0	436	0.0	0.0	
Lib2barcode95	montagem_LIB_3_HSV6	montagens_consenso_H1	436	2	0	438	0.0	0.0	0.0
Lib2barcode95	montagem_LIB_3_HSV7	montagens_Alouatta_macconnelli_cytomegalovirus	29	0	0	29	0.0	0.0	
Lib2barcode95	montagem_LIB_3_HSV7	montagens_Alouatta_palliata_cytomegalovirus	29	0	0	29	0.0	0.0	
Lib2barcode95	montagem_LIB_3_HSV7	montagens_CALHV3	29	0	0	29	0.0	0.0	
Lib2barcode95	montagem_LIB_3_HSV7	montagens_Cebus_albifrons_lymphocryptovirus_1	29	0	0	29	0.0	0.0	
Lib2barcode95	montagem_LIB_3_HSV7	montagens_consenso_H1	29	2	0	31	0.0	0.0	0.0
Lib2barcode95	montagens_Alouatta_macconnelli_cytomegalovirus	montagens_Alouatta_palliata_cytomegalovirus	0	0	0	0			
Lib2barcode95	montagens_Alouatta_macconnelli_cytomegalovirus	montagens_CALHV3	0	0	0	0			
Lib2barcode95	montagens_Alouatta_macconnelli_cytomegalovirus	montagens_Cebus_albifrons_lymphocryptovirus_1	0	0	0	0			
Lib2barcode95	montagens_Alouatta_macconnelli_cytomegalovirus	montagens_consenso_H1	0	2	0	2	0.0		0.0
Lib2barcode95	montagens_Alouatta_palliata_cytomegalovirus	montagens_CALHV3	0	0	0	0			
Lib2barcode95	montagens_Alouatta_palliata_cytomegalovirus	montagens_Cebus_albifrons_lymphocryptovirus_1	0	0	0	0			
Lib2barcode95	montagens_Alouatta_palliata_cytomegalovirus	montagens_consenso_H1	0	2	0	2	0.0		0.0
Lib2barcode95	montagens_CALHV3	montagens_Cebus_albifrons_lymphocryptovirus_1	0	0	0	0			
Lib2barcode95	montagens_CALHV3	montagens_consenso_H1	0	2	0	2	0.0		0.0
Lib2barcode95	montagens_Cebus_albifrons_lymphocryptovirus_1	montagens_consenso_H1	0	2	0	2	0.0		0.0
Lib2barcode96	montagem_LIB_3_HSV6	montagem_LIB_3_HSV7	0	0	0	0			
Lib2barcode96	montagem_LIB_3_HSV6	montagens_Alouatta_macconnelli_cytomegalovirus	0	0	0	0			
Lib2barcode96	montagem_LIB_3_HSV6	montagens_Alouatta_palliata_cytomegalovirus	0	0	0	0			
Lib2barcode96	montagem_LIB_3_HSV6	montagens_CALHV3	0	0	0	0			
Lib2barcode96	montagem_LIB_3_HSV6	montagens_Cebus_albifrons_lymphocryptovirus_1	0	0	0	0			
Lib2barcode96	montagem_LIB_3_HSV6	montagens_consenso_H1	0	0	0	0			
Lib2barcode96	montagem_LIB_3_HSV7	montagens_Alouatta_macconnelli_cytomegalovirus	0	0	0	0			
Lib2barcode96	montagem_LIB_3_HSV7	montagens_Alouatta_palliata_cytomegalovirus	0	0	0	0			
Lib2barcode96	montagem_LIB_3_HSV7	montagens_CALHV3	0	0	0	0			
Lib2barcode96	montagem_LIB_3_HSV7	montagens_Cebus_albifrons_lymphocryptovirus_1	0	0	0	0			
Lib2barcode96	montagem_LIB_3_HSV7	montagens_consenso_H1	0	0	0	0			
Lib2barcode96	montagens_Alouatta_macconnelli_cytomegalovirus	montagens_Alouatta_palliata_cytomegalovirus	0	0	0	0			
Lib2barcode96	montagens_Alouatta_macconnelli_cytomegalovirus	montagens_CALHV3	0	0	0	0			
Lib2barcode96	montagens_Alouatta_macconnelli_cytomegalovirus	montagens_Cebus_albifrons_lymphocryptovirus_1	0	0	0	0			
Lib2barcode96	montagens_Alouatta_macconnelli_cytomegalovirus	montagens_consenso_H1	0	0	0	0			
Lib2barcode96	montagens_Alouatta_palliata_cytomegalovirus	montagens_CALHV3	0	0	0	0			
Lib2barcode96	montagens_Alouatta_palliata_cytomegalovirus	montagens_Cebus_albifrons_lymphocryptovirus_1	0	0	0	0			
Lib2barcode96	montagens_Alouatta_palliata_cytomegalovirus	montagens_consenso_H1	0	0	0	0			
Lib2barcode96	montagens_CALHV3	montagens_Cebus_albifrons_lymphocryptovirus_1	0	0	0	0			
Lib2barcode96	montagens_CALHV3	montagens_consenso_H1	0	0	0	0			
Lib2barcode96	montagens_Cebus_albifrons_lymphocryptovirus_1	montagens_consenso_H1	0	0	0	0			
Lib3barcode01	montagem_LIB_3_HSV6	montagem_LIB_3_HSV7	0	0	0	0			
Lib3barcode01	montagem_LIB_3_HSV6	montagens_Alouatta_macconnelli_cytomegalovirus	0	0	0	0			
Lib3barcode01	montagem_LIB_3_HSV6	montagens_Alouatta_palliata_cytomegalovirus	0	0	0	0			
Lib3barcode01	montagem_LIB_3_HSV6	montagens_CALHV3	0	832	0	832	0.0		0.0
Lib3barcode01	montagem_LIB_3_HSV6	montagens_Cebus_albifrons_lymphocryptovirus_1	0	0	0	0			
Lib3barcode01	montagem_LIB_3_HSV6	montagens_consenso_H1	0	0	0	0			
Lib3barcode01	montagem_LIB_3_HSV7	montagens_Alouatta_macconnelli_cytomegalovirus	0	0	0	0			
Lib3barcode01	montagem_LIB_3_HSV7	montagens_Alouatta_palliata_cytomegalovirus	0	0	0	0			
Lib3barcode01	montagem_LIB_3_HSV7	montagens_CALHV3	0	832	0	832	0.0		0.0
Lib3barcode01	montagem_LIB_3_HSV7	montagens_Cebus_albifrons_lymphocryptovirus_1	0	0	0	0			
Lib3barcode01	montagem_LIB_3_HSV7	montagens_consenso_H1	0	0	0	0			
Lib3barcode01	montagens_Alouatta_macconnelli_cytomegalovirus	montagens_Alouatta_palliata_cytomegalovirus	0	0	0	0			
Lib3barcode01	montagens_Alouatta_macconnelli_cytomegalovirus	montagens_CALHV3	0	832	0	832	0.0		0.0
Lib3barcode01	montagens_Alouatta_macconnelli_cytomegalovirus	montagens_Cebus_albifrons_lymphocryptovirus_1	0	0	0	0			
Lib3barcode01	montagens_Alouatta_macconnelli_cytomegalovirus	montagens_consenso_H1	0	0	0	0			
Lib3barcode01	montagens_Alouatta_palliata_cytomegalovirus	montagens_CALHV3	0	832	0	832	0.0		0.0
Lib3barcode01	montagens_Alouatta_palliata_cytomegalovirus	montagens_Cebus_albifrons_lymphocryptovirus_1	0	0	0	0			
Lib3barcode01	montagens_Alouatta_palliata_cytomegalovirus	montagens_consenso_H1	0	0	0	0			
Lib3barcode01	montagens_CALHV3	montagens_Cebus_albifrons_lymphocryptovirus_1	832	0	0	832	0.0	0.0	
Lib3barcode01	montagens_CALHV3	montagens_consenso_H1	832	0	0	832	0.0	0.0	
Lib3barcode01	montagens_Cebus_albifrons_lymphocryptovirus_1	montagens_consenso_H1	0	0	0	0			
Lib3barcode02	montagem_LIB_3_HSV6	montagem_LIB_3_HSV7	0	0	0	0			
Lib3barcode02	montagem_LIB_3_HSV6	montagens_Alouatta_macconnelli_cytomegalovirus	0	0	0	0			
Lib3barcode02	montagem_LIB_3_HSV6	montagens_Alouatta_palliata_cytomegalovirus	0	0	0	0			
Lib3barcode02	montagem_LIB_3_HSV6	montagens_CALHV3	0	1	0	1	0.0		0.0
Lib3barcode02	montagem_LIB_3_HSV6	montagens_Cebus_albifrons_lymphocryptovirus_1	0	0	0	0			
Lib3barcode02	montagem_LIB_3_HSV6	montagens_consenso_H1	0	0	0	0			
Lib3barcode02	montagem_LIB_3_HSV7	montagens_Alouatta_macconnelli_cytomegalovirus	0	0	0	0			
Lib3barcode02	montagem_LIB_3_HSV7	montagens_Alouatta_palliata_cytomegalovirus	0	0	0	0			
Lib3barcode02	montagem_LIB_3_HSV7	montagens_CALHV3	0	1	0	1	0.0		0.0
Lib3barcode02	montagem_LIB_3_HSV7	montagens_Cebus_albifrons_lymphocryptovirus_1	0	0	0	0			
Lib3barcode02	montagem_LIB_3_HSV7	montagens_consenso_H1	0	0	0	0			
Lib3barcode02	montagens_Alouatta_macconnelli_cytomegalovirus	montagens_Alouatta_palliata_cytomegalovirus	0	0	0	0			
Lib3barcode02	montagens_Alouatta_macconnelli_cytomegalovirus	montagens_CALHV3	0	1	0	1	0.0		0.0
Lib3barcode02	montagens_Alouatta_macconnelli_cytomegalovirus	montagens_Cebus_albifrons_lymphocryptovirus_1	0	0	0	0			
Lib3barcode02	montagens_Alouatta_macconnelli_cytomegalovirus	montagens_consenso_H1	0	0	0	0			
Lib3barcode02	montagens_Alouatta_palliata_cytomegalovirus	montagens_CALHV3	0	1	0	1	0.0		0.0
Lib3barcode02	montagens_Alouatta_palliata_cytomegalovirus	montagens_Cebus_albifrons_lymphocryptovirus_1	0	0	0	0			
Lib3barcode02	montagens_Alouatta_palliata_cytomegalovirus	montagens_consenso_H1	0	0	0	0			
Lib3barcode02	montagens_CALHV3	montagens_Cebus_albifrons_lymphocryptovirus_1	1	0	0	1	0.0	0.0	
Lib3barcode02	montagens_CALHV3	montagens_consenso_H1	1	0	0	1	0.0	0.0	
Lib3barcode02	montagens_Cebus_albifrons_lymphocryptovirus_1	montagens_consenso_H1	0	0	0	0			
Lib3barcode03	montagem_LIB_3_HSV6	montagem_LIB_3_HSV7	0	0	0	0			
Lib3barcode03	montagem_LIB_3_HSV6	montagens_Alouatta_macconnelli_cytomegalovirus	0	0	0	0			
Lib3barcode03	montagem_LIB_3_HSV6	montagens_Alouatta_palliata_cytomegalovirus	0	0	0	0			
Lib3barcode03	montagem_LIB_3_HSV6	montagens_CALHV3	0	384	0	384	0.0		0.0
Lib3barcode03	montagem_LIB_3_HSV6	montagens_Cebus_albifrons_lymphocryptovirus_1	0	0	0	0			
Lib3barcode03	montagem_LIB_3_HSV6	montagens_consenso_H1	0	0	0	0			
Lib3barcode03	montagem_LIB_3_HSV7	montagens_Alouatta_macconnelli_cytomegalovirus	0	0	0	0			
Lib3barcode03	montagem_LIB_3_HSV7	montagens_Alouatta_palliata_cytomegalovirus	0	0	0	0			
Lib3barcode03	montagem_LIB_3_HSV7	montagens_CALHV3	0	384	0	384	0.0		0.0
Lib3barcode03	montagem_LIB_3_HSV7	montagens_Cebus_albifrons_lymphocryptovirus_1	0	0	0	0			
Lib3barcode03	montagem_LIB_3_HSV7	montagens_consenso_H1	0	0	0	0			
Lib3barcode03	montagens_Alouatta_macconnelli_cytomegalovirus	montagens_Alouatta_palliata_cytomegalovirus	0	0	0	0			
Lib3barcode03	montagens_Alouatta_macconnelli_cytomegalovirus	montagens_CALHV3	0	384	0	384	0.0		0.0
Lib3barcode03	montagens_Alouatta_macconnelli_cytomegalovirus	montagens_Cebus_albifrons_lymphocryptovirus_1	0	0	0	0			
Lib3barcode03	montagens_Alouatta_macconnelli_cytomegalovirus	montagens_consenso_H1	0	0	0	0			
Lib3barcode03	montagens_Alouatta_palliata_cytomegalovirus	montagens_CALHV3	0	384	0	384	0.0		0.0
Lib3barcode03	montagens_Alouatta_palliata_cytomegalovirus	montagens_Cebus_albifrons_lymphocryptovirus_1	0	0	0	0			
Lib3barcode03	montagens_Alouatta_palliata_cytomegalovirus	montagens_consenso_H1	0	0	0	0			
Lib3barcode03	montagens_CALHV3	montagens_Cebus_albifrons_lymphocryptovirus_1	384	0	0	384	0.0	0.0	
Lib3barcode03	montagens_CALHV3	montagens_consenso_H1	384	0	0	384	0.0	0.0	
Lib3barcode03	montagens_Cebus_albifrons_lymphocryptovirus_1	montagens_consenso_H1	0	0	0	0			
Lib3barcode09	montagem_LIB_3_HSV6	montagem_LIB_3_HSV7	0	0	0	0			
Lib3barcode09	montagem_LIB_3_HSV6	montagens_Alouatta_macconnelli_cytomegalovirus	0	0	0	0			
Lib3barcode09	montagem_LIB_3_HSV6	montagens_Alouatta_palliata_cytomegalovirus	0	0	0	0			
Lib3barcode09	montagem_LIB_3_HSV6	montagens_CALHV3	0	629	0	629	0.0		0.0
Lib3barcode09	montagem_LIB_3_HSV6	montagens_Cebus_albifrons_lymphocryptovirus_1	0	0	0	0			
Lib3barcode09	montagem_LIB_3_HSV6	montagens_consenso_H1	0	0	0	0			
Lib3barcode09	montagem_LIB_3_HSV7	montagens_Alouatta_macconnelli_cytomegalovirus	0	0	0	0			
Lib3barcode09	montagem_LIB_3_HSV7	montagens_Alouatta_palliata_cytomegalovirus	0	0	0	0			
Lib3barcode09	montagem_LIB_3_HSV7	montagens_CALHV3	0	629	0	629	0.0		0.0
Lib3barcode09	montagem_LIB_3_HSV7	montagens_Cebus_albifrons_lymphocryptovirus_1	0	0	0	0			
Lib3barcode09	montagem_LIB_3_HSV7	montagens_consenso_H1	0	0	0	0			
Lib3barcode09	montagens_Alouatta_macconnelli_cytomegalovirus	montagens_Alouatta_palliata_cytomegalovirus	0	0	0	0			
Lib3barcode09	montagens_Alouatta_macconnelli_cytomegalovirus	montagens_CALHV3	0	629	0	629	0.0		0.0
Lib3barcode09	montagens_Alouatta_macconnelli_cytomegalovirus	montagens_Cebus_albifrons_lymphocryptovirus_1	0	0	0	0			
Lib3barcode09	montagens_Alouatta_macconnelli_cytomegalovirus	montagens_consenso_H1	0	0	0	0			
Lib3barcode09	montagens_Alouatta_palliata_cytomegalovirus	montagens_CALHV3	0	629	0	629	0.0		0.0
Lib3barcode09	montagens_Alouatta_palliata_cytomegalovirus	montagens_Cebus_albifrons_lymphocryptovirus_1	0	0	0	0			
Lib3barcode09	montagens_Alouatta_palliata_cytomegalovirus	montagens_consenso_H1	0	0	0	0			
Lib3barcode09	montagens_CALHV3	montagens_Cebus_albifrons_lymphocryptovirus_1	629	0	0	629	0.0	0.0	
Lib3barcode09	montagens_CALHV3	montagens_consenso_H1	629	0	0	629	0.0	0.0	
Lib3barcode09	montagens_Cebus_albifrons_lymphocryptovirus_1	montagens_consenso_H1	0	0	0	0			
Lib3barcode10	montagem_LIB_3_HSV6	montagem_LIB_3_HSV7	0	0	0	0			
Lib3barcode10	montagem_LIB_3_HSV6	montagens_Alouatta_macconnelli_cytomegalovirus	0	0	0	0			
Lib3barcode10	montagem_LIB_3_HSV6	montagens_Alouatta_palliata_cytomegalovirus	0	0	0	0			
Lib3barcode10	montagem_LIB_3_HSV6	montagens_CALHV3	0	784	0	784	0.0		0.0
Lib3barcode10	montagem_LIB_3_HSV6	montagens_Cebus_albifrons_lymphocryptovirus_1	0	0	0	0			
Lib3barcode10	montagem_LIB_3_HSV6	montagens_consenso_H1	0	0	0	0			
Lib3barcode10	montagem_LIB_3_HSV7	montagens_Alouatta_macconnelli_cytomegalovirus	0	0	0	0			
Lib3barcode10	montagem_LIB_3_HSV7	montagens_Alouatta_palliata_cytomegalovirus	0	0	0	0			
Lib3barcode10	montagem_LIB_3_HSV7	montagens_CALHV3	0	784	0	784	0.0		0.0
Lib3barcode10	montagem_LIB_3_HSV7	montagens_Cebus_albifrons_lymphocryptovirus_1	0	0	0	0			
Lib3barcode10	montagem_LIB_3_HSV7	montagens_consenso_H1	0	0	0	0			
Lib3barcode10	montagens_Alouatta_macconnelli_cytomegalovirus	montagens_Alouatta_palliata_cytomegalovirus	0	0	0	0			
Lib3barcode10	montagens_Alouatta_macconnelli_cytomegalovirus	montagens_CALHV3	0	784	0	784	0.0		0.0
Lib3barcode10	montagens_Alouatta_macconnelli_cytomegalovirus	montagens_Cebus_albifrons_lymphocryptovirus_1	0	0	0	0			
Lib3barcode10	montagens_Alouatta_macconnelli_cytomegalovirus	montagens_consenso_H1	0	0	0	0			
Lib3barcode10	montagens_Alouatta_palliata_cytomegalovirus	montagens_CALHV3	0	784	0	784	0.0		0.0
Lib3barcode10	montagens_Alouatta_palliata_cytomegalovirus	montagens_Cebus_albifrons_lymphocryptovirus_1	0	0	0	0			
Lib3barcode10	montagens_Alouatta_palliata_cytomegalovirus	montagens_consenso_H1	0	0	0	0			
Lib3barcode10	montagens_CALHV3	montagens_Cebus_albifrons_lymphocryptovirus_1	784	0	0	784	0.0	0.0	
Lib3barcode10	montagens_CALHV3	montagens_consenso_H1	784	0	0	784	0.0	0.0	
Lib3barcode10	montagens_Cebus_albifrons_lymphocryptovirus_1	montagens_consenso_H1	0	0	0	0			
Lib3barcode11	montagem_LIB_3_HSV6	montagem_LIB_3_HSV7	0	0	0	0			
Lib3barcode11	montagem_LIB_3_HSV6	montagens_Alouatta_macconnelli_cytomegalovirus	0	0	0	0			
Lib3barcode11	montagem_LIB_3_HSV6	montagens_Alouatta_palliata_cytomegalovirus	0	0	0	0			
Lib3barcode11	montagem_LIB_3_HSV6	montagens_CALHV3	0	0	0	0			
Lib3barcode11	montagem_LIB_3_HSV6	montagens_Cebus_albifrons_lymphocryptovirus_1	0	0	0	0			
Lib3barcode11	montagem_LIB_3_HSV6	montagens_consenso_H1	0	0	0	0			
Lib3barcode11	montagem_LIB_3_HSV7	montagens_Alouatta_macconnelli_cytomegalovirus	0	0	0	0			
Lib3barcode11	montagem_LIB_3_HSV7	montagens_Alouatta_palliata_cytomegalovirus	0	0	0	0			
Lib3barcode11	montagem_LIB_3_HSV7	montagens_CALHV3	0	0	0	0			
Lib3barcode11	montagem_LIB_3_HSV7	montagens_Cebus_albifrons_lymphocryptovirus_1	0	0	0	0			
Lib3barcode11	montagem_LIB_3_HSV7	montagens_consenso_H1	0	0	0	0			
Lib3barcode11	montagens_Alouatta_macconnelli_cytomegalovirus	montagens_Alouatta_palliata_cytomegalovirus	0	0	0	0			
Lib3barcode11	montagens_Alouatta_macconnelli_cytomegalovirus	montagens_CALHV3	0	0	0	0			
Lib3barcode11	montagens_Alouatta_macconnelli_cytomegalovirus	montagens_Cebus_albifrons_lymphocryptovirus_1	0	0	0	0			
Lib3barcode11	montagens_Alouatta_macconnelli_cytomegalovirus	montagens_consenso_H1	0	0	0	0			
Lib3barcode11	montagens_Alouatta_palliata_cytomegalovirus	montagens_CALHV3	0	0	0	0			
Lib3barcode11	montagens_Alouatta_palliata_cytomegalovirus	montagens_Cebus_albifrons_lymphocryptovirus_1	0	0	0	0			
Lib3barcode11	montagens_Alouatta_palliata_cytomegalovirus	montagens_consenso_H1	0	0	0	0			
Lib3barcode11	montagens_CALHV3	montagens_Cebus_albifrons_lymphocryptovirus_1	0	0	0	0			
Lib3barcode11	montagens_CALHV3	montagens_consenso_H1	0	0	0	0			
Lib3barcode11	montagens_Cebus_albifrons_lymphocryptovirus_1	montagens_consenso_H1	0	0	0	0			
Lib3barcode12	montagem_LIB_3_HSV6	montagem_LIB_3_HSV7	0	0	0	0			
Lib3barcode12	montagem_LIB_3_HSV6	montagens_Alouatta_macconnelli_cytomegalovirus	0	0	0	0			
Lib3barcode12	montagem_LIB_3_HSV6	montagens_Alouatta_palliata_cytomegalovirus	0	0	0	0			
Lib3barcode12	montagem_LIB_3_HSV6	montagens_CALHV3	0	306	0	306	0.0		0.0
Lib3barcode12	montagem_LIB_3_HSV6	montagens_Cebus_albifrons_lymphocryptovirus_1	0	0	0	0			
Lib3barcode12	montagem_LIB_3_HSV6	montagens_consenso_H1	0	0	0	0			
Lib3barcode12	montagem_LIB_3_HSV7	montagens_Alouatta_macconnelli_cytomegalovirus	0	0	0	0			
Lib3barcode12	montagem_LIB_3_HSV7	montagens_Alouatta_palliata_cytomegalovirus	0	0	0	0			
Lib3barcode12	montagem_LIB_3_HSV7	montagens_CALHV3	0	306	0	306	0.0		0.0
Lib3barcode12	montagem_LIB_3_HSV7	montagens_Cebus_albifrons_lymphocryptovirus_1	0	0	0	0			
Lib3barcode12	montagem_LIB_3_HSV7	montagens_consenso_H1	0	0	0	0			
Lib3barcode12	montagens_Alouatta_macconnelli_cytomegalovirus	montagens_Alouatta_palliata_cytomegalovirus	0	0	0	0			
Lib3barcode12	montagens_Alouatta_macconnelli_cytomegalovirus	montagens_CALHV3	0	306	0	306	0.0		0.0
Lib3barcode12	montagens_Alouatta_macconnelli_cytomegalovirus	montagens_Cebus_albifrons_lymphocryptovirus_1	0	0	0	0			
Lib3barcode12	montagens_Alouatta_macconnelli_cytomegalovirus	montagens_consenso_H1	0	0	0	0			
Lib3barcode12	montagens_Alouatta_palliata_cytomegalovirus	montagens_CALHV3	0	306	0	306	0.0		0.0
Lib3barcode12	montagens_Alouatta_palliata_cytomegalovirus	montagens_Cebus_albifrons_lymphocryptovirus_1	0	0	0	0			
Lib3barcode12	montagens_Alouatta_palliata_cytomegalovirus	montagens_consenso_H1	0	0	0	0			
Lib3barcode12	montagens_CALHV3	montagens_Cebus_albifrons_lymphocryptovirus_1	306	0	0	306	0.0	0.0	
Lib3barcode12	montagens_CALHV3	montagens_consenso_H1	306	0	0	306	0.0	0.0	
Lib3barcode12	montagens_Cebus_albifrons_lymphocryptovirus_1	montagens_consenso_H1	0	0	0	0			
Lib3barcode13	montagem_LIB_3_HSV6	montagem_LIB_3_HSV7	0	0	0	0			
Lib3barcode13	montagem_LIB_3_HSV6	montagens_Alouatta_macconnelli_cytomegalovirus	0	0	0	0			
Lib3barcode13	montagem_LIB_3_HSV6	montagens_Alouatta_palliata_cytomegalovirus	0	0	0	0			
Lib3barcode13	montagem_LIB_3_HSV6	montagens_CALHV3	0	0	0	0			
Lib3barcode13	montagem_LIB_3_HSV6	montagens_Cebus_albifrons_lymphocryptovirus_1	0	1	0	1	0.0		0.0
Lib3barcode13	montagem_LIB_3_HSV6	montagens_consenso_H1	0	0	0	0			
Lib3barcode13	montagem_LIB_3_HSV7	montagens_Alouatta_macconnelli_cytomegalovirus	0	0	0	0			
Lib3barcode13	montagem_LIB_3_HSV7	montagens_Alouatta_palliata_cytomegalovirus	0	0	0	0			
Lib3barcode13	montagem_LIB_3_HSV7	montagens_CALHV3	0	0	0	0			
Lib3barcode13	montagem_LIB_3_HSV7	montagens_Cebus_albifrons_lymphocryptovirus_1	0	1	0	1	0.0		0.0
Lib3barcode13	montagem_LIB_3_HSV7	montagens_consenso_H1	0	0	0	0			
Lib3barcode13	montagens_Alouatta_macconnelli_cytomegalovirus	montagens_Alouatta_palliata_cytomegalovirus	0	0	0	0			
Lib3barcode13	montagens_Alouatta_macconnelli_cytomegalovirus	montagens_CALHV3	0	0	0	0			
Lib3barcode13	montagens_Alouatta_macconnelli_cytomegalovirus	montagens_Cebus_albifrons_lymphocryptovirus_1	0	1	0	1	0.0		0.0
Lib3barcode13	montagens_Alouatta_macconnelli_cytomegalovirus	montagens_consenso_H1	0	0	0	0			
Lib3barcode13	montagens_Alouatta_palliata_cytomegalovirus	montagens_CALHV3	0	0	0	0			
Lib3barcode13	montagens_Alouatta_palliata_cytomegalovirus	montagens_Cebus_albifrons_lymphocryptovirus_1	0	1	0	1	0.0		0.0
Lib3barcode13	montagens_Alouatta_palliata_cytomegalovirus	montagens_consenso_H1	0	0	0	0			
Lib3barcode13	montagens_CALHV3	montagens_Cebus_albifrons_lymphocryptovirus_1	0	1	0	1	0.0		0.0
Lib3barcode13	montagens_CALHV3	montagens_consenso_H1	0	0	0	0			
Lib3barcode13	montagens_Cebus_albifrons_lymphocryptovirus_1	montagens_consenso_H1	1	0	0	1	0.0	0.0	
Lib3barcode14	montagem_LIB_3_HSV6	montagem_LIB_3_HSV7	0	0	0	0			
Lib3barcode14	montagem_LIB_3_HSV6	montagens_Alouatta_macconnelli_cytomegalovirus	0	0	0	0			
Lib3barcode14	montagem_LIB_3_HSV6	montagens_Alouatta_palliata_cytomegalovirus	0	0	0	0			
Lib3barcode14	montagem_LIB_3_HSV6	montagens_CALHV3	0	1	0	1	0.0		0.0
Lib3barcode14	montagem_LIB_3_HSV6	montagens_Cebus_albifrons_lymphocryptovirus_1	0	0	0	0			
Lib3barcode14	montagem_LIB_3_HSV6	montagens_consenso_H1	0	0	0	0			
Lib3barcode14	montagem_LIB_3_HSV7	montagens_Alouatta_macconnelli_cytomegalovirus	0	0	0	0			
Lib3barcode14	montagem_LIB_3_HSV7	montagens_Alouatta_palliata_cytomegalovirus	0	0	0	0			
Lib3barcode14	montagem_LIB_3_HSV7	montagens_CALHV3	0	1	0	1	0.0		0.0
Lib3barcode14	montagem_LIB_3_HSV7	montagens_Cebus_albifrons_lymphocryptovirus_1	0	0	0	0			
Lib3barcode14	montagem_LIB_3_HSV7	montagens_consenso_H1	0	0	0	0			
Lib3barcode14	montagens_Alouatta_macconnelli_cytomegalovirus	montagens_Alouatta_palliata_cytomegalovirus	0	0	0	0			
Lib3barcode14	montagens_Alouatta_macconnelli_cytomegalovirus	montagens_CALHV3	0	1	0	1	0.0		0.0
Lib3barcode14	montagens_Alouatta_macconnelli_cytomegalovirus	montagens_Cebus_albifrons_lymphocryptovirus_1	0	0	0	0			
Lib3barcode14	montagens_Alouatta_macconnelli_cytomegalovirus	montagens_consenso_H1	0	0	0	0			
Lib3barcode14	montagens_Alouatta_palliata_cytomegalovirus	montagens_CALHV3	0	1	0	1	0.0		0.0
Lib3barcode14	montagens_Alouatta_palliata_cytomegalovirus	montagens_Cebus_albifrons_lymphocryptovirus_1	0	0	0	0			
Lib3barcode14	montagens_Alouatta_palliata_cytomegalovirus	montagens_consenso_H1	0	0	0	0			
Lib3barcode14	montagens_CALHV3	montagens_Cebus_albifrons_lymphocryptovirus_1	1	0	0	1	0.0	0.0	
Lib3barcode14	montagens_CALHV3	montagens_consenso_H1	1	0	0	1	0.0	0.0	
Lib3barcode14	montagens_Cebus_albifrons_lymphocryptovirus_1	montagens_consenso_H1	0	0	0	0			
Lib3barcode15	montagem_LIB_3_HSV6	montagem_LIB_3_HSV7	0	0	0	0			
Lib3barcode15	montagem_LIB_3_HSV6	montagens_Alouatta_macconnelli_cytomegalovirus	0	94	0	94	0.0		0.0
Lib3barcode15	montagem_LIB_3_HSV6	montagens_Alouatta_palliata_cytomegalovirus	0	181	0	181	0.0		0.0
Lib3barcode15	montagem_LIB_3_HSV6	montagens_CALHV3	0	1	0	1	0.0		0.0
Lib3barcode15	montagem_LIB_3_HSV6	montagens_Cebus_albifrons_lymphocryptovirus_1	0	0	0	0			
Lib3barcode15	montagem_LIB_3_HSV6	montagens_consenso_H1	0	0	0	0			
Lib3barcode15	montagem_LIB_3_HSV7	montagens_Alouatta_macconnelli_cytomegalovirus	0	94	0	94	0.0		0.0
Lib3barcode15	montagem_LIB_3_HSV7	montagens_Alouatta_palliata_cytomegalovirus	0	181	0	181	0.0		0.0
Lib3barcode15	montagem_LIB_3_HSV7	montagens_CALHV3	0	1	0	1	0.0		0.0
Lib3barcode15	montagem_LIB_3_HSV7	montagens_Cebus_albifrons_lymphocryptovirus_1	0	0	0	0			
Lib3barcode15	montagem_LIB_3_HSV7	montagens_consenso_H1	0	0	0	0			
Lib3barcode15	montagens_Alouatta_macconnelli_cytomegalovirus	montagens_Alouatta_palliata_cytomegalovirus	94	181	92	183	0.50273224	0.9787234	0.50828729
Lib3barcode15	montagens_Alouatta_macconnelli_cytomegalovirus	montagens_CALHV3	94	1	0	95	0.0	0.0	0.0
Lib3barcode15	montagens_Alouatta_macconnelli_cytomegalovirus	montagens_Cebus_albifrons_lymphocryptovirus_1	94	0	0	94	0.0	0.0	
Lib3barcode15	montagens_Alouatta_macconnelli_cytomegalovirus	montagens_consenso_H1	94	0	0	94	0.0	0.0	
Lib3barcode15	montagens_Alouatta_palliata_cytomegalovirus	montagens_CALHV3	181	1	0	182	0.0	0.0	0.0
Lib3barcode15	montagens_Alouatta_palliata_cytomegalovirus	montagens_Cebus_albifrons_lymphocryptovirus_1	181	0	0	181	0.0	0.0	
Lib3barcode15	montagens_Alouatta_palliata_cytomegalovirus	montagens_consenso_H1	181	0	0	181	0.0	0.0	
Lib3barcode15	montagens_CALHV3	montagens_Cebus_albifrons_lymphocryptovirus_1	1	0	0	1	0.0	0.0	
Lib3barcode15	montagens_CALHV3	montagens_consenso_H1	1	0	0	1	0.0	0.0	
Lib3barcode15	montagens_Cebus_albifrons_lymphocryptovirus_1	montagens_consenso_H1	0	0	0	0			
Lib3barcode16	montagem_LIB_3_HSV6	montagem_LIB_3_HSV7	0	0	0	0			
Lib3barcode16	montagem_LIB_3_HSV6	montagens_Alouatta_macconnelli_cytomegalovirus	0	0	0	0			
Lib3barcode16	montagem_LIB_3_HSV6	montagens_Alouatta_palliata_cytomegalovirus	0	0	0	0			
Lib3barcode16	montagem_LIB_3_HSV6	montagens_CALHV3	0	0	0	0			
Lib3barcode16	montagem_LIB_3_HSV6	montagens_Cebus_albifrons_lymphocryptovirus_1	0	0	0	0			
Lib3barcode16	montagem_LIB_3_HSV6	montagens_consenso_H1	0	0	0	0			
Lib3barcode16	montagem_LIB_3_HSV7	montagens_Alouatta_macconnelli_cytomegalovirus	0	0	0	0			
Lib3barcode16	montagem_LIB_3_HSV7	montagens_Alouatta_palliata_cytomegalovirus	0	0	0	0			
Lib3barcode16	montagem_LIB_3_HSV7	montagens_CALHV3	0	0	0	0			
Lib3barcode16	montagem_LIB_3_HSV7	montagens_Cebus_albifrons_lymphocryptovirus_1	0	0	0	0			
Lib3barcode16	montagem_LIB_3_HSV7	montagens_consenso_H1	0	0	0	0			
Lib3barcode16	montagens_Alouatta_macconnelli_cytomegalovirus	montagens_Alouatta_palliata_cytomegalovirus	0	0	0	0			
Lib3barcode16	montagens_Alouatta_macconnelli_cytomegalovirus	montagens_CALHV3	0	0	0	0			
Lib3barcode16	montagens_Alouatta_macconnelli_cytomegalovirus	montagens_Cebus_albifrons_lymphocryptovirus_1	0	0	0	0			
Lib3barcode16	montagens_Alouatta_macconnelli_cytomegalovirus	montagens_consenso_H1	0	0	0	0			
Lib3barcode16	montagens_Alouatta_palliata_cytomegalovirus	montagens_CALHV3	0	0	0	0			
Lib3barcode16	montagens_Alouatta_palliata_cytomegalovirus	montagens_Cebus_albifrons_lymphocryptovirus_1	0	0	0	0			
Lib3barcode16	montagens_Alouatta_palliata_cytomegalovirus	montagens_consenso_H1	0	0	0	0			
Lib3barcode16	montagens_CALHV3	montagens_Cebus_albifrons_lymphocryptovirus_1	0	0	0	0			
Lib3barcode16	montagens_CALHV3	montagens_consenso_H1	0	0	0	0			
Lib3barcode16	montagens_Cebus_albifrons_lymphocryptovirus_1	montagens_consenso_H1	0	0	0	0			
Lib3barcode17	montagem_LIB_3_HSV6	montagem_LIB_3_HSV7	0	0	0	0			
Lib3barcode17	montagem_LIB_3_HSV6	montagens_Alouatta_macconnelli_cytomegalovirus	0	0	0	0			
Lib3barcode17	montagem_LIB_3_HSV6	montagens_Alouatta_palliata_cytomegalovirus	0	0	0	0			
Lib3barcode17	montagem_LIB_3_HSV6	montagens_CALHV3	0	831	0	831	0.0		0.0
Lib3barcode17	montagem_LIB_3_HSV6	montagens_Cebus_albifrons_lymphocryptovirus_1	0	0	0	0			
Lib3barcode17	montagem_LIB_3_HSV6	montagens_consenso_H1	0	0	0	0			
Lib3barcode17	montagem_LIB_3_HSV7	montagens_Alouatta_macconnelli_cytomegalovirus	0	0	0	0			
Lib3barcode17	montagem_LIB_3_HSV7	montagens_Alouatta_palliata_cytomegalovirus	0	0	0	0			
Lib3barcode17	montagem_LIB_3_HSV7	montagens_CALHV3	0	831	0	831	0.0		0.0
Lib3barcode17	montagem_LIB_3_HSV7	montagens_Cebus_albifrons_lymphocryptovirus_1	0	0	0	0			
Lib3barcode17	montagem_LIB_3_HSV7	montagens_consenso_H1	0	0	0	0			
Lib3barcode17	montagens_Alouatta_macconnelli_cytomegalovirus	montagens_Alouatta_palliata_cytomegalovirus	0	0	0	0			
Lib3barcode17	montagens_Alouatta_macconnelli_cytomegalovirus	montagens_CALHV3	0	831	0	831	0.0		0.0
Lib3barcode17	montagens_Alouatta_macconnelli_cytomegalovirus	montagens_Cebus_albifrons_lymphocryptovirus_1	0	0	0	0			
Lib3barcode17	montagens_Alouatta_macconnelli_cytomegalovirus	montagens_consenso_H1	0	0	0	0			
Lib3barcode17	montagens_Alouatta_palliata_cytomegalovirus	montagens_CALHV3	0	831	0	831	0.0		0.0
Lib3barcode17	montagens_Alouatta_palliata_cytomegalovirus	montagens_Cebus_albifrons_lymphocryptovirus_1	0	0	0	0			
Lib3barcode17	montagens_Alouatta_palliata_cytomegalovirus	montagens_consenso_H1	0	0	0	0			
Lib3barcode17	montagens_CALHV3	montagens_Cebus_albifrons_lymphocryptovirus_1	831	0	0	831	0.0	0.0	
Lib3barcode17	montagens_CALHV3	montagens_consenso_H1	831	0	0	831	0.0	0.0	
Lib3barcode17	montagens_Cebus_albifrons_lymphocryptovirus_1	montagens_consenso_H1	0	0	0	0			
Lib3barcode18	montagem_LIB_3_HSV6	montagem_LIB_3_HSV7	0	0	0	0			
Lib3barcode18	montagem_LIB_3_HSV6	montagens_Alouatta_macconnelli_cytomegalovirus	0	0	0	0			
Lib3barcode18	montagem_LIB_3_HSV6	montagens_Alouatta_palliata_cytomegalovirus	0	0	0	0			
Lib3barcode18	montagem_LIB_3_HSV6	montagens_CALHV3	0	1	0	1	0.0		0.0
Lib3barcode18	montagem_LIB_3_HSV6	montagens_Cebus_albifrons_lymphocryptovirus_1	0	0	0	0			
Lib3barcode18	montagem_LIB_3_HSV6	montagens_consenso_H1	0	0	0	0			
Lib3barcode18	montagem_LIB_3_HSV7	montagens_Alouatta_macconnelli_cytomegalovirus	0	0	0	0			
Lib3barcode18	montagem_LIB_3_HSV7	montagens_Alouatta_palliata_cytomegalovirus	0	0	0	0			
Lib3barcode18	montagem_LIB_3_HSV7	montagens_CALHV3	0	1	0	1	0.0		0.0
Lib3barcode18	montagem_LIB_3_HSV7	montagens_Cebus_albifrons_lymphocryptovirus_1	0	0	0	0			
Lib3barcode18	montagem_LIB_3_HSV7	montagens_consenso_H1	0	0	0	0			
Lib3barcode18	montagens_Alouatta_macconnelli_cytomegalovirus	montagens_Alouatta_palliata_cytomegalovirus	0	0	0	0			
Lib3barcode18	montagens_Alouatta_macconnelli_cytomegalovirus	montagens_CALHV3	0	1	0	1	0.0		0.0
Lib3barcode18	montagens_Alouatta_macconnelli_cytomegalovirus	montagens_Cebus_albifrons_lymphocryptovirus_1	0	0	0	0			
Lib3barcode18	montagens_Alouatta_macconnelli_cytomegalovirus	montagens_consenso_H1	0	0	0	0			
Lib3barcode18	montagens_Alouatta_palliata_cytomegalovirus	montagens_CALHV3	0	1	0	1	0.0		0.0
Lib3barcode18	montagens_Alouatta_palliata_cytomegalovirus	montagens_Cebus_albifrons_lymphocryptovirus_1	0	0	0	0			
Lib3barcode18	montagens_Alouatta_palliata_cytomegalovirus	montagens_consenso_H1	0	0	0	0			
Lib3barcode18	montagens_CALHV3	montagens_Cebus_albifrons_lymphocryptovirus_1	1	0	0	1	0.0	0.0	
Lib3barcode18	montagens_CALHV3	montagens_consenso_H1	1	0	0	1	0.0	0.0	
Lib3barcode18	montagens_Cebus_albifrons_lymphocryptovirus_1	montagens_consenso_H1	0	0	0	0			
Lib3barcode19	montagem_LIB_3_HSV6	montagem_LIB_3_HSV7	0	0	0	0			
Lib3barcode19	montagem_LIB_3_HSV6	montagens_Alouatta_macconnelli_cytomegalovirus	0	0	0	0			
Lib3barcode19	montagem_LIB_3_HSV6	montagens_Alouatta_palliata_cytomegalovirus	0	0	0	0			
Lib3barcode19	montagem_LIB_3_HSV6	montagens_CALHV3	0	1	0	1	0.0		0.0
Lib3barcode19	montagem_LIB_3_HSV6	montagens_Cebus_albifrons_lymphocryptovirus_1	0	0	0	0			
Lib3barcode19	montagem_LIB_3_HSV6	montagens_consenso_H1	0	0	0	0			
Lib3barcode19	montagem_LIB_3_HSV7	montagens_Alouatta_macconnelli_cytomegalovirus	0	0	0	0			
Lib3barcode19	montagem_LIB_3_HSV7	montagens_Alouatta_palliata_cytomegalovirus	0	0	0	0			
Lib3barcode19	montagem_LIB_3_HSV7	montagens_CALHV3	0	1	0	1	0.0		0.0
Lib3barcode19	montagem_LIB_3_HSV7	montagens_Cebus_albifrons_lymphocryptovirus_1	0	0	0	0			
Lib3barcode19	montagem_LIB_3_HSV7	montagens_consenso_H1	0	0	0	0			
Lib3barcode19	montagens_Alouatta_macconnelli_cytomegalovirus	montagens_Alouatta_palliata_cytomegalovirus	0	0	0	0			
Lib3barcode19	montagens_Alouatta_macconnelli_cytomegalovirus	montagens_CALHV3	0	1	0	1	0.0		0.0
Lib3barcode19	montagens_Alouatta_macconnelli_cytomegalovirus	montagens_Cebus_albifrons_lymphocryptovirus_1	0	0	0	0			
Lib3barcode19	montagens_Alouatta_macconnelli_cytomegalovirus	montagens_consenso_H1	0	0	0	0			
Lib3barcode19	montagens_Alouatta_palliata_cytomegalovirus	montagens_CALHV3	0	1	0	1	0.0		0.0
Lib3barcode19	montagens_Alouatta_palliata_cytomegalovirus	montagens_Cebus_albifrons_lymphocryptovirus_1	0	0	0	0			
Lib3barcode19	montagens_Alouatta_palliata_cytomegalovirus	montagens_consenso_H1	0	0	0	0			
Lib3barcode19	montagens_CALHV3	montagens_Cebus_albifrons_lymphocryptovirus_1	1	0	0	1	0.0	0.0	
Lib3barcode19	montagens_CALHV3	montagens_consenso_H1	1	0	0	1	0.0	0.0	
Lib3barcode19	montagens_Cebus_albifrons_lymphocryptovirus_1	montagens_consenso_H1	0	0	0	0			
Lib3barcode20	montagem_LIB_3_HSV6	montagem_LIB_3_HSV7	0	0	0	0			
Lib3barcode20	montagem_LIB_3_HSV6	montagens_Alouatta_macconnelli_cytomegalovirus	0	0	0	0			
Lib3barcode20	montagem_LIB_3_HSV6	montagens_Alouatta_palliata_cytomegalovirus	0	0	0	0			
Lib3barcode20	montagem_LIB_3_HSV6	montagens_CALHV3	0	132	0	132	0.0		0.0
Lib3barcode20	montagem_LIB_3_HSV6	montagens_Cebus_albifrons_lymphocryptovirus_1	0	0	0	0			
Lib3barcode20	montagem_LIB_3_HSV6	montagens_consenso_H1	0	0	0	0			
Lib3barcode20	montagem_LIB_3_HSV7	montagens_Alouatta_macconnelli_cytomegalovirus	0	0	0	0			
Lib3barcode20	montagem_LIB_3_HSV7	montagens_Alouatta_palliata_cytomegalovirus	0	0	0	0			
Lib3barcode20	montagem_LIB_3_HSV7	montagens_CALHV3	0	132	0	132	0.0		0.0
Lib3barcode20	montagem_LIB_3_HSV7	montagens_Cebus_albifrons_lymphocryptovirus_1	0	0	0	0			
Lib3barcode20	montagem_LIB_3_HSV7	montagens_consenso_H1	0	0	0	0			
Lib3barcode20	montagens_Alouatta_macconnelli_cytomegalovirus	montagens_Alouatta_palliata_cytomegalovirus	0	0	0	0			
Lib3barcode20	montagens_Alouatta_macconnelli_cytomegalovirus	montagens_CALHV3	0	132	0	132	0.0		0.0
Lib3barcode20	montagens_Alouatta_macconnelli_cytomegalovirus	montagens_Cebus_albifrons_lymphocryptovirus_1	0	0	0	0			
Lib3barcode20	montagens_Alouatta_macconnelli_cytomegalovirus	montagens_consenso_H1	0	0	0	0			
Lib3barcode20	montagens_Alouatta_palliata_cytomegalovirus	montagens_CALHV3	0	132	0	132	0.0		0.0
Lib3barcode20	montagens_Alouatta_palliata_cytomegalovirus	montagens_Cebus_albifrons_lymphocryptovirus_1	0	0	0	0			
Lib3barcode20	montagens_Alouatta_palliata_cytomegalovirus	montagens_consenso_H1	0	0	0	0			
Lib3barcode20	montagens_CALHV3	montagens_Cebus_albifrons_lymphocryptovirus_1	132	0	0	132	0.0	0.0	
Lib3barcode20	montagens_CALHV3	montagens_consenso_H1	132	0	0	132	0.0	0.0	
Lib3barcode20	montagens_Cebus_albifrons_lymphocryptovirus_1	montagens_consenso_H1	0	0	0	0			
Lib3barcode21	montagem_LIB_3_HSV6	montagem_LIB_3_HSV7	0	0	0	0			
Lib3barcode21	montagem_LIB_3_HSV6	montagens_Alouatta_macconnelli_cytomegalovirus	0	0	0	0			
Lib3barcode21	montagem_LIB_3_HSV6	montagens_Alouatta_palliata_cytomegalovirus	0	0	0	0			
Lib3barcode21	montagem_LIB_3_HSV6	montagens_CALHV3	0	196	0	196	0.0		0.0
Lib3barcode21	montagem_LIB_3_HSV6	montagens_Cebus_albifrons_lymphocryptovirus_1	0	0	0	0			
Lib3barcode21	montagem_LIB_3_HSV6	montagens_consenso_H1	0	0	0	0			
Lib3barcode21	montagem_LIB_3_HSV7	montagens_Alouatta_macconnelli_cytomegalovirus	0	0	0	0			
Lib3barcode21	montagem_LIB_3_HSV7	montagens_Alouatta_palliata_cytomegalovirus	0	0	0	0			
Lib3barcode21	montagem_LIB_3_HSV7	montagens_CALHV3	0	196	0	196	0.0		0.0
Lib3barcode21	montagem_LIB_3_HSV7	montagens_Cebus_albifrons_lymphocryptovirus_1	0	0	0	0			
Lib3barcode21	montagem_LIB_3_HSV7	montagens_consenso_H1	0	0	0	0			
Lib3barcode21	montagens_Alouatta_macconnelli_cytomegalovirus	montagens_Alouatta_palliata_cytomegalovirus	0	0	0	0			
Lib3barcode21	montagens_Alouatta_macconnelli_cytomegalovirus	montagens_CALHV3	0	196	0	196	0.0		0.0
Lib3barcode21	montagens_Alouatta_macconnelli_cytomegalovirus	montagens_Cebus_albifrons_lymphocryptovirus_1	0	0	0	0			
Lib3barcode21	montagens_Alouatta_macconnelli_cytomegalovirus	montagens_consenso_H1	0	0	0	0			
Lib3barcode21	montagens_Alouatta_palliata_cytomegalovirus	montagens_CALHV3	0	196	0	196	0.0		0.0
Lib3barcode21	montagens_Alouatta_palliata_cytomegalovirus	montagens_Cebus_albifrons_lymphocryptovirus_1	0	0	0	0			
Lib3barcode21	montagens_Alouatta_palliata_cytomegalovirus	montagens_consenso_H1	0	0	0	0			
Lib3barcode21	montagens_CALHV3	montagens_Cebus_albifrons_lymphocryptovirus_1	196	0	0	196	0.0	0.0	
Lib3barcode21	montagens_CALHV3	montagens_consenso_H1	196	0	0	196	0.0	0.0	
Lib3barcode21	montagens_Cebus_albifrons_lymphocryptovirus_1	montagens_consenso_H1	0	0	0	0			
Lib3barcode22	montagem_LIB_3_HSV6	montagem_LIB_3_HSV7	0	0	0	0			
Lib3barcode22	montagem_LIB_3_HSV6	montagens_Alouatta_macconnelli_cytomegalovirus	0	0	0	0			
Lib3barcode22	montagem_LIB_3_HSV6	montagens_Alouatta_palliata_cytomegalovirus	0	0	0	0			
Lib3barcode22	montagem_LIB_3_HSV6	montagens_CALHV3	0	0	0	0			
Lib3barcode22	montagem_LIB_3_HSV6	montagens_Cebus_albifrons_lymphocryptovirus_1	0	0	0	0			
Lib3barcode22	montagem_LIB_3_HSV6	montagens_consenso_H1	0	0	0	0			
Lib3barcode22	montagem_LIB_3_HSV7	montagens_Alouatta_macconnelli_cytomegalovirus	0	0	0	0			
Lib3barcode22	montagem_LIB_3_HSV7	montagens_Alouatta_palliata_cytomegalovirus	0	0	0	0			
Lib3barcode22	montagem_LIB_3_HSV7	montagens_CALHV3	0	0	0	0			
Lib3barcode22	montagem_LIB_3_HSV7	montagens_Cebus_albifrons_lymphocryptovirus_1	0	0	0	0			
Lib3barcode22	montagem_LIB_3_HSV7	montagens_consenso_H1	0	0	0	0			
Lib3barcode22	montagens_Alouatta_macconnelli_cytomegalovirus	montagens_Alouatta_palliata_cytomegalovirus	0	0	0	0			
Lib3barcode22	montagens_Alouatta_macconnelli_cytomegalovirus	montagens_CALHV3	0	0	0	0			
Lib3barcode22	montagens_Alouatta_macconnelli_cytomegalovirus	montagens_Cebus_albifrons_lymphocryptovirus_1	0	0	0	0			
Lib3barcode22	montagens_Alouatta_macconnelli_cytomegalovirus	montagens_consenso_H1	0	0	0	0			
Lib3barcode22	montagens_Alouatta_palliata_cytomegalovirus	montagens_CALHV3	0	0	0	0			
Lib3barcode22	montagens_Alouatta_palliata_cytomegalovirus	montagens_Cebus_albifrons_lymphocryptovirus_1	0	0	0	0			
Lib3barcode22	montagens_Alouatta_palliata_cytomegalovirus	montagens_consenso_H1	0	0	0	0			
Lib3barcode22	montagens_CALHV3	montagens_Cebus_albifrons_lymphocryptovirus_1	0	0	0	0			
Lib3barcode22	montagens_CALHV3	montagens_consenso_H1	0	0	0	0			
Lib3barcode22	montagens_Cebus_albifrons_lymphocryptovirus_1	montagens_consenso_H1	0	0	0	0			
Lib3barcode23	montagem_LIB_3_HSV6	montagem_LIB_3_HSV7	0	0	0	0			
Lib3barcode23	montagem_LIB_3_HSV6	montagens_Alouatta_macconnelli_cytomegalovirus	0	0	0	0			
Lib3barcode23	montagem_LIB_3_HSV6	montagens_Alouatta_palliata_cytomegalovirus	0	0	0	0			
Lib3barcode23	montagem_LIB_3_HSV6	montagens_CALHV3	0	0	0	0			
Lib3barcode23	montagem_LIB_3_HSV6	montagens_Cebus_albifrons_lymphocryptovirus_1	0	0	0	0			
Lib3barcode23	montagem_LIB_3_HSV6	montagens_consenso_H1	0	0	0	0			
Lib3barcode23	montagem_LIB_3_HSV7	montagens_Alouatta_macconnelli_cytomegalovirus	0	0	0	0			
Lib3barcode23	montagem_LIB_3_HSV7	montagens_Alouatta_palliata_cytomegalovirus	0	0	0	0			
Lib3barcode23	montagem_LIB_3_HSV7	montagens_CALHV3	0	0	0	0			
Lib3barcode23	montagem_LIB_3_HSV7	montagens_Cebus_albifrons_lymphocryptovirus_1	0	0	0	0			
Lib3barcode23	montagem_LIB_3_HSV7	montagens_consenso_H1	0	0	0	0			
Lib3barcode23	montagens_Alouatta_macconnelli_cytomegalovirus	montagens_Alouatta_palliata_cytomegalovirus	0	0	0	0			
Lib3barcode23	montagens_Alouatta_macconnelli_cytomegalovirus	montagens_CALHV3	0	0	0	0			
Lib3barcode23	montagens_Alouatta_macconnelli_cytomegalovirus	montagens_Cebus_albifrons_lymphocryptovirus_1	0	0	0	0			
Lib3barcode23	montagens_Alouatta_macconnelli_cytomegalovirus	montagens_consenso_H1	0	0	0	0			
Lib3barcode23	montagens_Alouatta_palliata_cytomegalovirus	montagens_CALHV3	0	0	0	0			
Lib3barcode23	montagens_Alouatta_palliata_cytomegalovirus	montagens_Cebus_albifrons_lymphocryptovirus_1	0	0	0	0			
Lib3barcode23	montagens_Alouatta_palliata_cytomegalovirus	montagens_consenso_H1	0	0	0	0			
Lib3barcode23	montagens_CALHV3	montagens_Cebus_albifrons_lymphocryptovirus_1	0	0	0	0			
Lib3barcode23	montagens_CALHV3	montagens_consenso_H1	0	0	0	0			
Lib3barcode23	montagens_Cebus_albifrons_lymphocryptovirus_1	montagens_consenso_H1	0	0	0	0			
Lib3barcode24	montagem_LIB_3_HSV6	montagem_LIB_3_HSV7	0	0	0	0			
Lib3barcode24	montagem_LIB_3_HSV6	montagens_Alouatta_macconnelli_cytomegalovirus	0	0	0	0			
Lib3barcode24	montagem_LIB_3_HSV6	montagens_Alouatta_palliata_cytomegalovirus	0	0	0	0			
Lib3barcode24	montagem_LIB_3_HSV6	montagens_CALHV3	0	0	0	0			
Lib3barcode24	montagem_LIB_3_HSV6	montagens_Cebus_albifrons_lymphocryptovirus_1	0	0	0	0			
Lib3barcode24	montagem_LIB_3_HSV6	montagens_consenso_H1	0	0	0	0			
Lib3barcode24	montagem_LIB_3_HSV7	montagens_Alouatta_macconnelli_cytomegalovirus	0	0	0	0			
Lib3barcode24	montagem_LIB_3_HSV7	montagens_Alouatta_palliata_cytomegalovirus	0	0	0	0			
Lib3barcode24	montagem_LIB_3_HSV7	montagens_CALHV3	0	0	0	0			
Lib3barcode24	montagem_LIB_3_HSV7	montagens_Cebus_albifrons_lymphocryptovirus_1	0	0	0	0			
Lib3barcode24	montagem_LIB_3_HSV7	montagens_consenso_H1	0	0	0	0			
Lib3barcode24	montagens_Alouatta_macconnelli_cytomegalovirus	montagens_Alouatta_palliata_cytomegalovirus	0	0	0	0			
Lib3barcode24	montagens_Alouatta_macconnelli_cytomegalovirus	montagens_CALHV3	0	0	0	0			
Lib3barcode24	montagens_Alouatta_macconnelli_cytomegalovirus	montagens_Cebus_albifrons_lymphocryptovirus_1	0	0	0	0			
Lib3barcode24	montagens_Alouatta_macconnelli_cytomegalovirus	montagens_consenso_H1	0	0	0	0			
Lib3barcode24	montagens_Alouatta_palliata_cytomegalovirus	montagens_CALHV3	0	0	0	0			
Lib3barcode24	montagens_Alouatta_palliata_cytomegalovirus	montagens_Cebus_albifrons_lymphocryptovirus_1	0	0	0	0			
Lib3barcode24	montagens_Alouatta_palliata_cytomegalovirus	montagens_consenso_H1	0	0	0	0			
Lib3barcode24	montagens_CALHV3	montagens_Cebus_albifrons_lymphocryptovirus_1	0	0	0	0			
Lib3barcode24	montagens_CALHV3	montagens_consenso_H1	0	0	0	0			
Lib3barcode24	montagens_Cebus_albifrons_lymphocryptovirus_1	montagens_consenso_H1	0	0	0	0			
Lib3barcode25	montagem_LIB_3_HSV6	montagem_LIB_3_HSV7	0	0	0	0			
Lib3barcode25	montagem_LIB_3_HSV6	montagens_Alouatta_macconnelli_cytomegalovirus	0	0	0	0			
Lib3barcode25	montagem_LIB_3_HSV6	montagens_Alouatta_palliata_cytomegalovirus	0	0	0	0			
Lib3barcode25	montagem_LIB_3_HSV6	montagens_CALHV3	0	135	0	135	0.0		0.0
Lib3barcode25	montagem_LIB_3_HSV6	montagens_Cebus_albifrons_lymphocryptovirus_1	0	0	0	0			
Lib3barcode25	montagem_LIB_3_HSV6	montagens_consenso_H1	0	0	0	0			
Lib3barcode25	montagem_LIB_3_HSV7	montagens_Alouatta_macconnelli_cytomegalovirus	0	0	0	0			
Lib3barcode25	montagem_LIB_3_HSV7	montagens_Alouatta_palliata_cytomegalovirus	0	0	0	0			
Lib3barcode25	montagem_LIB_3_HSV7	montagens_CALHV3	0	135	0	135	0.0		0.0
Lib3barcode25	montagem_LIB_3_HSV7	montagens_Cebus_albifrons_lymphocryptovirus_1	0	0	0	0			
Lib3barcode25	montagem_LIB_3_HSV7	montagens_consenso_H1	0	0	0	0			
Lib3barcode25	montagens_Alouatta_macconnelli_cytomegalovirus	montagens_Alouatta_palliata_cytomegalovirus	0	0	0	0			
Lib3barcode25	montagens_Alouatta_macconnelli_cytomegalovirus	montagens_CALHV3	0	135	0	135	0.0		0.0
Lib3barcode25	montagens_Alouatta_macconnelli_cytomegalovirus	montagens_Cebus_albifrons_lymphocryptovirus_1	0	0	0	0			
Lib3barcode25	montagens_Alouatta_macconnelli_cytomegalovirus	montagens_consenso_H1	0	0	0	0			
Lib3barcode25	montagens_Alouatta_palliata_cytomegalovirus	montagens_CALHV3	0	135	0	135	0.0		0.0
Lib3barcode25	montagens_Alouatta_palliata_cytomegalovirus	montagens_Cebus_albifrons_lymphocryptovirus_1	0	0	0	0			
Lib3barcode25	montagens_Alouatta_palliata_cytomegalovirus	montagens_consenso_H1	0	0	0	0			
Lib3barcode25	montagens_CALHV3	montagens_Cebus_albifrons_lymphocryptovirus_1	135	0	0	135	0.0	0.0	
Lib3barcode25	montagens_CALHV3	montagens_consenso_H1	135	0	0	135	0.0	0.0	
Lib3barcode25	montagens_Cebus_albifrons_lymphocryptovirus_1	montagens_consenso_H1	0	0	0	0			
Lib3barcode26	montagem_LIB_3_HSV6	montagem_LIB_3_HSV7	0	0	0	0			
Lib3barcode26	montagem_LIB_3_HSV6	montagens_Alouatta_macconnelli_cytomegalovirus	0	0	0	0			
Lib3barcode26	montagem_LIB_3_HSV6	montagens_Alouatta_palliata_cytomegalovirus	0	0	0	0			
Lib3barcode26	montagem_LIB_3_HSV6	montagens_CALHV3	0	481	0	481	0.0		0.0
Lib3barcode26	montagem_LIB_3_HSV6	montagens_Cebus_albifrons_lymphocryptovirus_1	0	0	0	0			
Lib3barcode26	montagem_LIB_3_HSV6	montagens_consenso_H1	0	0	0	0			
Lib3barcode26	montagem_LIB_3_HSV7	montagens_Alouatta_macconnelli_cytomegalovirus	0	0	0	0			
Lib3barcode26	montagem_LIB_3_HSV7	montagens_Alouatta_palliata_cytomegalovirus	0	0	0	0			
Lib3barcode26	montagem_LIB_3_HSV7	montagens_CALHV3	0	481	0	481	0.0		0.0
Lib3barcode26	montagem_LIB_3_HSV7	montagens_Cebus_albifrons_lymphocryptovirus_1	0	0	0	0			
Lib3barcode26	montagem_LIB_3_HSV7	montagens_consenso_H1	0	0	0	0			
Lib3barcode26	montagens_Alouatta_macconnelli_cytomegalovirus	montagens_Alouatta_palliata_cytomegalovirus	0	0	0	0			
Lib3barcode26	montagens_Alouatta_macconnelli_cytomegalovirus	montagens_CALHV3	0	481	0	481	0.0		0.0
Lib3barcode26	montagens_Alouatta_macconnelli_cytomegalovirus	montagens_Cebus_albifrons_lymphocryptovirus_1	0	0	0	0			
Lib3barcode26	montagens_Alouatta_macconnelli_cytomegalovirus	montagens_consenso_H1	0	0	0	0			
Lib3barcode26	montagens_Alouatta_palliata_cytomegalovirus	montagens_CALHV3	0	481	0	481	0.0		0.0
Lib3barcode26	montagens_Alouatta_palliata_cytomegalovirus	montagens_Cebus_albifrons_lymphocryptovirus_1	0	0	0	0			
Lib3barcode26	montagens_Alouatta_palliata_cytomegalovirus	montagens_consenso_H1	0	0	0	0			
Lib3barcode26	montagens_CALHV3	montagens_Cebus_albifrons_lymphocryptovirus_1	481	0	0	481	0.0	0.0	
Lib3barcode26	montagens_CALHV3	montagens_consenso_H1	481	0	0	481	0.0	0.0	
Lib3barcode26	montagens_Cebus_albifrons_lymphocryptovirus_1	montagens_consenso_H1	0	0	0	0			
Lib3barcode27	montagem_LIB_3_HSV6	montagem_LIB_3_HSV7	0	0	0	0			
Lib3barcode27	montagem_LIB_3_HSV6	montagens_Alouatta_macconnelli_cytomegalovirus	0	0	0	0			
Lib3barcode27	montagem_LIB_3_HSV6	montagens_Alouatta_palliata_cytomegalovirus	0	0	0	0			
Lib3barcode27	montagem_LIB_3_HSV6	montagens_CALHV3	0	736	0	736	0.0		0.0
Lib3barcode27	montagem_LIB_3_HSV6	montagens_Cebus_albifrons_lymphocryptovirus_1	0	0	0	0			
Lib3barcode27	montagem_LIB_3_HSV6	montagens_consenso_H1	0	0	0	0			
Lib3barcode27	montagem_LIB_3_HSV7	montagens_Alouatta_macconnelli_cytomegalovirus	0	0	0	0			
Lib3barcode27	montagem_LIB_3_HSV7	montagens_Alouatta_palliata_cytomegalovirus	0	0	0	0			
Lib3barcode27	montagem_LIB_3_HSV7	montagens_CALHV3	0	736	0	736	0.0		0.0
Lib3barcode27	montagem_LIB_3_HSV7	montagens_Cebus_albifrons_lymphocryptovirus_1	0	0	0	0			
Lib3barcode27	montagem_LIB_3_HSV7	montagens_consenso_H1	0	0	0	0			
Lib3barcode27	montagens_Alouatta_macconnelli_cytomegalovirus	montagens_Alouatta_palliata_cytomegalovirus	0	0	0	0			
Lib3barcode27	montagens_Alouatta_macconnelli_cytomegalovirus	montagens_CALHV3	0	736	0	736	0.0		0.0
Lib3barcode27	montagens_Alouatta_macconnelli_cytomegalovirus	montagens_Cebus_albifrons_lymphocryptovirus_1	0	0	0	0			
Lib3barcode27	montagens_Alouatta_macconnelli_cytomegalovirus	montagens_consenso_H1	0	0	0	0			
Lib3barcode27	montagens_Alouatta_palliata_cytomegalovirus	montagens_CALHV3	0	736	0	736	0.0		0.0
Lib3barcode27	montagens_Alouatta_palliata_cytomegalovirus	montagens_Cebus_albifrons_lymphocryptovirus_1	0	0	0	0			
Lib3barcode27	montagens_Alouatta_palliata_cytomegalovirus	montagens_consenso_H1	0	0	0	0			
Lib3barcode27	montagens_CALHV3	montagens_Cebus_albifrons_lymphocryptovirus_1	736	0	0	736	0.0	0.0	
Lib3barcode27	montagens_CALHV3	montagens_consenso_H1	736	0	0	736	0.0	0.0	
Lib3barcode27	montagens_Cebus_albifrons_lymphocryptovirus_1	montagens_consenso_H1	0	0	0	0			
Lib3barcode28	montagem_LIB_3_HSV6	montagem_LIB_3_HSV7	0	0	0	0			
Lib3barcode28	montagem_LIB_3_HSV6	montagens_Alouatta_macconnelli_cytomegalovirus	0	0	0	0			
Lib3barcode28	montagem_LIB_3_HSV6	montagens_Alouatta_palliata_cytomegalovirus	0	0	0	0			
Lib3barcode28	montagem_LIB_3_HSV6	montagens_CALHV3	0	0	0	0			
Lib3barcode28	montagem_LIB_3_HSV6	montagens_Cebus_albifrons_lymphocryptovirus_1	0	0	0	0			
Lib3barcode28	montagem_LIB_3_HSV6	montagens_consenso_H1	0	0	0	0			
Lib3barcode28	montagem_LIB_3_HSV7	montagens_Alouatta_macconnelli_cytomegalovirus	0	0	0	0			
Lib3barcode28	montagem_LIB_3_HSV7	montagens_Alouatta_palliata_cytomegalovirus	0	0	0	0			
Lib3barcode28	montagem_LIB_3_HSV7	montagens_CALHV3	0	0	0	0			
Lib3barcode28	montagem_LIB_3_HSV7	montagens_Cebus_albifrons_lymphocryptovirus_1	0	0	0	0			
Lib3barcode28	montagem_LIB_3_HSV7	montagens_consenso_H1	0	0	0	0			
Lib3barcode28	montagens_Alouatta_macconnelli_cytomegalovirus	montagens_Alouatta_palliata_cytomegalovirus	0	0	0	0			
Lib3barcode28	montagens_Alouatta_macconnelli_cytomegalovirus	montagens_CALHV3	0	0	0	0			
Lib3barcode28	montagens_Alouatta_macconnelli_cytomegalovirus	montagens_Cebus_albifrons_lymphocryptovirus_1	0	0	0	0			
Lib3barcode28	montagens_Alouatta_macconnelli_cytomegalovirus	montagens_consenso_H1	0	0	0	0			
Lib3barcode28	montagens_Alouatta_palliata_cytomegalovirus	montagens_CALHV3	0	0	0	0			
Lib3barcode28	montagens_Alouatta_palliata_cytomegalovirus	montagens_Cebus_albifrons_lymphocryptovirus_1	0	0	0	0			
Lib3barcode28	montagens_Alouatta_palliata_cytomegalovirus	montagens_consenso_H1	0	0	0	0			
Lib3barcode28	montagens_CALHV3	montagens_Cebus_albifrons_lymphocryptovirus_1	0	0	0	0			
Lib3barcode28	montagens_CALHV3	montagens_consenso_H1	0	0	0	0			
Lib3barcode28	montagens_Cebus_albifrons_lymphocryptovirus_1	montagens_consenso_H1	0	0	0	0			
Lib3barcode29	montagem_LIB_3_HSV6	montagem_LIB_3_HSV7	0	0	0	0			
Lib3barcode29	montagem_LIB_3_HSV6	montagens_Alouatta_macconnelli_cytomegalovirus	0	0	0	0			
Lib3barcode29	montagem_LIB_3_HSV6	montagens_Alouatta_palliata_cytomegalovirus	0	0	0	0			
Lib3barcode29	montagem_LIB_3_HSV6	montagens_CALHV3	0	3	0	3	0.0		0.0
Lib3barcode29	montagem_LIB_3_HSV6	montagens_Cebus_albifrons_lymphocryptovirus_1	0	0	0	0			
Lib3barcode29	montagem_LIB_3_HSV6	montagens_consenso_H1	0	0	0	0			
Lib3barcode29	montagem_LIB_3_HSV7	montagens_Alouatta_macconnelli_cytomegalovirus	0	0	0	0			
Lib3barcode29	montagem_LIB_3_HSV7	montagens_Alouatta_palliata_cytomegalovirus	0	0	0	0			
Lib3barcode29	montagem_LIB_3_HSV7	montagens_CALHV3	0	3	0	3	0.0		0.0
Lib3barcode29	montagem_LIB_3_HSV7	montagens_Cebus_albifrons_lymphocryptovirus_1	0	0	0	0			
Lib3barcode29	montagem_LIB_3_HSV7	montagens_consenso_H1	0	0	0	0			
Lib3barcode29	montagens_Alouatta_macconnelli_cytomegalovirus	montagens_Alouatta_palliata_cytomegalovirus	0	0	0	0			
Lib3barcode29	montagens_Alouatta_macconnelli_cytomegalovirus	montagens_CALHV3	0	3	0	3	0.0		0.0
Lib3barcode29	montagens_Alouatta_macconnelli_cytomegalovirus	montagens_Cebus_albifrons_lymphocryptovirus_1	0	0	0	0			
Lib3barcode29	montagens_Alouatta_macconnelli_cytomegalovirus	montagens_consenso_H1	0	0	0	0			
Lib3barcode29	montagens_Alouatta_palliata_cytomegalovirus	montagens_CALHV3	0	3	0	3	0.0		0.0
Lib3barcode29	montagens_Alouatta_palliata_cytomegalovirus	montagens_Cebus_albifrons_lymphocryptovirus_1	0	0	0	0			
Lib3barcode29	montagens_Alouatta_palliata_cytomegalovirus	montagens_consenso_H1	0	0	0	0			
Lib3barcode29	montagens_CALHV3	montagens_Cebus_albifrons_lymphocryptovirus_1	3	0	0	3	0.0	0.0	
Lib3barcode29	montagens_CALHV3	montagens_consenso_H1	3	0	0	3	0.0	0.0	
Lib3barcode29	montagens_Cebus_albifrons_lymphocryptovirus_1	montagens_consenso_H1	0	0	0	0			
Lib3barcode30	montagem_LIB_3_HSV6	montagem_LIB_3_HSV7	0	0	0	0			
Lib3barcode30	montagem_LIB_3_HSV6	montagens_Alouatta_macconnelli_cytomegalovirus	0	0	0	0			
Lib3barcode30	montagem_LIB_3_HSV6	montagens_Alouatta_palliata_cytomegalovirus	0	0	0	0			
Lib3barcode30	montagem_LIB_3_HSV6	montagens_CALHV3	0	0	0	0			
Lib3barcode30	montagem_LIB_3_HSV6	montagens_Cebus_albifrons_lymphocryptovirus_1	0	0	0	0			
Lib3barcode30	montagem_LIB_3_HSV6	montagens_consenso_H1	0	0	0	0			
Lib3barcode30	montagem_LIB_3_HSV7	montagens_Alouatta_macconnelli_cytomegalovirus	0	0	0	0			
Lib3barcode30	montagem_LIB_3_HSV7	montagens_Alouatta_palliata_cytomegalovirus	0	0	0	0			
Lib3barcode30	montagem_LIB_3_HSV7	montagens_CALHV3	0	0	0	0			
Lib3barcode30	montagem_LIB_3_HSV7	montagens_Cebus_albifrons_lymphocryptovirus_1	0	0	0	0			
Lib3barcode30	montagem_LIB_3_HSV7	montagens_consenso_H1	0	0	0	0			
Lib3barcode30	montagens_Alouatta_macconnelli_cytomegalovirus	montagens_Alouatta_palliata_cytomegalovirus	0	0	0	0			
Lib3barcode30	montagens_Alouatta_macconnelli_cytomegalovirus	montagens_CALHV3	0	0	0	0			
Lib3barcode30	montagens_Alouatta_macconnelli_cytomegalovirus	montagens_Cebus_albifrons_lymphocryptovirus_1	0	0	0	0			
Lib3barcode30	montagens_Alouatta_macconnelli_cytomegalovirus	montagens_consenso_H1	0	0	0	0			
Lib3barcode30	montagens_Alouatta_palliata_cytomegalovirus	montagens_CALHV3	0	0	0	0			
Lib3barcode30	montagens_Alouatta_palliata_cytomegalovirus	montagens_Cebus_albifrons_lymphocryptovirus_1	0	0	0	0			
Lib3barcode30	montagens_Alouatta_palliata_cytomegalovirus	montagens_consenso_H1	0	0	0	0			
Lib3barcode30	montagens_CALHV3	montagens_Cebus_albifrons_lymphocryptovirus_1	0	0	0	0			
Lib3barcode30	montagens_CALHV3	montagens_consenso_H1	0	0	0	0			
Lib3barcode30	montagens_Cebus_albifrons_lymphocryptovirus_1	montagens_consenso_H1	0	0	0	0			
Lib3barcode31	montagem_LIB_3_HSV6	montagem_LIB_3_HSV7	0	0	0	0			
Lib3barcode31	montagem_LIB_3_HSV6	montagens_Alouatta_macconnelli_cytomegalovirus	0	0	0	0			
Lib3barcode31	montagem_LIB_3_HSV6	montagens_Alouatta_palliata_cytomegalovirus	0	0	0	0			
Lib3barcode31	montagem_LIB_3_HSV6	montagens_CALHV3	0	122	0	122	0.0		0.0
Lib3barcode31	montagem_LIB_3_HSV6	montagens_Cebus_albifrons_lymphocryptovirus_1	0	0	0	0			
Lib3barcode31	montagem_LIB_3_HSV6	montagens_consenso_H1	0	0	0	0			
Lib3barcode31	montagem_LIB_3_HSV7	montagens_Alouatta_macconnelli_cytomegalovirus	0	0	0	0			
Lib3barcode31	montagem_LIB_3_HSV7	montagens_Alouatta_palliata_cytomegalovirus	0	0	0	0			
Lib3barcode31	montagem_LIB_3_HSV7	montagens_CALHV3	0	122	0	122	0.0		0.0
Lib3barcode31	montagem_LIB_3_HSV7	montagens_Cebus_albifrons_lymphocryptovirus_1	0	0	0	0			
Lib3barcode31	montagem_LIB_3_HSV7	montagens_consenso_H1	0	0	0	0			
Lib3barcode31	montagens_Alouatta_macconnelli_cytomegalovirus	montagens_Alouatta_palliata_cytomegalovirus	0	0	0	0			
Lib3barcode31	montagens_Alouatta_macconnelli_cytomegalovirus	montagens_CALHV3	0	122	0	122	0.0		0.0
Lib3barcode31	montagens_Alouatta_macconnelli_cytomegalovirus	montagens_Cebus_albifrons_lymphocryptovirus_1	0	0	0	0			
Lib3barcode31	montagens_Alouatta_macconnelli_cytomegalovirus	montagens_consenso_H1	0	0	0	0			
Lib3barcode31	montagens_Alouatta_palliata_cytomegalovirus	montagens_CALHV3	0	122	0	122	0.0		0.0
Lib3barcode31	montagens_Alouatta_palliata_cytomegalovirus	montagens_Cebus_albifrons_lymphocryptovirus_1	0	0	0	0			
Lib3barcode31	montagens_Alouatta_palliata_cytomegalovirus	montagens_consenso_H1	0	0	0	0			
Lib3barcode31	montagens_CALHV3	montagens_Cebus_albifrons_lymphocryptovirus_1	122	0	0	122	0.0	0.0	
Lib3barcode31	montagens_CALHV3	montagens_consenso_H1	122	0	0	122	0.0	0.0	
Lib3barcode31	montagens_Cebus_albifrons_lymphocryptovirus_1	montagens_consenso_H1	0	0	0	0			
Lib3barcode32	montagem_LIB_3_HSV6	montagem_LIB_3_HSV7	0	0	0	0			
Lib3barcode32	montagem_LIB_3_HSV6	montagens_Alouatta_macconnelli_cytomegalovirus	0	0	0	0			
Lib3barcode32	montagem_LIB_3_HSV6	montagens_Alouatta_palliata_cytomegalovirus	0	0	0	0			
Lib3barcode32	montagem_LIB_3_HSV6	montagens_CALHV3	0	237	0	237	0.0		0.0
Lib3barcode32	montagem_LIB_3_HSV6	montagens_Cebus_albifrons_lymphocryptovirus_1	0	0	0	0			
Lib3barcode32	montagem_LIB_3_HSV6	montagens_consenso_H1	0	0	0	0			
Lib3barcode32	montagem_LIB_3_HSV7	montagens_Alouatta_macconnelli_cytomegalovirus	0	0	0	0			
Lib3barcode32	montagem_LIB_3_HSV7	montagens_Alouatta_palliata_cytomegalovirus	0	0	0	0			
Lib3barcode32	montagem_LIB_3_HSV7	montagens_CALHV3	0	237	0	237	0.0		0.0
Lib3barcode32	montagem_LIB_3_HSV7	montagens_Cebus_albifrons_lymphocryptovirus_1	0	0	0	0			
Lib3barcode32	montagem_LIB_3_HSV7	montagens_consenso_H1	0	0	0	0			
Lib3barcode32	montagens_Alouatta_macconnelli_cytomegalovirus	montagens_Alouatta_palliata_cytomegalovirus	0	0	0	0			
Lib3barcode32	montagens_Alouatta_macconnelli_cytomegalovirus	montagens_CALHV3	0	237	0	237	0.0		0.0
Lib3barcode32	montagens_Alouatta_macconnelli_cytomegalovirus	montagens_Cebus_albifrons_lymphocryptovirus_1	0	0	0	0			
Lib3barcode32	montagens_Alouatta_macconnelli_cytomegalovirus	montagens_consenso_H1	0	0	0	0			
Lib3barcode32	montagens_Alouatta_palliata_cytomegalovirus	montagens_CALHV3	0	237	0	237	0.0		0.0
Lib3barcode32	montagens_Alouatta_palliata_cytomegalovirus	montagens_Cebus_albifrons_lymphocryptovirus_1	0	0	0	0			
Lib3barcode32	montagens_Alouatta_palliata_cytomegalovirus	montagens_consenso_H1	0	0	0	0			
Lib3barcode32	montagens_CALHV3	montagens_Cebus_albifrons_lymphocryptovirus_1	237	0	0	237	0.0	0.0	
Lib3barcode32	montagens_CALHV3	montagens_consenso_H1	237	0	0	237	0.0	0.0	
Lib3barcode32	montagens_Cebus_albifrons_lymphocryptovirus_1	montagens_consenso_H1	0	0	0	0			
Lib3barcode33	montagem_LIB_3_HSV6	montagem_LIB_3_HSV7	0	0	0	0			
Lib3barcode33	montagem_LIB_3_HSV6	montagens_Alouatta_macconnelli_cytomegalovirus	0	0	0	0			
Lib3barcode33	montagem_LIB_3_HSV6	montagens_Alouatta_palliata_cytomegalovirus	0	0	0	0			
Lib3barcode33	montagem_LIB_3_HSV6	montagens_CALHV3	0	453	0	453	0.0		0.0
Lib3barcode33	montagem_LIB_3_HSV6	montagens_Cebus_albifrons_lymphocryptovirus_1	0	0	0	0			
Lib3barcode33	montagem_LIB_3_HSV6	montagens_consenso_H1	0	0	0	0			
Lib3barcode33	montagem_LIB_3_HSV7	montagens_Alouatta_macconnelli_cytomegalovirus	0	0	0	0			
Lib3barcode33	montagem_LIB_3_HSV7	montagens_Alouatta_palliata_cytomegalovirus	0	0	0	0			
Lib3barcode33	montagem_LIB_3_HSV7	montagens_CALHV3	0	453	0	453	0.0		0.0
Lib3barcode33	montagem_LIB_3_HSV7	montagens_Cebus_albifrons_lymphocryptovirus_1	0	0	0	0			
Lib3barcode33	montagem_LIB_3_HSV7	montagens_consenso_H1	0	0	0	0			
Lib3barcode33	montagens_Alouatta_macconnelli_cytomegalovirus	montagens_Alouatta_palliata_cytomegalovirus	0	0	0	0			
Lib3barcode33	montagens_Alouatta_macconnelli_cytomegalovirus	montagens_CALHV3	0	453	0	453	0.0		0.0
Lib3barcode33	montagens_Alouatta_macconnelli_cytomegalovirus	montagens_Cebus_albifrons_lymphocryptovirus_1	0	0	0	0			
Lib3barcode33	montagens_Alouatta_macconnelli_cytomegalovirus	montagens_consenso_H1	0	0	0	0			
Lib3barcode33	montagens_Alouatta_palliata_cytomegalovirus	montagens_CALHV3	0	453	0	453	0.0		0.0
Lib3barcode33	montagens_Alouatta_palliata_cytomegalovirus	montagens_Cebus_albifrons_lymphocryptovirus_1	0	0	0	0			
Lib3barcode33	montagens_Alouatta_palliata_cytomegalovirus	montagens_consenso_H1	0	0	0	0			
Lib3barcode33	montagens_CALHV3	montagens_Cebus_albifrons_lymphocryptovirus_1	453	0	0	453	0.0	0.0	
Lib3barcode33	montagens_CALHV3	montagens_consenso_H1	453	0	0	453	0.0	0.0	
Lib3barcode33	montagens_Cebus_albifrons_lymphocryptovirus_1	montagens_consenso_H1	0	0	0	0			
Lib3barcode34	montagem_LIB_3_HSV6	montagem_LIB_3_HSV7	0	0	0	0			
Lib3barcode34	montagem_LIB_3_HSV6	montagens_Alouatta_macconnelli_cytomegalovirus	0	0	0	0			
Lib3barcode34	montagem_LIB_3_HSV6	montagens_Alouatta_palliata_cytomegalovirus	0	0	0	0			
Lib3barcode34	montagem_LIB_3_HSV6	montagens_CALHV3	0	395	0	395	0.0		0.0
Lib3barcode34	montagem_LIB_3_HSV6	montagens_Cebus_albifrons_lymphocryptovirus_1	0	0	0	0			
Lib3barcode34	montagem_LIB_3_HSV6	montagens_consenso_H1	0	0	0	0			
Lib3barcode34	montagem_LIB_3_HSV7	montagens_Alouatta_macconnelli_cytomegalovirus	0	0	0	0			
Lib3barcode34	montagem_LIB_3_HSV7	montagens_Alouatta_palliata_cytomegalovirus	0	0	0	0			
Lib3barcode34	montagem_LIB_3_HSV7	montagens_CALHV3	0	395	0	395	0.0		0.0
Lib3barcode34	montagem_LIB_3_HSV7	montagens_Cebus_albifrons_lymphocryptovirus_1	0	0	0	0			
Lib3barcode34	montagem_LIB_3_HSV7	montagens_consenso_H1	0	0	0	0			
Lib3barcode34	montagens_Alouatta_macconnelli_cytomegalovirus	montagens_Alouatta_palliata_cytomegalovirus	0	0	0	0			
Lib3barcode34	montagens_Alouatta_macconnelli_cytomegalovirus	montagens_CALHV3	0	395	0	395	0.0		0.0
Lib3barcode34	montagens_Alouatta_macconnelli_cytomegalovirus	montagens_Cebus_albifrons_lymphocryptovirus_1	0	0	0	0			
Lib3barcode34	montagens_Alouatta_macconnelli_cytomegalovirus	montagens_consenso_H1	0	0	0	0			
Lib3barcode34	montagens_Alouatta_palliata_cytomegalovirus	montagens_CALHV3	0	395	0	395	0.0		0.0
Lib3barcode34	montagens_Alouatta_palliata_cytomegalovirus	montagens_Cebus_albifrons_lymphocryptovirus_1	0	0	0	0			
Lib3barcode34	montagens_Alouatta_palliata_cytomegalovirus	montagens_consenso_H1	0	0	0	0			
Lib3barcode34	montagens_CALHV3	montagens_Cebus_albifrons_lymphocryptovirus_1	395	0	0	395	0.0	0.0	
Lib3barcode34	montagens_CALHV3	montagens_consenso_H1	395	0	0	395	0.0	0.0	
Lib3barcode34	montagens_Cebus_albifrons_lymphocryptovirus_1	montagens_consenso_H1	0	0	0	0			
Lib3barcode35	montagem_LIB_3_HSV6	montagem_LIB_3_HSV7	0	0	0	0			
Lib3barcode35	montagem_LIB_3_HSV6	montagens_Alouatta_macconnelli_cytomegalovirus	0	0	0	0			
Lib3barcode35	montagem_LIB_3_HSV6	montagens_Alouatta_palliata_cytomegalovirus	0	0	0	0			
Lib3barcode35	montagem_LIB_3_HSV6	montagens_CALHV3	0	410	0	410	0.0		0.0
Lib3barcode35	montagem_LIB_3_HSV6	montagens_Cebus_albifrons_lymphocryptovirus_1	0	0	0	0			
Lib3barcode35	montagem_LIB_3_HSV6	montagens_consenso_H1	0	0	0	0			
Lib3barcode35	montagem_LIB_3_HSV7	montagens_Alouatta_macconnelli_cytomegalovirus	0	0	0	0			
Lib3barcode35	montagem_LIB_3_HSV7	montagens_Alouatta_palliata_cytomegalovirus	0	0	0	0			
Lib3barcode35	montagem_LIB_3_HSV7	montagens_CALHV3	0	410	0	410	0.0		0.0
Lib3barcode35	montagem_LIB_3_HSV7	montagens_Cebus_albifrons_lymphocryptovirus_1	0	0	0	0			
Lib3barcode35	montagem_LIB_3_HSV7	montagens_consenso_H1	0	0	0	0			
Lib3barcode35	montagens_Alouatta_macconnelli_cytomegalovirus	montagens_Alouatta_palliata_cytomegalovirus	0	0	0	0			
Lib3barcode35	montagens_Alouatta_macconnelli_cytomegalovirus	montagens_CALHV3	0	410	0	410	0.0		0.0
Lib3barcode35	montagens_Alouatta_macconnelli_cytomegalovirus	montagens_Cebus_albifrons_lymphocryptovirus_1	0	0	0	0			
Lib3barcode35	montagens_Alouatta_macconnelli_cytomegalovirus	montagens_consenso_H1	0	0	0	0			
Lib3barcode35	montagens_Alouatta_palliata_cytomegalovirus	montagens_CALHV3	0	410	0	410	0.0		0.0
Lib3barcode35	montagens_Alouatta_palliata_cytomegalovirus	montagens_Cebus_albifrons_lymphocryptovirus_1	0	0	0	0			
Lib3barcode35	montagens_Alouatta_palliata_cytomegalovirus	montagens_consenso_H1	0	0	0	0			
Lib3barcode35	montagens_CALHV3	montagens_Cebus_albifrons_lymphocryptovirus_1	410	0	0	410	0.0	0.0	
Lib3barcode35	montagens_CALHV3	montagens_consenso_H1	410	0	0	410	0.0	0.0	
Lib3barcode35	montagens_Cebus_albifrons_lymphocryptovirus_1	montagens_consenso_H1	0	0	0	0			
Lib3barcode36	montagem_LIB_3_HSV6	montagem_LIB_3_HSV7	0	0	0	0			
Lib3barcode36	montagem_LIB_3_HSV6	montagens_Alouatta_macconnelli_cytomegalovirus	0	0	0	0			
Lib3barcode36	montagem_LIB_3_HSV6	montagens_Alouatta_palliata_cytomegalovirus	0	0	0	0			
Lib3barcode36	montagem_LIB_3_HSV6	montagens_CALHV3	0	466	0	466	0.0		0.0
Lib3barcode36	montagem_LIB_3_HSV6	montagens_Cebus_albifrons_lymphocryptovirus_1	0	0	0	0			
Lib3barcode36	montagem_LIB_3_HSV6	montagens_consenso_H1	0	0	0	0			
Lib3barcode36	montagem_LIB_3_HSV7	montagens_Alouatta_macconnelli_cytomegalovirus	0	0	0	0			
Lib3barcode36	montagem_LIB_3_HSV7	montagens_Alouatta_palliata_cytomegalovirus	0	0	0	0			
Lib3barcode36	montagem_LIB_3_HSV7	montagens_CALHV3	0	466	0	466	0.0		0.0
Lib3barcode36	montagem_LIB_3_HSV7	montagens_Cebus_albifrons_lymphocryptovirus_1	0	0	0	0			
Lib3barcode36	montagem_LIB_3_HSV7	montagens_consenso_H1	0	0	0	0			
Lib3barcode36	montagens_Alouatta_macconnelli_cytomegalovirus	montagens_Alouatta_palliata_cytomegalovirus	0	0	0	0			
Lib3barcode36	montagens_Alouatta_macconnelli_cytomegalovirus	montagens_CALHV3	0	466	0	466	0.0		0.0
Lib3barcode36	montagens_Alouatta_macconnelli_cytomegalovirus	montagens_Cebus_albifrons_lymphocryptovirus_1	0	0	0	0			
Lib3barcode36	montagens_Alouatta_macconnelli_cytomegalovirus	montagens_consenso_H1	0	0	0	0			
Lib3barcode36	montagens_Alouatta_palliata_cytomegalovirus	montagens_CALHV3	0	466	0	466	0.0		0.0
Lib3barcode36	montagens_Alouatta_palliata_cytomegalovirus	montagens_Cebus_albifrons_lymphocryptovirus_1	0	0	0	0			
Lib3barcode36	montagens_Alouatta_palliata_cytomegalovirus	montagens_consenso_H1	0	0	0	0			
Lib3barcode36	montagens_CALHV3	montagens_Cebus_albifrons_lymphocryptovirus_1	466	0	0	466	0.0	0.0	
Lib3barcode36	montagens_CALHV3	montagens_consenso_H1	466	0	0	466	0.0	0.0	
Lib3barcode36	montagens_Cebus_albifrons_lymphocryptovirus_1	montagens_consenso_H1	0	0	0	0			
Lib3barcode37	montagem_LIB_3_HSV6	montagem_LIB_3_HSV7	0	0	0	0			
Lib3barcode37	montagem_LIB_3_HSV6	montagens_Alouatta_macconnelli_cytomegalovirus	0	0	0	0			
Lib3barcode37	montagem_LIB_3_HSV6	montagens_Alouatta_palliata_cytomegalovirus	0	0	0	0			
Lib3barcode37	montagem_LIB_3_HSV6	montagens_CALHV3	0	600	0	600	0.0		0.0
Lib3barcode37	montagem_LIB_3_HSV6	montagens_Cebus_albifrons_lymphocryptovirus_1	0	0	0	0			
Lib3barcode37	montagem_LIB_3_HSV6	montagens_consenso_H1	0	0	0	0			
Lib3barcode37	montagem_LIB_3_HSV7	montagens_Alouatta_macconnelli_cytomegalovirus	0	0	0	0			
Lib3barcode37	montagem_LIB_3_HSV7	montagens_Alouatta_palliata_cytomegalovirus	0	0	0	0			
Lib3barcode37	montagem_LIB_3_HSV7	montagens_CALHV3	0	600	0	600	0.0		0.0
Lib3barcode37	montagem_LIB_3_HSV7	montagens_Cebus_albifrons_lymphocryptovirus_1	0	0	0	0			
Lib3barcode37	montagem_LIB_3_HSV7	montagens_consenso_H1	0	0	0	0			
Lib3barcode37	montagens_Alouatta_macconnelli_cytomegalovirus	montagens_Alouatta_palliata_cytomegalovirus	0	0	0	0			
Lib3barcode37	montagens_Alouatta_macconnelli_cytomegalovirus	montagens_CALHV3	0	600	0	600	0.0		0.0
Lib3barcode37	montagens_Alouatta_macconnelli_cytomegalovirus	montagens_Cebus_albifrons_lymphocryptovirus_1	0	0	0	0			
Lib3barcode37	montagens_Alouatta_macconnelli_cytomegalovirus	montagens_consenso_H1	0	0	0	0			
Lib3barcode37	montagens_Alouatta_palliata_cytomegalovirus	montagens_CALHV3	0	600	0	600	0.0		0.0
Lib3barcode37	montagens_Alouatta_palliata_cytomegalovirus	montagens_Cebus_albifrons_lymphocryptovirus_1	0	0	0	0			
Lib3barcode37	montagens_Alouatta_palliata_cytomegalovirus	montagens_consenso_H1	0	0	0	0			
Lib3barcode37	montagens_CALHV3	montagens_Cebus_albifrons_lymphocryptovirus_1	600	0	0	600	0.0	0.0	
Lib3barcode37	montagens_CALHV3	montagens_consenso_H1	600	0	0	600	0.0	0.0	
Lib3barcode37	montagens_Cebus_albifrons_lymphocryptovirus_1	montagens_consenso_H1	0	0	0	0			
Lib3barcode38	montagem_LIB_3_HSV6	montagem_LIB_3_HSV7	0	0	0	0			
Lib3barcode38	montagem_LIB_3_HSV6	montagens_Alouatta_macconnelli_cytomegalovirus	0	0	0	0			
Lib3barcode38	montagem_LIB_3_HSV6	montagens_Alouatta_palliata_cytomegalovirus	0	0	0	0			
Lib3barcode38	montagem_LIB_3_HSV6	montagens_CALHV3	0	0	0	0			
Lib3barcode38	montagem_LIB_3_HSV6	montagens_Cebus_albifrons_lymphocryptovirus_1	0	0	0	0			
Lib3barcode38	montagem_LIB_3_HSV6	montagens_consenso_H1	0	0	0	0			
Lib3barcode38	montagem_LIB_3_HSV7	montagens_Alouatta_macconnelli_cytomegalovirus	0	0	0	0			
Lib3barcode38	montagem_LIB_3_HSV7	montagens_Alouatta_palliata_cytomegalovirus	0	0	0	0			
Lib3barcode38	montagem_LIB_3_HSV7	montagens_CALHV3	0	0	0	0			
Lib3barcode38	montagem_LIB_3_HSV7	montagens_Cebus_albifrons_lymphocryptovirus_1	0	0	0	0			
Lib3barcode38	montagem_LIB_3_HSV7	montagens_consenso_H1	0	0	0	0			
Lib3barcode38	montagens_Alouatta_macconnelli_cytomegalovirus	montagens_Alouatta_palliata_cytomegalovirus	0	0	0	0			
Lib3barcode38	montagens_Alouatta_macconnelli_cytomegalovirus	montagens_CALHV3	0	0	0	0			
Lib3barcode38	montagens_Alouatta_macconnelli_cytomegalovirus	montagens_Cebus_albifrons_lymphocryptovirus_1	0	0	0	0			
Lib3barcode38	montagens_Alouatta_macconnelli_cytomegalovirus	montagens_consenso_H1	0	0	0	0			
Lib3barcode38	montagens_Alouatta_palliata_cytomegalovirus	montagens_CALHV3	0	0	0	0			
Lib3barcode38	montagens_Alouatta_palliata_cytomegalovirus	montagens_Cebus_albifrons_lymphocryptovirus_1	0	0	0	0			
Lib3barcode38	montagens_Alouatta_palliata_cytomegalovirus	montagens_consenso_H1	0	0	0	0			
Lib3barcode38	montagens_CALHV3	montagens_Cebus_albifrons_lymphocryptovirus_1	0	0	0	0			
Lib3barcode38	montagens_CALHV3	montagens_consenso_H1	0	0	0	0			
Lib3barcode38	montagens_Cebus_albifrons_lymphocryptovirus_1	montagens_consenso_H1	0	0	0	0			
Lib3barcode39	montagem_LIB_3_HSV6	montagem_LIB_3_HSV7	0	0	0	0			
Lib3barcode39	montagem_LIB_3_HSV6	montagens_Alouatta_macconnelli_cytomegalovirus	0	0	0	0			
Lib3barcode39	montagem_LIB_3_HSV6	montagens_Alouatta_palliata_cytomegalovirus	0	0	0	0			
Lib3barcode39	montagem_LIB_3_HSV6	montagens_CALHV3	0	357	0	357	0.0		0.0
Lib3barcode39	montagem_LIB_3_HSV6	montagens_Cebus_albifrons_lymphocryptovirus_1	0	1	0	1	0.0		0.0
Lib3barcode39	montagem_LIB_3_HSV6	montagens_consenso_H1	0	0	0	0			
Lib3barcode39	montagem_LIB_3_HSV7	montagens_Alouatta_macconnelli_cytomegalovirus	0	0	0	0			
Lib3barcode39	montagem_LIB_3_HSV7	montagens_Alouatta_palliata_cytomegalovirus	0	0	0	0			
Lib3barcode39	montagem_LIB_3_HSV7	montagens_CALHV3	0	357	0	357	0.0		0.0
Lib3barcode39	montagem_LIB_3_HSV7	montagens_Cebus_albifrons_lymphocryptovirus_1	0	1	0	1	0.0		0.0
Lib3barcode39	montagem_LIB_3_HSV7	montagens_consenso_H1	0	0	0	0			
Lib3barcode39	montagens_Alouatta_macconnelli_cytomegalovirus	montagens_Alouatta_palliata_cytomegalovirus	0	0	0	0			
Lib3barcode39	montagens_Alouatta_macconnelli_cytomegalovirus	montagens_CALHV3	0	357	0	357	0.0		0.0
Lib3barcode39	montagens_Alouatta_macconnelli_cytomegalovirus	montagens_Cebus_albifrons_lymphocryptovirus_1	0	1	0	1	0.0		0.0
Lib3barcode39	montagens_Alouatta_macconnelli_cytomegalovirus	montagens_consenso_H1	0	0	0	0			
Lib3barcode39	montagens_Alouatta_palliata_cytomegalovirus	montagens_CALHV3	0	357	0	357	0.0		0.0
Lib3barcode39	montagens_Alouatta_palliata_cytomegalovirus	montagens_Cebus_albifrons_lymphocryptovirus_1	0	1	0	1	0.0		0.0
Lib3barcode39	montagens_Alouatta_palliata_cytomegalovirus	montagens_consenso_H1	0	0	0	0			
Lib3barcode39	montagens_CALHV3	montagens_Cebus_albifrons_lymphocryptovirus_1	357	1	0	358	0.0	0.0	0.0
Lib3barcode39	montagens_CALHV3	montagens_consenso_H1	357	0	0	357	0.0	0.0	
Lib3barcode39	montagens_Cebus_albifrons_lymphocryptovirus_1	montagens_consenso_H1	1	0	0	1	0.0	0.0	
Lib3barcode40	montagem_LIB_3_HSV6	montagem_LIB_3_HSV7	0	0	0	0			
Lib3barcode40	montagem_LIB_3_HSV6	montagens_Alouatta_macconnelli_cytomegalovirus	0	0	0	0			
Lib3barcode40	montagem_LIB_3_HSV6	montagens_Alouatta_palliata_cytomegalovirus	0	0	0	0			
Lib3barcode40	montagem_LIB_3_HSV6	montagens_CALHV3	0	0	0	0			
Lib3barcode40	montagem_LIB_3_HSV6	montagens_Cebus_albifrons_lymphocryptovirus_1	0	0	0	0			
Lib3barcode40	montagem_LIB_3_HSV6	montagens_consenso_H1	0	0	0	0			
Lib3barcode40	montagem_LIB_3_HSV7	montagens_Alouatta_macconnelli_cytomegalovirus	0	0	0	0			
Lib3barcode40	montagem_LIB_3_HSV7	montagens_Alouatta_palliata_cytomegalovirus	0	0	0	0			
Lib3barcode40	montagem_LIB_3_HSV7	montagens_CALHV3	0	0	0	0			
Lib3barcode40	montagem_LIB_3_HSV7	montagens_Cebus_albifrons_lymphocryptovirus_1	0	0	0	0			
Lib3barcode40	montagem_LIB_3_HSV7	montagens_consenso_H1	0	0	0	0			
Lib3barcode40	montagens_Alouatta_macconnelli_cytomegalovirus	montagens_Alouatta_palliata_cytomegalovirus	0	0	0	0			
Lib3barcode40	montagens_Alouatta_macconnelli_cytomegalovirus	montagens_CALHV3	0	0	0	0			
Lib3barcode40	montagens_Alouatta_macconnelli_cytomegalovirus	montagens_Cebus_albifrons_lymphocryptovirus_1	0	0	0	0			
Lib3barcode40	montagens_Alouatta_macconnelli_cytomegalovirus	montagens_consenso_H1	0	0	0	0			
Lib3barcode40	montagens_Alouatta_palliata_cytomegalovirus	montagens_CALHV3	0	0	0	0			
Lib3barcode40	montagens_Alouatta_palliata_cytomegalovirus	montagens_Cebus_albifrons_lymphocryptovirus_1	0	0	0	0			
Lib3barcode40	montagens_Alouatta_palliata_cytomegalovirus	montagens_consenso_H1	0	0	0	0			
Lib3barcode40	montagens_CALHV3	montagens_Cebus_albifrons_lymphocryptovirus_1	0	0	0	0			
Lib3barcode40	montagens_CALHV3	montagens_consenso_H1	0	0	0	0			
Lib3barcode40	montagens_Cebus_albifrons_lymphocryptovirus_1	montagens_consenso_H1	0	0	0	0			
Lib3barcode41	montagem_LIB_3_HSV6	montagem_LIB_3_HSV7	0	0	0	0			
Lib3barcode41	montagem_LIB_3_HSV6	montagens_Alouatta_macconnelli_cytomegalovirus	0	0	0	0			
Lib3barcode41	montagem_LIB_3_HSV6	montagens_Alouatta_palliata_cytomegalovirus	0	0	0	0			
Lib3barcode41	montagem_LIB_3_HSV6	montagens_CALHV3	0	1	0	1	0.0		0.0
Lib3barcode41	montagem_LIB_3_HSV6	montagens_Cebus_albifrons_lymphocryptovirus_1	0	0	0	0			
Lib3barcode41	montagem_LIB_3_HSV6	montagens_consenso_H1	0	0	0	0			
Lib3barcode41	montagem_LIB_3_HSV7	montagens_Alouatta_macconnelli_cytomegalovirus	0	0	0	0			
Lib3barcode41	montagem_LIB_3_HSV7	montagens_Alouatta_palliata_cytomegalovirus	0	0	0	0			
Lib3barcode41	montagem_LIB_3_HSV7	montagens_CALHV3	0	1	0	1	0.0		0.0
Lib3barcode41	montagem_LIB_3_HSV7	montagens_Cebus_albifrons_lymphocryptovirus_1	0	0	0	0			
Lib3barcode41	montagem_LIB_3_HSV7	montagens_consenso_H1	0	0	0	0			
Lib3barcode41	montagens_Alouatta_macconnelli_cytomegalovirus	montagens_Alouatta_palliata_cytomegalovirus	0	0	0	0			
Lib3barcode41	montagens_Alouatta_macconnelli_cytomegalovirus	montagens_CALHV3	0	1	0	1	0.0		0.0
Lib3barcode41	montagens_Alouatta_macconnelli_cytomegalovirus	montagens_Cebus_albifrons_lymphocryptovirus_1	0	0	0	0			
Lib3barcode41	montagens_Alouatta_macconnelli_cytomegalovirus	montagens_consenso_H1	0	0	0	0			
Lib3barcode41	montagens_Alouatta_palliata_cytomegalovirus	montagens_CALHV3	0	1	0	1	0.0		0.0
Lib3barcode41	montagens_Alouatta_palliata_cytomegalovirus	montagens_Cebus_albifrons_lymphocryptovirus_1	0	0	0	0			
Lib3barcode41	montagens_Alouatta_palliata_cytomegalovirus	montagens_consenso_H1	0	0	0	0			
Lib3barcode41	montagens_CALHV3	montagens_Cebus_albifrons_lymphocryptovirus_1	1	0	0	1	0.0	0.0	
Lib3barcode41	montagens_CALHV3	montagens_consenso_H1	1	0	0	1	0.0	0.0	
Lib3barcode41	montagens_Cebus_albifrons_lymphocryptovirus_1	montagens_consenso_H1	0	0	0	0			
Lib3barcode42	montagem_LIB_3_HSV6	montagem_LIB_3_HSV7	0	0	0	0			
Lib3barcode42	montagem_LIB_3_HSV6	montagens_Alouatta_macconnelli_cytomegalovirus	0	0	0	0			
Lib3barcode42	montagem_LIB_3_HSV6	montagens_Alouatta_palliata_cytomegalovirus	0	0	0	0			
Lib3barcode42	montagem_LIB_3_HSV6	montagens_CALHV3	0	0	0	0			
Lib3barcode42	montagem_LIB_3_HSV6	montagens_Cebus_albifrons_lymphocryptovirus_1	0	0	0	0			
Lib3barcode42	montagem_LIB_3_HSV6	montagens_consenso_H1	0	0	0	0			
Lib3barcode42	montagem_LIB_3_HSV7	montagens_Alouatta_macconnelli_cytomegalovirus	0	0	0	0			
Lib3barcode42	montagem_LIB_3_HSV7	montagens_Alouatta_palliata_cytomegalovirus	0	0	0	0			
Lib3barcode42	montagem_LIB_3_HSV7	montagens_CALHV3	0	0	0	0			
Lib3barcode42	montagem_LIB_3_HSV7	montagens_Cebus_albifrons_lymphocryptovirus_1	0	0	0	0			
Lib3barcode42	montagem_LIB_3_HSV7	montagens_consenso_H1	0	0	0	0			
Lib3barcode42	montagens_Alouatta_macconnelli_cytomegalovirus	montagens_Alouatta_palliata_cytomegalovirus	0	0	0	0			
Lib3barcode42	montagens_Alouatta_macconnelli_cytomegalovirus	montagens_CALHV3	0	0	0	0			
Lib3barcode42	montagens_Alouatta_macconnelli_cytomegalovirus	montagens_Cebus_albifrons_lymphocryptovirus_1	0	0	0	0			
Lib3barcode42	montagens_Alouatta_macconnelli_cytomegalovirus	montagens_consenso_H1	0	0	0	0			
Lib3barcode42	montagens_Alouatta_palliata_cytomegalovirus	montagens_CALHV3	0	0	0	0			
Lib3barcode42	montagens_Alouatta_palliata_cytomegalovirus	montagens_Cebus_albifrons_lymphocryptovirus_1	0	0	0	0			
Lib3barcode42	montagens_Alouatta_palliata_cytomegalovirus	montagens_consenso_H1	0	0	0	0			
Lib3barcode42	montagens_CALHV3	montagens_Cebus_albifrons_lymphocryptovirus_1	0	0	0	0			
Lib3barcode42	montagens_CALHV3	montagens_consenso_H1	0	0	0	0			
Lib3barcode42	montagens_Cebus_albifrons_lymphocryptovirus_1	montagens_consenso_H1	0	0	0	0			
Lib3barcode43	montagem_LIB_3_HSV6	montagem_LIB_3_HSV7	0	0	0	0			
Lib3barcode43	montagem_LIB_3_HSV6	montagens_Alouatta_macconnelli_cytomegalovirus	0	0	0	0			
Lib3barcode43	montagem_LIB_3_HSV6	montagens_Alouatta_palliata_cytomegalovirus	0	0	0	0			
Lib3barcode43	montagem_LIB_3_HSV6	montagens_CALHV3	0	1	0	1	0.0		0.0
Lib3barcode43	montagem_LIB_3_HSV6	montagens_Cebus_albifrons_lymphocryptovirus_1	0	0	0	0			
Lib3barcode43	montagem_LIB_3_HSV6	montagens_consenso_H1	0	0	0	0			
Lib3barcode43	montagem_LIB_3_HSV7	montagens_Alouatta_macconnelli_cytomegalovirus	0	0	0	0			
Lib3barcode43	montagem_LIB_3_HSV7	montagens_Alouatta_palliata_cytomegalovirus	0	0	0	0			
Lib3barcode43	montagem_LIB_3_HSV7	montagens_CALHV3	0	1	0	1	0.0		0.0
Lib3barcode43	montagem_LIB_3_HSV7	montagens_Cebus_albifrons_lymphocryptovirus_1	0	0	0	0			
Lib3barcode43	montagem_LIB_3_HSV7	montagens_consenso_H1	0	0	0	0			
Lib3barcode43	montagens_Alouatta_macconnelli_cytomegalovirus	montagens_Alouatta_palliata_cytomegalovirus	0	0	0	0			
Lib3barcode43	montagens_Alouatta_macconnelli_cytomegalovirus	montagens_CALHV3	0	1	0	1	0.0		0.0
Lib3barcode43	montagens_Alouatta_macconnelli_cytomegalovirus	montagens_Cebus_albifrons_lymphocryptovirus_1	0	0	0	0			
Lib3barcode43	montagens_Alouatta_macconnelli_cytomegalovirus	montagens_consenso_H1	0	0	0	0			
Lib3barcode43	montagens_Alouatta_palliata_cytomegalovirus	montagens_CALHV3	0	1	0	1	0.0		0.0
Lib3barcode43	montagens_Alouatta_palliata_cytomegalovirus	montagens_Cebus_albifrons_lymphocryptovirus_1	0	0	0	0			
Lib3barcode43	montagens_Alouatta_palliata_cytomegalovirus	montagens_consenso_H1	0	0	0	0			
Lib3barcode43	montagens_CALHV3	montagens_Cebus_albifrons_lymphocryptovirus_1	1	0	0	1	0.0	0.0	
Lib3barcode43	montagens_CALHV3	montagens_consenso_H1	1	0	0	1	0.0	0.0	
Lib3barcode43	montagens_Cebus_albifrons_lymphocryptovirus_1	montagens_consenso_H1	0	0	0	0			
Lib3barcode44	montagem_LIB_3_HSV6	montagem_LIB_3_HSV7	0	0	0	0			
Lib3barcode44	montagem_LIB_3_HSV6	montagens_Alouatta_macconnelli_cytomegalovirus	0	0	0	0			
Lib3barcode44	montagem_LIB_3_HSV6	montagens_Alouatta_palliata_cytomegalovirus	0	0	0	0			
Lib3barcode44	montagem_LIB_3_HSV6	montagens_CALHV3	0	1	0	1	0.0		0.0
Lib3barcode44	montagem_LIB_3_HSV6	montagens_Cebus_albifrons_lymphocryptovirus_1	0	1	0	1	0.0		0.0
Lib3barcode44	montagem_LIB_3_HSV6	montagens_consenso_H1	0	0	0	0			
Lib3barcode44	montagem_LIB_3_HSV7	montagens_Alouatta_macconnelli_cytomegalovirus	0	0	0	0			
Lib3barcode44	montagem_LIB_3_HSV7	montagens_Alouatta_palliata_cytomegalovirus	0	0	0	0			
Lib3barcode44	montagem_LIB_3_HSV7	montagens_CALHV3	0	1	0	1	0.0		0.0
Lib3barcode44	montagem_LIB_3_HSV7	montagens_Cebus_albifrons_lymphocryptovirus_1	0	1	0	1	0.0		0.0
Lib3barcode44	montagem_LIB_3_HSV7	montagens_consenso_H1	0	0	0	0			
Lib3barcode44	montagens_Alouatta_macconnelli_cytomegalovirus	montagens_Alouatta_palliata_cytomegalovirus	0	0	0	0			
Lib3barcode44	montagens_Alouatta_macconnelli_cytomegalovirus	montagens_CALHV3	0	1	0	1	0.0		0.0
Lib3barcode44	montagens_Alouatta_macconnelli_cytomegalovirus	montagens_Cebus_albifrons_lymphocryptovirus_1	0	1	0	1	0.0		0.0
Lib3barcode44	montagens_Alouatta_macconnelli_cytomegalovirus	montagens_consenso_H1	0	0	0	0			
Lib3barcode44	montagens_Alouatta_palliata_cytomegalovirus	montagens_CALHV3	0	1	0	1	0.0		0.0
Lib3barcode44	montagens_Alouatta_palliata_cytomegalovirus	montagens_Cebus_albifrons_lymphocryptovirus_1	0	1	0	1	0.0		0.0
Lib3barcode44	montagens_Alouatta_palliata_cytomegalovirus	montagens_consenso_H1	0	0	0	0			
Lib3barcode44	montagens_CALHV3	montagens_Cebus_albifrons_lymphocryptovirus_1	1	1	0	2	0.0	0.0	0.0
Lib3barcode44	montagens_CALHV3	montagens_consenso_H1	1	0	0	1	0.0	0.0	
Lib3barcode44	montagens_Cebus_albifrons_lymphocryptovirus_1	montagens_consenso_H1	1	0	0	1	0.0	0.0	
Lib3barcode45	montagem_LIB_3_HSV6	montagem_LIB_3_HSV7	0	0	0	0			
Lib3barcode45	montagem_LIB_3_HSV6	montagens_Alouatta_macconnelli_cytomegalovirus	0	0	0	0			
Lib3barcode45	montagem_LIB_3_HSV6	montagens_Alouatta_palliata_cytomegalovirus	0	0	0	0			
Lib3barcode45	montagem_LIB_3_HSV6	montagens_CALHV3	0	716	0	716	0.0		0.0
Lib3barcode45	montagem_LIB_3_HSV6	montagens_Cebus_albifrons_lymphocryptovirus_1	0	0	0	0			
Lib3barcode45	montagem_LIB_3_HSV6	montagens_consenso_H1	0	0	0	0			
Lib3barcode45	montagem_LIB_3_HSV7	montagens_Alouatta_macconnelli_cytomegalovirus	0	0	0	0			
Lib3barcode45	montagem_LIB_3_HSV7	montagens_Alouatta_palliata_cytomegalovirus	0	0	0	0			
Lib3barcode45	montagem_LIB_3_HSV7	montagens_CALHV3	0	716	0	716	0.0		0.0
Lib3barcode45	montagem_LIB_3_HSV7	montagens_Cebus_albifrons_lymphocryptovirus_1	0	0	0	0			
Lib3barcode45	montagem_LIB_3_HSV7	montagens_consenso_H1	0	0	0	0			
Lib3barcode45	montagens_Alouatta_macconnelli_cytomegalovirus	montagens_Alouatta_palliata_cytomegalovirus	0	0	0	0			
Lib3barcode45	montagens_Alouatta_macconnelli_cytomegalovirus	montagens_CALHV3	0	716	0	716	0.0		0.0
Lib3barcode45	montagens_Alouatta_macconnelli_cytomegalovirus	montagens_Cebus_albifrons_lymphocryptovirus_1	0	0	0	0			
Lib3barcode45	montagens_Alouatta_macconnelli_cytomegalovirus	montagens_consenso_H1	0	0	0	0			
Lib3barcode45	montagens_Alouatta_palliata_cytomegalovirus	montagens_CALHV3	0	716	0	716	0.0		0.0
Lib3barcode45	montagens_Alouatta_palliata_cytomegalovirus	montagens_Cebus_albifrons_lymphocryptovirus_1	0	0	0	0			
Lib3barcode45	montagens_Alouatta_palliata_cytomegalovirus	montagens_consenso_H1	0	0	0	0			
Lib3barcode45	montagens_CALHV3	montagens_Cebus_albifrons_lymphocryptovirus_1	716	0	0	716	0.0	0.0	
Lib3barcode45	montagens_CALHV3	montagens_consenso_H1	716	0	0	716	0.0	0.0	
Lib3barcode45	montagens_Cebus_albifrons_lymphocryptovirus_1	montagens_consenso_H1	0	0	0	0			
Lib3barcode46	montagem_LIB_3_HSV6	montagem_LIB_3_HSV7	0	0	0	0			
Lib3barcode46	montagem_LIB_3_HSV6	montagens_Alouatta_macconnelli_cytomegalovirus	0	0	0	0			
Lib3barcode46	montagem_LIB_3_HSV6	montagens_Alouatta_palliata_cytomegalovirus	0	0	0	0			
Lib3barcode46	montagem_LIB_3_HSV6	montagens_CALHV3	0	0	0	0			
Lib3barcode46	montagem_LIB_3_HSV6	montagens_Cebus_albifrons_lymphocryptovirus_1	0	0	0	0			
Lib3barcode46	montagem_LIB_3_HSV6	montagens_consenso_H1	0	0	0	0			
Lib3barcode46	montagem_LIB_3_HSV7	montagens_Alouatta_macconnelli_cytomegalovirus	0	0	0	0			
Lib3barcode46	montagem_LIB_3_HSV7	montagens_Alouatta_palliata_cytomegalovirus	0	0	0	0			
Lib3barcode46	montagem_LIB_3_HSV7	montagens_CALHV3	0	0	0	0			
Lib3barcode46	montagem_LIB_3_HSV7	montagens_Cebus_albifrons_lymphocryptovirus_1	0	0	0	0			
Lib3barcode46	montagem_LIB_3_HSV7	montagens_consenso_H1	0	0	0	0			
Lib3barcode46	montagens_Alouatta_macconnelli_cytomegalovirus	montagens_Alouatta_palliata_cytomegalovirus	0	0	0	0			
Lib3barcode46	montagens_Alouatta_macconnelli_cytomegalovirus	montagens_CALHV3	0	0	0	0			
Lib3barcode46	montagens_Alouatta_macconnelli_cytomegalovirus	montagens_Cebus_albifrons_lymphocryptovirus_1	0	0	0	0			
Lib3barcode46	montagens_Alouatta_macconnelli_cytomegalovirus	montagens_consenso_H1	0	0	0	0			
Lib3barcode46	montagens_Alouatta_palliata_cytomegalovirus	montagens_CALHV3	0	0	0	0			
Lib3barcode46	montagens_Alouatta_palliata_cytomegalovirus	montagens_Cebus_albifrons_lymphocryptovirus_1	0	0	0	0			
Lib3barcode46	montagens_Alouatta_palliata_cytomegalovirus	montagens_consenso_H1	0	0	0	0			
Lib3barcode46	montagens_CALHV3	montagens_Cebus_albifrons_lymphocryptovirus_1	0	0	0	0			
Lib3barcode46	montagens_CALHV3	montagens_consenso_H1	0	0	0	0			
Lib3barcode46	montagens_Cebus_albifrons_lymphocryptovirus_1	montagens_consenso_H1	0	0	0	0			
Lib3barcode47	montagem_LIB_3_HSV6	montagem_LIB_3_HSV7	0	0	0	0			
Lib3barcode47	montagem_LIB_3_HSV6	montagens_Alouatta_macconnelli_cytomegalovirus	0	0	0	0			
Lib3barcode47	montagem_LIB_3_HSV6	montagens_Alouatta_palliata_cytomegalovirus	0	0	0	0			
Lib3barcode47	montagem_LIB_3_HSV6	montagens_CALHV3	0	2	0	2	0.0		0.0
Lib3barcode47	montagem_LIB_3_HSV6	montagens_Cebus_albifrons_lymphocryptovirus_1	0	0	0	0			
Lib3barcode47	montagem_LIB_3_HSV6	montagens_consenso_H1	0	0	0	0			
Lib3barcode47	montagem_LIB_3_HSV7	montagens_Alouatta_macconnelli_cytomegalovirus	0	0	0	0			
Lib3barcode47	montagem_LIB_3_HSV7	montagens_Alouatta_palliata_cytomegalovirus	0	0	0	0			
Lib3barcode47	montagem_LIB_3_HSV7	montagens_CALHV3	0	2	0	2	0.0		0.0
Lib3barcode47	montagem_LIB_3_HSV7	montagens_Cebus_albifrons_lymphocryptovirus_1	0	0	0	0			
Lib3barcode47	montagem_LIB_3_HSV7	montagens_consenso_H1	0	0	0	0			
Lib3barcode47	montagens_Alouatta_macconnelli_cytomegalovirus	montagens_Alouatta_palliata_cytomegalovirus	0	0	0	0			
Lib3barcode47	montagens_Alouatta_macconnelli_cytomegalovirus	montagens_CALHV3	0	2	0	2	0.0		0.0
Lib3barcode47	montagens_Alouatta_macconnelli_cytomegalovirus	montagens_Cebus_albifrons_lymphocryptovirus_1	0	0	0	0			
Lib3barcode47	montagens_Alouatta_macconnelli_cytomegalovirus	montagens_consenso_H1	0	0	0	0			
Lib3barcode47	montagens_Alouatta_palliata_cytomegalovirus	montagens_CALHV3	0	2	0	2	0.0		0.0
Lib3barcode47	montagens_Alouatta_palliata_cytomegalovirus	montagens_Cebus_albifrons_lymphocryptovirus_1	0	0	0	0			
Lib3barcode47	montagens_Alouatta_palliata_cytomegalovirus	montagens_consenso_H1	0	0	0	0			
Lib3barcode47	montagens_CALHV3	montagens_Cebus_albifrons_lymphocryptovirus_1	2	0	0	2	0.0	0.0	
Lib3barcode47	montagens_CALHV3	montagens_consenso_H1	2	0	0	2	0.0	0.0	
Lib3barcode47	montagens_Cebus_albifrons_lymphocryptovirus_1	montagens_consenso_H1	0	0	0	0			
Lib3barcode48	montagem_LIB_3_HSV6	montagem_LIB_3_HSV7	0	0	0	0			
Lib3barcode48	montagem_LIB_3_HSV6	montagens_Alouatta_macconnelli_cytomegalovirus	0	0	0	0			
Lib3barcode48	montagem_LIB_3_HSV6	montagens_Alouatta_palliata_cytomegalovirus	0	0	0	0			
Lib3barcode48	montagem_LIB_3_HSV6	montagens_CALHV3	0	1	0	1	0.0		0.0
Lib3barcode48	montagem_LIB_3_HSV6	montagens_Cebus_albifrons_lymphocryptovirus_1	0	0	0	0			
Lib3barcode48	montagem_LIB_3_HSV6	montagens_consenso_H1	0	0	0	0			
Lib3barcode48	montagem_LIB_3_HSV7	montagens_Alouatta_macconnelli_cytomegalovirus	0	0	0	0			
Lib3barcode48	montagem_LIB_3_HSV7	montagens_Alouatta_palliata_cytomegalovirus	0	0	0	0			
Lib3barcode48	montagem_LIB_3_HSV7	montagens_CALHV3	0	1	0	1	0.0		0.0
Lib3barcode48	montagem_LIB_3_HSV7	montagens_Cebus_albifrons_lymphocryptovirus_1	0	0	0	0			
Lib3barcode48	montagem_LIB_3_HSV7	montagens_consenso_H1	0	0	0	0			
Lib3barcode48	montagens_Alouatta_macconnelli_cytomegalovirus	montagens_Alouatta_palliata_cytomegalovirus	0	0	0	0			
Lib3barcode48	montagens_Alouatta_macconnelli_cytomegalovirus	montagens_CALHV3	0	1	0	1	0.0		0.0
Lib3barcode48	montagens_Alouatta_macconnelli_cytomegalovirus	montagens_Cebus_albifrons_lymphocryptovirus_1	0	0	0	0			
Lib3barcode48	montagens_Alouatta_macconnelli_cytomegalovirus	montagens_consenso_H1	0	0	0	0			
Lib3barcode48	montagens_Alouatta_palliata_cytomegalovirus	montagens_CALHV3	0	1	0	1	0.0		0.0
Lib3barcode48	montagens_Alouatta_palliata_cytomegalovirus	montagens_Cebus_albifrons_lymphocryptovirus_1	0	0	0	0			
Lib3barcode48	montagens_Alouatta_palliata_cytomegalovirus	montagens_consenso_H1	0	0	0	0			
Lib3barcode48	montagens_CALHV3	montagens_Cebus_albifrons_lymphocryptovirus_1	1	0	0	1	0.0	0.0	
Lib3barcode48	montagens_CALHV3	montagens_consenso_H1	1	0	0	1	0.0	0.0	
Lib3barcode48	montagens_Cebus_albifrons_lymphocryptovirus_1	montagens_consenso_H1	0	0	0	0			
Lib3barcode49	montagem_LIB_3_HSV6	montagem_LIB_3_HSV7	0	0	0	0			
Lib3barcode49	montagem_LIB_3_HSV6	montagens_Alouatta_macconnelli_cytomegalovirus	0	0	0	0			
Lib3barcode49	montagem_LIB_3_HSV6	montagens_Alouatta_palliata_cytomegalovirus	0	0	0	0			
Lib3barcode49	montagem_LIB_3_HSV6	montagens_CALHV3	0	0	0	0			
Lib3barcode49	montagem_LIB_3_HSV6	montagens_Cebus_albifrons_lymphocryptovirus_1	0	0	0	0			
Lib3barcode49	montagem_LIB_3_HSV6	montagens_consenso_H1	0	0	0	0			
Lib3barcode49	montagem_LIB_3_HSV7	montagens_Alouatta_macconnelli_cytomegalovirus	0	0	0	0			
Lib3barcode49	montagem_LIB_3_HSV7	montagens_Alouatta_palliata_cytomegalovirus	0	0	0	0			
Lib3barcode49	montagem_LIB_3_HSV7	montagens_CALHV3	0	0	0	0			
Lib3barcode49	montagem_LIB_3_HSV7	montagens_Cebus_albifrons_lymphocryptovirus_1	0	0	0	0			
Lib3barcode49	montagem_LIB_3_HSV7	montagens_consenso_H1	0	0	0	0			
Lib3barcode49	montagens_Alouatta_macconnelli_cytomegalovirus	montagens_Alouatta_palliata_cytomegalovirus	0	0	0	0			
Lib3barcode49	montagens_Alouatta_macconnelli_cytomegalovirus	montagens_CALHV3	0	0	0	0			
Lib3barcode49	montagens_Alouatta_macconnelli_cytomegalovirus	montagens_Cebus_albifrons_lymphocryptovirus_1	0	0	0	0			
Lib3barcode49	montagens_Alouatta_macconnelli_cytomegalovirus	montagens_consenso_H1	0	0	0	0			
Lib3barcode49	montagens_Alouatta_palliata_cytomegalovirus	montagens_CALHV3	0	0	0	0			
Lib3barcode49	montagens_Alouatta_palliata_cytomegalovirus	montagens_Cebus_albifrons_lymphocryptovirus_1	0	0	0	0			
Lib3barcode49	montagens_Alouatta_palliata_cytomegalovirus	montagens_consenso_H1	0	0	0	0			
Lib3barcode49	montagens_CALHV3	montagens_Cebus_albifrons_lymphocryptovirus_1	0	0	0	0			
Lib3barcode49	montagens_CALHV3	montagens_consenso_H1	0	0	0	0			
Lib3barcode49	montagens_Cebus_albifrons_lymphocryptovirus_1	montagens_consenso_H1	0	0	0	0			
Lib3barcode50	montagem_LIB_3_HSV6	montagem_LIB_3_HSV7	0	0	0	0			
Lib3barcode50	montagem_LIB_3_HSV6	montagens_Alouatta_macconnelli_cytomegalovirus	0	0	0	0			
Lib3barcode50	montagem_LIB_3_HSV6	montagens_Alouatta_palliata_cytomegalovirus	0	0	0	0			
Lib3barcode50	montagem_LIB_3_HSV6	montagens_CALHV3	0	317	0	317	0.0		0.0
Lib3barcode50	montagem_LIB_3_HSV6	montagens_Cebus_albifrons_lymphocryptovirus_1	0	0	0	0			
Lib3barcode50	montagem_LIB_3_HSV6	montagens_consenso_H1	0	0	0	0			
Lib3barcode50	montagem_LIB_3_HSV7	montagens_Alouatta_macconnelli_cytomegalovirus	0	0	0	0			
Lib3barcode50	montagem_LIB_3_HSV7	montagens_Alouatta_palliata_cytomegalovirus	0	0	0	0			
Lib3barcode50	montagem_LIB_3_HSV7	montagens_CALHV3	0	317	0	317	0.0		0.0
Lib3barcode50	montagem_LIB_3_HSV7	montagens_Cebus_albifrons_lymphocryptovirus_1	0	0	0	0			
Lib3barcode50	montagem_LIB_3_HSV7	montagens_consenso_H1	0	0	0	0			
Lib3barcode50	montagens_Alouatta_macconnelli_cytomegalovirus	montagens_Alouatta_palliata_cytomegalovirus	0	0	0	0			
Lib3barcode50	montagens_Alouatta_macconnelli_cytomegalovirus	montagens_CALHV3	0	317	0	317	0.0		0.0
Lib3barcode50	montagens_Alouatta_macconnelli_cytomegalovirus	montagens_Cebus_albifrons_lymphocryptovirus_1	0	0	0	0			
Lib3barcode50	montagens_Alouatta_macconnelli_cytomegalovirus	montagens_consenso_H1	0	0	0	0			
Lib3barcode50	montagens_Alouatta_palliata_cytomegalovirus	montagens_CALHV3	0	317	0	317	0.0		0.0
Lib3barcode50	montagens_Alouatta_palliata_cytomegalovirus	montagens_Cebus_albifrons_lymphocryptovirus_1	0	0	0	0			
Lib3barcode50	montagens_Alouatta_palliata_cytomegalovirus	montagens_consenso_H1	0	0	0	0			
Lib3barcode50	montagens_CALHV3	montagens_Cebus_albifrons_lymphocryptovirus_1	317	0	0	317	0.0	0.0	
Lib3barcode50	montagens_CALHV3	montagens_consenso_H1	317	0	0	317	0.0	0.0	
Lib3barcode50	montagens_Cebus_albifrons_lymphocryptovirus_1	montagens_consenso_H1	0	0	0	0			
Lib3barcode51	montagem_LIB_3_HSV6	montagem_LIB_3_HSV7	0	0	0	0			
Lib3barcode51	montagem_LIB_3_HSV6	montagens_Alouatta_macconnelli_cytomegalovirus	0	0	0	0			
Lib3barcode51	montagem_LIB_3_HSV6	montagens_Alouatta_palliata_cytomegalovirus	0	0	0	0			
Lib3barcode51	montagem_LIB_3_HSV6	montagens_CALHV3	0	1	0	1	0.0		0.0
Lib3barcode51	montagem_LIB_3_HSV6	montagens_Cebus_albifrons_lymphocryptovirus_1	0	0	0	0			
Lib3barcode51	montagem_LIB_3_HSV6	montagens_consenso_H1	0	0	0	0			
Lib3barcode51	montagem_LIB_3_HSV7	montagens_Alouatta_macconnelli_cytomegalovirus	0	0	0	0			
Lib3barcode51	montagem_LIB_3_HSV7	montagens_Alouatta_palliata_cytomegalovirus	0	0	0	0			
Lib3barcode51	montagem_LIB_3_HSV7	montagens_CALHV3	0	1	0	1	0.0		0.0
Lib3barcode51	montagem_LIB_3_HSV7	montagens_Cebus_albifrons_lymphocryptovirus_1	0	0	0	0			
Lib3barcode51	montagem_LIB_3_HSV7	montagens_consenso_H1	0	0	0	0			
Lib3barcode51	montagens_Alouatta_macconnelli_cytomegalovirus	montagens_Alouatta_palliata_cytomegalovirus	0	0	0	0			
Lib3barcode51	montagens_Alouatta_macconnelli_cytomegalovirus	montagens_CALHV3	0	1	0	1	0.0		0.0
Lib3barcode51	montagens_Alouatta_macconnelli_cytomegalovirus	montagens_Cebus_albifrons_lymphocryptovirus_1	0	0	0	0			
Lib3barcode51	montagens_Alouatta_macconnelli_cytomegalovirus	montagens_consenso_H1	0	0	0	0			
Lib3barcode51	montagens_Alouatta_palliata_cytomegalovirus	montagens_CALHV3	0	1	0	1	0.0		0.0
Lib3barcode51	montagens_Alouatta_palliata_cytomegalovirus	montagens_Cebus_albifrons_lymphocryptovirus_1	0	0	0	0			
Lib3barcode51	montagens_Alouatta_palliata_cytomegalovirus	montagens_consenso_H1	0	0	0	0			
Lib3barcode51	montagens_CALHV3	montagens_Cebus_albifrons_lymphocryptovirus_1	1	0	0	1	0.0	0.0	
Lib3barcode51	montagens_CALHV3	montagens_consenso_H1	1	0	0	1	0.0	0.0	
Lib3barcode51	montagens_Cebus_albifrons_lymphocryptovirus_1	montagens_consenso_H1	0	0	0	0			
Lib3barcode52	montagem_LIB_3_HSV6	montagem_LIB_3_HSV7	0	0	0	0			
Lib3barcode52	montagem_LIB_3_HSV6	montagens_Alouatta_macconnelli_cytomegalovirus	0	0	0	0			
Lib3barcode52	montagem_LIB_3_HSV6	montagens_Alouatta_palliata_cytomegalovirus	0	0	0	0			
Lib3barcode52	montagem_LIB_3_HSV6	montagens_CALHV3	0	1	0	1	0.0		0.0
Lib3barcode52	montagem_LIB_3_HSV6	montagens_Cebus_albifrons_lymphocryptovirus_1	0	0	0	0			
Lib3barcode52	montagem_LIB_3_HSV6	montagens_consenso_H1	0	0	0	0			
Lib3barcode52	montagem_LIB_3_HSV7	montagens_Alouatta_macconnelli_cytomegalovirus	0	0	0	0			
Lib3barcode52	montagem_LIB_3_HSV7	montagens_Alouatta_palliata_cytomegalovirus	0	0	0	0			
Lib3barcode52	montagem_LIB_3_HSV7	montagens_CALHV3	0	1	0	1	0.0		0.0
Lib3barcode52	montagem_LIB_3_HSV7	montagens_Cebus_albifrons_lymphocryptovirus_1	0	0	0	0			
Lib3barcode52	montagem_LIB_3_HSV7	montagens_consenso_H1	0	0	0	0			
Lib3barcode52	montagens_Alouatta_macconnelli_cytomegalovirus	montagens_Alouatta_palliata_cytomegalovirus	0	0	0	0			
Lib3barcode52	montagens_Alouatta_macconnelli_cytomegalovirus	montagens_CALHV3	0	1	0	1	0.0		0.0
Lib3barcode52	montagens_Alouatta_macconnelli_cytomegalovirus	montagens_Cebus_albifrons_lymphocryptovirus_1	0	0	0	0			
Lib3barcode52	montagens_Alouatta_macconnelli_cytomegalovirus	montagens_consenso_H1	0	0	0	0			
Lib3barcode52	montagens_Alouatta_palliata_cytomegalovirus	montagens_CALHV3	0	1	0	1	0.0		0.0
Lib3barcode52	montagens_Alouatta_palliata_cytomegalovirus	montagens_Cebus_albifrons_lymphocryptovirus_1	0	0	0	0			
Lib3barcode52	montagens_Alouatta_palliata_cytomegalovirus	montagens_consenso_H1	0	0	0	0			
Lib3barcode52	montagens_CALHV3	montagens_Cebus_albifrons_lymphocryptovirus_1	1	0	0	1	0.0	0.0	
Lib3barcode52	montagens_CALHV3	montagens_consenso_H1	1	0	0	1	0.0	0.0	
Lib3barcode52	montagens_Cebus_albifrons_lymphocryptovirus_1	montagens_consenso_H1	0	0	0	0			
Lib3barcode53	montagem_LIB_3_HSV6	montagem_LIB_3_HSV7	0	0	0	0			
Lib3barcode53	montagem_LIB_3_HSV6	montagens_Alouatta_macconnelli_cytomegalovirus	0	0	0	0			
Lib3barcode53	montagem_LIB_3_HSV6	montagens_Alouatta_palliata_cytomegalovirus	0	0	0	0			
Lib3barcode53	montagem_LIB_3_HSV6	montagens_CALHV3	0	341	0	341	0.0		0.0
Lib3barcode53	montagem_LIB_3_HSV6	montagens_Cebus_albifrons_lymphocryptovirus_1	0	0	0	0			
Lib3barcode53	montagem_LIB_3_HSV6	montagens_consenso_H1	0	0	0	0			
Lib3barcode53	montagem_LIB_3_HSV7	montagens_Alouatta_macconnelli_cytomegalovirus	0	0	0	0			
Lib3barcode53	montagem_LIB_3_HSV7	montagens_Alouatta_palliata_cytomegalovirus	0	0	0	0			
Lib3barcode53	montagem_LIB_3_HSV7	montagens_CALHV3	0	341	0	341	0.0		0.0
Lib3barcode53	montagem_LIB_3_HSV7	montagens_Cebus_albifrons_lymphocryptovirus_1	0	0	0	0			
Lib3barcode53	montagem_LIB_3_HSV7	montagens_consenso_H1	0	0	0	0			
Lib3barcode53	montagens_Alouatta_macconnelli_cytomegalovirus	montagens_Alouatta_palliata_cytomegalovirus	0	0	0	0			
Lib3barcode53	montagens_Alouatta_macconnelli_cytomegalovirus	montagens_CALHV3	0	341	0	341	0.0		0.0
Lib3barcode53	montagens_Alouatta_macconnelli_cytomegalovirus	montagens_Cebus_albifrons_lymphocryptovirus_1	0	0	0	0			
Lib3barcode53	montagens_Alouatta_macconnelli_cytomegalovirus	montagens_consenso_H1	0	0	0	0			
Lib3barcode53	montagens_Alouatta_palliata_cytomegalovirus	montagens_CALHV3	0	341	0	341	0.0		0.0
Lib3barcode53	montagens_Alouatta_palliata_cytomegalovirus	montagens_Cebus_albifrons_lymphocryptovirus_1	0	0	0	0			
Lib3barcode53	montagens_Alouatta_palliata_cytomegalovirus	montagens_consenso_H1	0	0	0	0			
Lib3barcode53	montagens_CALHV3	montagens_Cebus_albifrons_lymphocryptovirus_1	341	0	0	341	0.0	0.0	
Lib3barcode53	montagens_CALHV3	montagens_consenso_H1	341	0	0	341	0.0	0.0	
Lib3barcode53	montagens_Cebus_albifrons_lymphocryptovirus_1	montagens_consenso_H1	0	0	0	0			
Lib3barcode54	montagem_LIB_3_HSV6	montagem_LIB_3_HSV7	0	0	0	0			
Lib3barcode54	montagem_LIB_3_HSV6	montagens_Alouatta_macconnelli_cytomegalovirus	0	0	0	0			
Lib3barcode54	montagem_LIB_3_HSV6	montagens_Alouatta_palliata_cytomegalovirus	0	0	0	0			
Lib3barcode54	montagem_LIB_3_HSV6	montagens_CALHV3	0	511	0	511	0.0		0.0
Lib3barcode54	montagem_LIB_3_HSV6	montagens_Cebus_albifrons_lymphocryptovirus_1	0	0	0	0			
Lib3barcode54	montagem_LIB_3_HSV6	montagens_consenso_H1	0	0	0	0			
Lib3barcode54	montagem_LIB_3_HSV7	montagens_Alouatta_macconnelli_cytomegalovirus	0	0	0	0			
Lib3barcode54	montagem_LIB_3_HSV7	montagens_Alouatta_palliata_cytomegalovirus	0	0	0	0			
Lib3barcode54	montagem_LIB_3_HSV7	montagens_CALHV3	0	511	0	511	0.0		0.0
Lib3barcode54	montagem_LIB_3_HSV7	montagens_Cebus_albifrons_lymphocryptovirus_1	0	0	0	0			
Lib3barcode54	montagem_LIB_3_HSV7	montagens_consenso_H1	0	0	0	0			
Lib3barcode54	montagens_Alouatta_macconnelli_cytomegalovirus	montagens_Alouatta_palliata_cytomegalovirus	0	0	0	0			
Lib3barcode54	montagens_Alouatta_macconnelli_cytomegalovirus	montagens_CALHV3	0	511	0	511	0.0		0.0
Lib3barcode54	montagens_Alouatta_macconnelli_cytomegalovirus	montagens_Cebus_albifrons_lymphocryptovirus_1	0	0	0	0			
Lib3barcode54	montagens_Alouatta_macconnelli_cytomegalovirus	montagens_consenso_H1	0	0	0	0			
Lib3barcode54	montagens_Alouatta_palliata_cytomegalovirus	montagens_CALHV3	0	511	0	511	0.0		0.0
Lib3barcode54	montagens_Alouatta_palliata_cytomegalovirus	montagens_Cebus_albifrons_lymphocryptovirus_1	0	0	0	0			
Lib3barcode54	montagens_Alouatta_palliata_cytomegalovirus	montagens_consenso_H1	0	0	0	0			
Lib3barcode54	montagens_CALHV3	montagens_Cebus_albifrons_lymphocryptovirus_1	511	0	0	511	0.0	0.0	
Lib3barcode54	montagens_CALHV3	montagens_consenso_H1	511	0	0	511	0.0	0.0	
Lib3barcode54	montagens_Cebus_albifrons_lymphocryptovirus_1	montagens_consenso_H1	0	0	0	0			
Lib3barcode55	montagem_LIB_3_HSV6	montagem_LIB_3_HSV7	0	0	0	0			
Lib3barcode55	montagem_LIB_3_HSV6	montagens_Alouatta_macconnelli_cytomegalovirus	0	0	0	0			
Lib3barcode55	montagem_LIB_3_HSV6	montagens_Alouatta_palliata_cytomegalovirus	0	0	0	0			
Lib3barcode55	montagem_LIB_3_HSV6	montagens_CALHV3	0	1	0	1	0.0		0.0
Lib3barcode55	montagem_LIB_3_HSV6	montagens_Cebus_albifrons_lymphocryptovirus_1	0	0	0	0			
Lib3barcode55	montagem_LIB_3_HSV6	montagens_consenso_H1	0	0	0	0			
Lib3barcode55	montagem_LIB_3_HSV7	montagens_Alouatta_macconnelli_cytomegalovirus	0	0	0	0			
Lib3barcode55	montagem_LIB_3_HSV7	montagens_Alouatta_palliata_cytomegalovirus	0	0	0	0			
Lib3barcode55	montagem_LIB_3_HSV7	montagens_CALHV3	0	1	0	1	0.0		0.0
Lib3barcode55	montagem_LIB_3_HSV7	montagens_Cebus_albifrons_lymphocryptovirus_1	0	0	0	0			
Lib3barcode55	montagem_LIB_3_HSV7	montagens_consenso_H1	0	0	0	0			
Lib3barcode55	montagens_Alouatta_macconnelli_cytomegalovirus	montagens_Alouatta_palliata_cytomegalovirus	0	0	0	0			
Lib3barcode55	montagens_Alouatta_macconnelli_cytomegalovirus	montagens_CALHV3	0	1	0	1	0.0		0.0
Lib3barcode55	montagens_Alouatta_macconnelli_cytomegalovirus	montagens_Cebus_albifrons_lymphocryptovirus_1	0	0	0	0			
Lib3barcode55	montagens_Alouatta_macconnelli_cytomegalovirus	montagens_consenso_H1	0	0	0	0			
Lib3barcode55	montagens_Alouatta_palliata_cytomegalovirus	montagens_CALHV3	0	1	0	1	0.0		0.0
Lib3barcode55	montagens_Alouatta_palliata_cytomegalovirus	montagens_Cebus_albifrons_lymphocryptovirus_1	0	0	0	0			
Lib3barcode55	montagens_Alouatta_palliata_cytomegalovirus	montagens_consenso_H1	0	0	0	0			
Lib3barcode55	montagens_CALHV3	montagens_Cebus_albifrons_lymphocryptovirus_1	1	0	0	1	0.0	0.0	
Lib3barcode55	montagens_CALHV3	montagens_consenso_H1	1	0	0	1	0.0	0.0	
Lib3barcode55	montagens_Cebus_albifrons_lymphocryptovirus_1	montagens_consenso_H1	0	0	0	0			
Lib3barcode56	montagem_LIB_3_HSV6	montagem_LIB_3_HSV7	0	0	0	0			
Lib3barcode56	montagem_LIB_3_HSV6	montagens_Alouatta_macconnelli_cytomegalovirus	0	0	0	0			
Lib3barcode56	montagem_LIB_3_HSV6	montagens_Alouatta_palliata_cytomegalovirus	0	0	0	0			
Lib3barcode56	montagem_LIB_3_HSV6	montagens_CALHV3	0	0	0	0			
Lib3barcode56	montagem_LIB_3_HSV6	montagens_Cebus_albifrons_lymphocryptovirus_1	0	0	0	0			
Lib3barcode56	montagem_LIB_3_HSV6	montagens_consenso_H1	0	0	0	0			
Lib3barcode56	montagem_LIB_3_HSV7	montagens_Alouatta_macconnelli_cytomegalovirus	0	0	0	0			
Lib3barcode56	montagem_LIB_3_HSV7	montagens_Alouatta_palliata_cytomegalovirus	0	0	0	0			
Lib3barcode56	montagem_LIB_3_HSV7	montagens_CALHV3	0	0	0	0			
Lib3barcode56	montagem_LIB_3_HSV7	montagens_Cebus_albifrons_lymphocryptovirus_1	0	0	0	0			
Lib3barcode56	montagem_LIB_3_HSV7	montagens_consenso_H1	0	0	0	0			
Lib3barcode56	montagens_Alouatta_macconnelli_cytomegalovirus	montagens_Alouatta_palliata_cytomegalovirus	0	0	0	0			
Lib3barcode56	montagens_Alouatta_macconnelli_cytomegalovirus	montagens_CALHV3	0	0	0	0			
Lib3barcode56	montagens_Alouatta_macconnelli_cytomegalovirus	montagens_Cebus_albifrons_lymphocryptovirus_1	0	0	0	0			
Lib3barcode56	montagens_Alouatta_macconnelli_cytomegalovirus	montagens_consenso_H1	0	0	0	0			
Lib3barcode56	montagens_Alouatta_palliata_cytomegalovirus	montagens_CALHV3	0	0	0	0			
Lib3barcode56	montagens_Alouatta_palliata_cytomegalovirus	montagens_Cebus_albifrons_lymphocryptovirus_1	0	0	0	0			
Lib3barcode56	montagens_Alouatta_palliata_cytomegalovirus	montagens_consenso_H1	0	0	0	0			
Lib3barcode56	montagens_CALHV3	montagens_Cebus_albifrons_lymphocryptovirus_1	0	0	0	0			
Lib3barcode56	montagens_CALHV3	montagens_consenso_H1	0	0	0	0			
Lib3barcode56	montagens_Cebus_albifrons_lymphocryptovirus_1	montagens_consenso_H1	0	0	0	0			
Lib3barcode57	montagem_LIB_3_HSV6	montagem_LIB_3_HSV7	0	0	0	0			
Lib3barcode57	montagem_LIB_3_HSV6	montagens_Alouatta_macconnelli_cytomegalovirus	0	0	0	0			
Lib3barcode57	montagem_LIB_3_HSV6	montagens_Alouatta_palliata_cytomegalovirus	0	0	0	0			
Lib3barcode57	montagem_LIB_3_HSV6	montagens_CALHV3	0	432	0	432	0.0		0.0
Lib3barcode57	montagem_LIB_3_HSV6	montagens_Cebus_albifrons_lymphocryptovirus_1	0	0	0	0			
Lib3barcode57	montagem_LIB_3_HSV6	montagens_consenso_H1	0	0	0	0			
Lib3barcode57	montagem_LIB_3_HSV7	montagens_Alouatta_macconnelli_cytomegalovirus	0	0	0	0			
Lib3barcode57	montagem_LIB_3_HSV7	montagens_Alouatta_palliata_cytomegalovirus	0	0	0	0			
Lib3barcode57	montagem_LIB_3_HSV7	montagens_CALHV3	0	432	0	432	0.0		0.0
Lib3barcode57	montagem_LIB_3_HSV7	montagens_Cebus_albifrons_lymphocryptovirus_1	0	0	0	0			
Lib3barcode57	montagem_LIB_3_HSV7	montagens_consenso_H1	0	0	0	0			
Lib3barcode57	montagens_Alouatta_macconnelli_cytomegalovirus	montagens_Alouatta_palliata_cytomegalovirus	0	0	0	0			
Lib3barcode57	montagens_Alouatta_macconnelli_cytomegalovirus	montagens_CALHV3	0	432	0	432	0.0		0.0
Lib3barcode57	montagens_Alouatta_macconnelli_cytomegalovirus	montagens_Cebus_albifrons_lymphocryptovirus_1	0	0	0	0			
Lib3barcode57	montagens_Alouatta_macconnelli_cytomegalovirus	montagens_consenso_H1	0	0	0	0			
Lib3barcode57	montagens_Alouatta_palliata_cytomegalovirus	montagens_CALHV3	0	432	0	432	0.0		0.0
Lib3barcode57	montagens_Alouatta_palliata_cytomegalovirus	montagens_Cebus_albifrons_lymphocryptovirus_1	0	0	0	0			
Lib3barcode57	montagens_Alouatta_palliata_cytomegalovirus	montagens_consenso_H1	0	0	0	0			
Lib3barcode57	montagens_CALHV3	montagens_Cebus_albifrons_lymphocryptovirus_1	432	0	0	432	0.0	0.0	
Lib3barcode57	montagens_CALHV3	montagens_consenso_H1	432	0	0	432	0.0	0.0	
Lib3barcode57	montagens_Cebus_albifrons_lymphocryptovirus_1	montagens_consenso_H1	0	0	0	0			
Lib3barcode58	montagem_LIB_3_HSV6	montagem_LIB_3_HSV7	0	0	0	0			
Lib3barcode58	montagem_LIB_3_HSV6	montagens_Alouatta_macconnelli_cytomegalovirus	0	0	0	0			
Lib3barcode58	montagem_LIB_3_HSV6	montagens_Alouatta_palliata_cytomegalovirus	0	0	0	0			
Lib3barcode58	montagem_LIB_3_HSV6	montagens_CALHV3	0	562	0	562	0.0		0.0
Lib3barcode58	montagem_LIB_3_HSV6	montagens_Cebus_albifrons_lymphocryptovirus_1	0	0	0	0			
Lib3barcode58	montagem_LIB_3_HSV6	montagens_consenso_H1	0	0	0	0			
Lib3barcode58	montagem_LIB_3_HSV7	montagens_Alouatta_macconnelli_cytomegalovirus	0	0	0	0			
Lib3barcode58	montagem_LIB_3_HSV7	montagens_Alouatta_palliata_cytomegalovirus	0	0	0	0			
Lib3barcode58	montagem_LIB_3_HSV7	montagens_CALHV3	0	562	0	562	0.0		0.0
Lib3barcode58	montagem_LIB_3_HSV7	montagens_Cebus_albifrons_lymphocryptovirus_1	0	0	0	0			
Lib3barcode58	montagem_LIB_3_HSV7	montagens_consenso_H1	0	0	0	0			
Lib3barcode58	montagens_Alouatta_macconnelli_cytomegalovirus	montagens_Alouatta_palliata_cytomegalovirus	0	0	0	0			
Lib3barcode58	montagens_Alouatta_macconnelli_cytomegalovirus	montagens_CALHV3	0	562	0	562	0.0		0.0
Lib3barcode58	montagens_Alouatta_macconnelli_cytomegalovirus	montagens_Cebus_albifrons_lymphocryptovirus_1	0	0	0	0			
Lib3barcode58	montagens_Alouatta_macconnelli_cytomegalovirus	montagens_consenso_H1	0	0	0	0			
Lib3barcode58	montagens_Alouatta_palliata_cytomegalovirus	montagens_CALHV3	0	562	0	562	0.0		0.0
Lib3barcode58	montagens_Alouatta_palliata_cytomegalovirus	montagens_Cebus_albifrons_lymphocryptovirus_1	0	0	0	0			
Lib3barcode58	montagens_Alouatta_palliata_cytomegalovirus	montagens_consenso_H1	0	0	0	0			
Lib3barcode58	montagens_CALHV3	montagens_Cebus_albifrons_lymphocryptovirus_1	562	0	0	562	0.0	0.0	
Lib3barcode58	montagens_CALHV3	montagens_consenso_H1	562	0	0	562	0.0	0.0	
Lib3barcode58	montagens_Cebus_albifrons_lymphocryptovirus_1	montagens_consenso_H1	0	0	0	0			
Lib3barcode59	montagem_LIB_3_HSV6	montagem_LIB_3_HSV7	0	0	0	0			
Lib3barcode59	montagem_LIB_3_HSV6	montagens_Alouatta_macconnelli_cytomegalovirus	0	0	0	0			
Lib3barcode59	montagem_LIB_3_HSV6	montagens_Alouatta_palliata_cytomegalovirus	0	0	0	0			
Lib3barcode59	montagem_LIB_3_HSV6	montagens_CALHV3	0	0	0	0			
Lib3barcode59	montagem_LIB_3_HSV6	montagens_Cebus_albifrons_lymphocryptovirus_1	0	0	0	0			
Lib3barcode59	montagem_LIB_3_HSV6	montagens_consenso_H1	0	0	0	0			
Lib3barcode59	montagem_LIB_3_HSV7	montagens_Alouatta_macconnelli_cytomegalovirus	0	0	0	0			
Lib3barcode59	montagem_LIB_3_HSV7	montagens_Alouatta_palliata_cytomegalovirus	0	0	0	0			
Lib3barcode59	montagem_LIB_3_HSV7	montagens_CALHV3	0	0	0	0			
Lib3barcode59	montagem_LIB_3_HSV7	montagens_Cebus_albifrons_lymphocryptovirus_1	0	0	0	0			
Lib3barcode59	montagem_LIB_3_HSV7	montagens_consenso_H1	0	0	0	0			
Lib3barcode59	montagens_Alouatta_macconnelli_cytomegalovirus	montagens_Alouatta_palliata_cytomegalovirus	0	0	0	0			
Lib3barcode59	montagens_Alouatta_macconnelli_cytomegalovirus	montagens_CALHV3	0	0	0	0			
Lib3barcode59	montagens_Alouatta_macconnelli_cytomegalovirus	montagens_Cebus_albifrons_lymphocryptovirus_1	0	0	0	0			
Lib3barcode59	montagens_Alouatta_macconnelli_cytomegalovirus	montagens_consenso_H1	0	0	0	0			
Lib3barcode59	montagens_Alouatta_palliata_cytomegalovirus	montagens_CALHV3	0	0	0	0			
Lib3barcode59	montagens_Alouatta_palliata_cytomegalovirus	montagens_Cebus_albifrons_lymphocryptovirus_1	0	0	0	0			
Lib3barcode59	montagens_Alouatta_palliata_cytomegalovirus	montagens_consenso_H1	0	0	0	0			
Lib3barcode59	montagens_CALHV3	montagens_Cebus_albifrons_lymphocryptovirus_1	0	0	0	0			
Lib3barcode59	montagens_CALHV3	montagens_consenso_H1	0	0	0	0			
Lib3barcode59	montagens_Cebus_albifrons_lymphocryptovirus_1	montagens_consenso_H1	0	0	0	0			
Lib3barcode60	montagem_LIB_3_HSV6	montagem_LIB_3_HSV7	0	0	0	0			
Lib3barcode60	montagem_LIB_3_HSV6	montagens_Alouatta_macconnelli_cytomegalovirus	0	0	0	0			
Lib3barcode60	montagem_LIB_3_HSV6	montagens_Alouatta_palliata_cytomegalovirus	0	0	0	0			
Lib3barcode60	montagem_LIB_3_HSV6	montagens_CALHV3	0	398	0	398	0.0		0.0
Lib3barcode60	montagem_LIB_3_HSV6	montagens_Cebus_albifrons_lymphocryptovirus_1	0	0	0	0			
Lib3barcode60	montagem_LIB_3_HSV6	montagens_consenso_H1	0	0	0	0			
Lib3barcode60	montagem_LIB_3_HSV7	montagens_Alouatta_macconnelli_cytomegalovirus	0	0	0	0			
Lib3barcode60	montagem_LIB_3_HSV7	montagens_Alouatta_palliata_cytomegalovirus	0	0	0	0			
Lib3barcode60	montagem_LIB_3_HSV7	montagens_CALHV3	0	398	0	398	0.0		0.0
Lib3barcode60	montagem_LIB_3_HSV7	montagens_Cebus_albifrons_lymphocryptovirus_1	0	0	0	0			
Lib3barcode60	montagem_LIB_3_HSV7	montagens_consenso_H1	0	0	0	0			
Lib3barcode60	montagens_Alouatta_macconnelli_cytomegalovirus	montagens_Alouatta_palliata_cytomegalovirus	0	0	0	0			
Lib3barcode60	montagens_Alouatta_macconnelli_cytomegalovirus	montagens_CALHV3	0	398	0	398	0.0		0.0
Lib3barcode60	montagens_Alouatta_macconnelli_cytomegalovirus	montagens_Cebus_albifrons_lymphocryptovirus_1	0	0	0	0			
Lib3barcode60	montagens_Alouatta_macconnelli_cytomegalovirus	montagens_consenso_H1	0	0	0	0			
Lib3barcode60	montagens_Alouatta_palliata_cytomegalovirus	montagens_CALHV3	0	398	0	398	0.0		0.0
Lib3barcode60	montagens_Alouatta_palliata_cytomegalovirus	montagens_Cebus_albifrons_lymphocryptovirus_1	0	0	0	0			
Lib3barcode60	montagens_Alouatta_palliata_cytomegalovirus	montagens_consenso_H1	0	0	0	0			
Lib3barcode60	montagens_CALHV3	montagens_Cebus_albifrons_lymphocryptovirus_1	398	0	0	398	0.0	0.0	
Lib3barcode60	montagens_CALHV3	montagens_consenso_H1	398	0	0	398	0.0	0.0	
Lib3barcode60	montagens_Cebus_albifrons_lymphocryptovirus_1	montagens_consenso_H1	0	0	0	0			
Lib3barcode61	montagem_LIB_3_HSV6	montagem_LIB_3_HSV7	0	0	0	0			
Lib3barcode61	montagem_LIB_3_HSV6	montagens_Alouatta_macconnelli_cytomegalovirus	0	0	0	0			
Lib3barcode61	montagem_LIB_3_HSV6	montagens_Alouatta_palliata_cytomegalovirus	0	0	0	0			
Lib3barcode61	montagem_LIB_3_HSV6	montagens_CALHV3	0	251	0	251	0.0		0.0
Lib3barcode61	montagem_LIB_3_HSV6	montagens_Cebus_albifrons_lymphocryptovirus_1	0	0	0	0			
Lib3barcode61	montagem_LIB_3_HSV6	montagens_consenso_H1	0	0	0	0			
Lib3barcode61	montagem_LIB_3_HSV7	montagens_Alouatta_macconnelli_cytomegalovirus	0	0	0	0			
Lib3barcode61	montagem_LIB_3_HSV7	montagens_Alouatta_palliata_cytomegalovirus	0	0	0	0			
Lib3barcode61	montagem_LIB_3_HSV7	montagens_CALHV3	0	251	0	251	0.0		0.0
Lib3barcode61	montagem_LIB_3_HSV7	montagens_Cebus_albifrons_lymphocryptovirus_1	0	0	0	0			
Lib3barcode61	montagem_LIB_3_HSV7	montagens_consenso_H1	0	0	0	0			
Lib3barcode61	montagens_Alouatta_macconnelli_cytomegalovirus	montagens_Alouatta_palliata_cytomegalovirus	0	0	0	0			
Lib3barcode61	montagens_Alouatta_macconnelli_cytomegalovirus	montagens_CALHV3	0	251	0	251	0.0		0.0
Lib3barcode61	montagens_Alouatta_macconnelli_cytomegalovirus	montagens_Cebus_albifrons_lymphocryptovirus_1	0	0	0	0			
Lib3barcode61	montagens_Alouatta_macconnelli_cytomegalovirus	montagens_consenso_H1	0	0	0	0			
Lib3barcode61	montagens_Alouatta_palliata_cytomegalovirus	montagens_CALHV3	0	251	0	251	0.0		0.0
Lib3barcode61	montagens_Alouatta_palliata_cytomegalovirus	montagens_Cebus_albifrons_lymphocryptovirus_1	0	0	0	0			
Lib3barcode61	montagens_Alouatta_palliata_cytomegalovirus	montagens_consenso_H1	0	0	0	0			
Lib3barcode61	montagens_CALHV3	montagens_Cebus_albifrons_lymphocryptovirus_1	251	0	0	251	0.0	0.0	
Lib3barcode61	montagens_CALHV3	montagens_consenso_H1	251	0	0	251	0.0	0.0	
Lib3barcode61	montagens_Cebus_albifrons_lymphocryptovirus_1	montagens_consenso_H1	0	0	0	0			
Lib3barcode62	montagem_LIB_3_HSV6	montagem_LIB_3_HSV7	0	0	0	0			
Lib3barcode62	montagem_LIB_3_HSV6	montagens_Alouatta_macconnelli_cytomegalovirus	0	0	0	0			
Lib3barcode62	montagem_LIB_3_HSV6	montagens_Alouatta_palliata_cytomegalovirus	0	0	0	0			
Lib3barcode62	montagem_LIB_3_HSV6	montagens_CALHV3	0	289	0	289	0.0		0.0
Lib3barcode62	montagem_LIB_3_HSV6	montagens_Cebus_albifrons_lymphocryptovirus_1	0	0	0	0			
Lib3barcode62	montagem_LIB_3_HSV6	montagens_consenso_H1	0	0	0	0			
Lib3barcode62	montagem_LIB_3_HSV7	montagens_Alouatta_macconnelli_cytomegalovirus	0	0	0	0			
Lib3barcode62	montagem_LIB_3_HSV7	montagens_Alouatta_palliata_cytomegalovirus	0	0	0	0			
Lib3barcode62	montagem_LIB_3_HSV7	montagens_CALHV3	0	289	0	289	0.0		0.0
Lib3barcode62	montagem_LIB_3_HSV7	montagens_Cebus_albifrons_lymphocryptovirus_1	0	0	0	0			
Lib3barcode62	montagem_LIB_3_HSV7	montagens_consenso_H1	0	0	0	0			
Lib3barcode62	montagens_Alouatta_macconnelli_cytomegalovirus	montagens_Alouatta_palliata_cytomegalovirus	0	0	0	0			
Lib3barcode62	montagens_Alouatta_macconnelli_cytomegalovirus	montagens_CALHV3	0	289	0	289	0.0		0.0
Lib3barcode62	montagens_Alouatta_macconnelli_cytomegalovirus	montagens_Cebus_albifrons_lymphocryptovirus_1	0	0	0	0			
Lib3barcode62	montagens_Alouatta_macconnelli_cytomegalovirus	montagens_consenso_H1	0	0	0	0			
Lib3barcode62	montagens_Alouatta_palliata_cytomegalovirus	montagens_CALHV3	0	289	0	289	0.0		0.0
Lib3barcode62	montagens_Alouatta_palliata_cytomegalovirus	montagens_Cebus_albifrons_lymphocryptovirus_1	0	0	0	0			
Lib3barcode62	montagens_Alouatta_palliata_cytomegalovirus	montagens_consenso_H1	0	0	0	0			
Lib3barcode62	montagens_CALHV3	montagens_Cebus_albifrons_lymphocryptovirus_1	289	0	0	289	0.0	0.0	
Lib3barcode62	montagens_CALHV3	montagens_consenso_H1	289	0	0	289	0.0	0.0	
Lib3barcode62	montagens_Cebus_albifrons_lymphocryptovirus_1	montagens_consenso_H1	0	0	0	0			
Lib3barcode63	montagem_LIB_3_HSV6	montagem_LIB_3_HSV7	0	0	0	0			
Lib3barcode63	montagem_LIB_3_HSV6	montagens_Alouatta_macconnelli_cytomegalovirus	0	0	0	0			
Lib3barcode63	montagem_LIB_3_HSV6	montagens_Alouatta_palliata_cytomegalovirus	0	0	0	0			
Lib3barcode63	montagem_LIB_3_HSV6	montagens_CALHV3	0	2	0	2	0.0		0.0
Lib3barcode63	montagem_LIB_3_HSV6	montagens_Cebus_albifrons_lymphocryptovirus_1	0	0	0	0			
Lib3barcode63	montagem_LIB_3_HSV6	montagens_consenso_H1	0	0	0	0			
Lib3barcode63	montagem_LIB_3_HSV7	montagens_Alouatta_macconnelli_cytomegalovirus	0	0	0	0			
Lib3barcode63	montagem_LIB_3_HSV7	montagens_Alouatta_palliata_cytomegalovirus	0	0	0	0			
Lib3barcode63	montagem_LIB_3_HSV7	montagens_CALHV3	0	2	0	2	0.0		0.0
Lib3barcode63	montagem_LIB_3_HSV7	montagens_Cebus_albifrons_lymphocryptovirus_1	0	0	0	0			
Lib3barcode63	montagem_LIB_3_HSV7	montagens_consenso_H1	0	0	0	0			
Lib3barcode63	montagens_Alouatta_macconnelli_cytomegalovirus	montagens_Alouatta_palliata_cytomegalovirus	0	0	0	0			
Lib3barcode63	montagens_Alouatta_macconnelli_cytomegalovirus	montagens_CALHV3	0	2	0	2	0.0		0.0
Lib3barcode63	montagens_Alouatta_macconnelli_cytomegalovirus	montagens_Cebus_albifrons_lymphocryptovirus_1	0	0	0	0			
Lib3barcode63	montagens_Alouatta_macconnelli_cytomegalovirus	montagens_consenso_H1	0	0	0	0			
Lib3barcode63	montagens_Alouatta_palliata_cytomegalovirus	montagens_CALHV3	0	2	0	2	0.0		0.0
Lib3barcode63	montagens_Alouatta_palliata_cytomegalovirus	montagens_Cebus_albifrons_lymphocryptovirus_1	0	0	0	0			
Lib3barcode63	montagens_Alouatta_palliata_cytomegalovirus	montagens_consenso_H1	0	0	0	0			
Lib3barcode63	montagens_CALHV3	montagens_Cebus_albifrons_lymphocryptovirus_1	2	0	0	2	0.0	0.0	
Lib3barcode63	montagens_CALHV3	montagens_consenso_H1	2	0	0	2	0.0	0.0	
Lib3barcode63	montagens_Cebus_albifrons_lymphocryptovirus_1	montagens_consenso_H1	0	0	0	0			
Lib3barcode64	montagem_LIB_3_HSV6	montagem_LIB_3_HSV7	0	0	0	0			
Lib3barcode64	montagem_LIB_3_HSV6	montagens_Alouatta_macconnelli_cytomegalovirus	0	0	0	0			
Lib3barcode64	montagem_LIB_3_HSV6	montagens_Alouatta_palliata_cytomegalovirus	0	0	0	0			
Lib3barcode64	montagem_LIB_3_HSV6	montagens_CALHV3	0	65	0	65	0.0		0.0
Lib3barcode64	montagem_LIB_3_HSV6	montagens_Cebus_albifrons_lymphocryptovirus_1	0	0	0	0			
Lib3barcode64	montagem_LIB_3_HSV6	montagens_consenso_H1	0	0	0	0			
Lib3barcode64	montagem_LIB_3_HSV7	montagens_Alouatta_macconnelli_cytomegalovirus	0	0	0	0			
Lib3barcode64	montagem_LIB_3_HSV7	montagens_Alouatta_palliata_cytomegalovirus	0	0	0	0			
Lib3barcode64	montagem_LIB_3_HSV7	montagens_CALHV3	0	65	0	65	0.0		0.0
Lib3barcode64	montagem_LIB_3_HSV7	montagens_Cebus_albifrons_lymphocryptovirus_1	0	0	0	0			
Lib3barcode64	montagem_LIB_3_HSV7	montagens_consenso_H1	0	0	0	0			
Lib3barcode64	montagens_Alouatta_macconnelli_cytomegalovirus	montagens_Alouatta_palliata_cytomegalovirus	0	0	0	0			
Lib3barcode64	montagens_Alouatta_macconnelli_cytomegalovirus	montagens_CALHV3	0	65	0	65	0.0		0.0
Lib3barcode64	montagens_Alouatta_macconnelli_cytomegalovirus	montagens_Cebus_albifrons_lymphocryptovirus_1	0	0	0	0			
Lib3barcode64	montagens_Alouatta_macconnelli_cytomegalovirus	montagens_consenso_H1	0	0	0	0			
Lib3barcode64	montagens_Alouatta_palliata_cytomegalovirus	montagens_CALHV3	0	65	0	65	0.0		0.0
Lib3barcode64	montagens_Alouatta_palliata_cytomegalovirus	montagens_Cebus_albifrons_lymphocryptovirus_1	0	0	0	0			
Lib3barcode64	montagens_Alouatta_palliata_cytomegalovirus	montagens_consenso_H1	0	0	0	0			
Lib3barcode64	montagens_CALHV3	montagens_Cebus_albifrons_lymphocryptovirus_1	65	0	0	65	0.0	0.0	
Lib3barcode64	montagens_CALHV3	montagens_consenso_H1	65	0	0	65	0.0	0.0	
Lib3barcode64	montagens_Cebus_albifrons_lymphocryptovirus_1	montagens_consenso_H1	0	0	0	0			
Lib3barcode65	montagem_LIB_3_HSV6	montagem_LIB_3_HSV7	0	0	0	0			
Lib3barcode65	montagem_LIB_3_HSV6	montagens_Alouatta_macconnelli_cytomegalovirus	0	0	0	0			
Lib3barcode65	montagem_LIB_3_HSV6	montagens_Alouatta_palliata_cytomegalovirus	0	0	0	0			
Lib3barcode65	montagem_LIB_3_HSV6	montagens_CALHV3	0	1	0	1	0.0		0.0
Lib3barcode65	montagem_LIB_3_HSV6	montagens_Cebus_albifrons_lymphocryptovirus_1	0	0	0	0			
Lib3barcode65	montagem_LIB_3_HSV6	montagens_consenso_H1	0	0	0	0			
Lib3barcode65	montagem_LIB_3_HSV7	montagens_Alouatta_macconnelli_cytomegalovirus	0	0	0	0			
Lib3barcode65	montagem_LIB_3_HSV7	montagens_Alouatta_palliata_cytomegalovirus	0	0	0	0			
Lib3barcode65	montagem_LIB_3_HSV7	montagens_CALHV3	0	1	0	1	0.0		0.0
Lib3barcode65	montagem_LIB_3_HSV7	montagens_Cebus_albifrons_lymphocryptovirus_1	0	0	0	0			
Lib3barcode65	montagem_LIB_3_HSV7	montagens_consenso_H1	0	0	0	0			
Lib3barcode65	montagens_Alouatta_macconnelli_cytomegalovirus	montagens_Alouatta_palliata_cytomegalovirus	0	0	0	0			
Lib3barcode65	montagens_Alouatta_macconnelli_cytomegalovirus	montagens_CALHV3	0	1	0	1	0.0		0.0
Lib3barcode65	montagens_Alouatta_macconnelli_cytomegalovirus	montagens_Cebus_albifrons_lymphocryptovirus_1	0	0	0	0			
Lib3barcode65	montagens_Alouatta_macconnelli_cytomegalovirus	montagens_consenso_H1	0	0	0	0			
Lib3barcode65	montagens_Alouatta_palliata_cytomegalovirus	montagens_CALHV3	0	1	0	1	0.0		0.0
Lib3barcode65	montagens_Alouatta_palliata_cytomegalovirus	montagens_Cebus_albifrons_lymphocryptovirus_1	0	0	0	0			
Lib3barcode65	montagens_Alouatta_palliata_cytomegalovirus	montagens_consenso_H1	0	0	0	0			
Lib3barcode65	montagens_CALHV3	montagens_Cebus_albifrons_lymphocryptovirus_1	1	0	0	1	0.0	0.0	
Lib3barcode65	montagens_CALHV3	montagens_consenso_H1	1	0	0	1	0.0	0.0	
Lib3barcode65	montagens_Cebus_albifrons_lymphocryptovirus_1	montagens_consenso_H1	0	0	0	0			
Lib3barcode66	montagem_LIB_3_HSV6	montagem_LIB_3_HSV7	0	0	0	0			
Lib3barcode66	montagem_LIB_3_HSV6	montagens_Alouatta_macconnelli_cytomegalovirus	0	0	0	0			
Lib3barcode66	montagem_LIB_3_HSV6	montagens_Alouatta_palliata_cytomegalovirus	0	0	0	0			
Lib3barcode66	montagem_LIB_3_HSV6	montagens_CALHV3	0	7	0	7	0.0		0.0
Lib3barcode66	montagem_LIB_3_HSV6	montagens_Cebus_albifrons_lymphocryptovirus_1	0	0	0	0			
Lib3barcode66	montagem_LIB_3_HSV6	montagens_consenso_H1	0	0	0	0			
Lib3barcode66	montagem_LIB_3_HSV7	montagens_Alouatta_macconnelli_cytomegalovirus	0	0	0	0			
Lib3barcode66	montagem_LIB_3_HSV7	montagens_Alouatta_palliata_cytomegalovirus	0	0	0	0			
Lib3barcode66	montagem_LIB_3_HSV7	montagens_CALHV3	0	7	0	7	0.0		0.0
Lib3barcode66	montagem_LIB_3_HSV7	montagens_Cebus_albifrons_lymphocryptovirus_1	0	0	0	0			
Lib3barcode66	montagem_LIB_3_HSV7	montagens_consenso_H1	0	0	0	0			
Lib3barcode66	montagens_Alouatta_macconnelli_cytomegalovirus	montagens_Alouatta_palliata_cytomegalovirus	0	0	0	0			
Lib3barcode66	montagens_Alouatta_macconnelli_cytomegalovirus	montagens_CALHV3	0	7	0	7	0.0		0.0
Lib3barcode66	montagens_Alouatta_macconnelli_cytomegalovirus	montagens_Cebus_albifrons_lymphocryptovirus_1	0	0	0	0			
Lib3barcode66	montagens_Alouatta_macconnelli_cytomegalovirus	montagens_consenso_H1	0	0	0	0			
Lib3barcode66	montagens_Alouatta_palliata_cytomegalovirus	montagens_CALHV3	0	7	0	7	0.0		0.0
Lib3barcode66	montagens_Alouatta_palliata_cytomegalovirus	montagens_Cebus_albifrons_lymphocryptovirus_1	0	0	0	0			
Lib3barcode66	montagens_Alouatta_palliata_cytomegalovirus	montagens_consenso_H1	0	0	0	0			
Lib3barcode66	montagens_CALHV3	montagens_Cebus_albifrons_lymphocryptovirus_1	7	0	0	7	0.0	0.0	
Lib3barcode66	montagens_CALHV3	montagens_consenso_H1	7	0	0	7	0.0	0.0	
Lib3barcode66	montagens_Cebus_albifrons_lymphocryptovirus_1	montagens_consenso_H1	0	0	0	0			
Lib3barcode67	montagem_LIB_3_HSV6	montagem_LIB_3_HSV7	0	0	0	0			
Lib3barcode67	montagem_LIB_3_HSV6	montagens_Alouatta_macconnelli_cytomegalovirus	0	0	0	0			
Lib3barcode67	montagem_LIB_3_HSV6	montagens_Alouatta_palliata_cytomegalovirus	0	0	0	0			
Lib3barcode67	montagem_LIB_3_HSV6	montagens_CALHV3	0	215	0	215	0.0		0.0
Lib3barcode67	montagem_LIB_3_HSV6	montagens_Cebus_albifrons_lymphocryptovirus_1	0	0	0	0			
Lib3barcode67	montagem_LIB_3_HSV6	montagens_consenso_H1	0	0	0	0			
Lib3barcode67	montagem_LIB_3_HSV7	montagens_Alouatta_macconnelli_cytomegalovirus	0	0	0	0			
Lib3barcode67	montagem_LIB_3_HSV7	montagens_Alouatta_palliata_cytomegalovirus	0	0	0	0			
Lib3barcode67	montagem_LIB_3_HSV7	montagens_CALHV3	0	215	0	215	0.0		0.0
Lib3barcode67	montagem_LIB_3_HSV7	montagens_Cebus_albifrons_lymphocryptovirus_1	0	0	0	0			
Lib3barcode67	montagem_LIB_3_HSV7	montagens_consenso_H1	0	0	0	0			
Lib3barcode67	montagens_Alouatta_macconnelli_cytomegalovirus	montagens_Alouatta_palliata_cytomegalovirus	0	0	0	0			
Lib3barcode67	montagens_Alouatta_macconnelli_cytomegalovirus	montagens_CALHV3	0	215	0	215	0.0		0.0
Lib3barcode67	montagens_Alouatta_macconnelli_cytomegalovirus	montagens_Cebus_albifrons_lymphocryptovirus_1	0	0	0	0			
Lib3barcode67	montagens_Alouatta_macconnelli_cytomegalovirus	montagens_consenso_H1	0	0	0	0			
Lib3barcode67	montagens_Alouatta_palliata_cytomegalovirus	montagens_CALHV3	0	215	0	215	0.0		0.0
Lib3barcode67	montagens_Alouatta_palliata_cytomegalovirus	montagens_Cebus_albifrons_lymphocryptovirus_1	0	0	0	0			
Lib3barcode67	montagens_Alouatta_palliata_cytomegalovirus	montagens_consenso_H1	0	0	0	0			
Lib3barcode67	montagens_CALHV3	montagens_Cebus_albifrons_lymphocryptovirus_1	215	0	0	215	0.0	0.0	
Lib3barcode67	montagens_CALHV3	montagens_consenso_H1	215	0	0	215	0.0	0.0	
Lib3barcode67	montagens_Cebus_albifrons_lymphocryptovirus_1	montagens_consenso_H1	0	0	0	0			
Lib3barcode68	montagem_LIB_3_HSV6	montagem_LIB_3_HSV7	0	0	0	0			
Lib3barcode68	montagem_LIB_3_HSV6	montagens_Alouatta_macconnelli_cytomegalovirus	0	0	0	0			
Lib3barcode68	montagem_LIB_3_HSV6	montagens_Alouatta_palliata_cytomegalovirus	0	0	0	0			
Lib3barcode68	montagem_LIB_3_HSV6	montagens_CALHV3	0	0	0	0			
Lib3barcode68	montagem_LIB_3_HSV6	montagens_Cebus_albifrons_lymphocryptovirus_1	0	0	0	0			
Lib3barcode68	montagem_LIB_3_HSV6	montagens_consenso_H1	0	0	0	0			
Lib3barcode68	montagem_LIB_3_HSV7	montagens_Alouatta_macconnelli_cytomegalovirus	0	0	0	0			
Lib3barcode68	montagem_LIB_3_HSV7	montagens_Alouatta_palliata_cytomegalovirus	0	0	0	0			
Lib3barcode68	montagem_LIB_3_HSV7	montagens_CALHV3	0	0	0	0			
Lib3barcode68	montagem_LIB_3_HSV7	montagens_Cebus_albifrons_lymphocryptovirus_1	0	0	0	0			
Lib3barcode68	montagem_LIB_3_HSV7	montagens_consenso_H1	0	0	0	0			
Lib3barcode68	montagens_Alouatta_macconnelli_cytomegalovirus	montagens_Alouatta_palliata_cytomegalovirus	0	0	0	0			
Lib3barcode68	montagens_Alouatta_macconnelli_cytomegalovirus	montagens_CALHV3	0	0	0	0			
Lib3barcode68	montagens_Alouatta_macconnelli_cytomegalovirus	montagens_Cebus_albifrons_lymphocryptovirus_1	0	0	0	0			
Lib3barcode68	montagens_Alouatta_macconnelli_cytomegalovirus	montagens_consenso_H1	0	0	0	0			
Lib3barcode68	montagens_Alouatta_palliata_cytomegalovirus	montagens_CALHV3	0	0	0	0			
Lib3barcode68	montagens_Alouatta_palliata_cytomegalovirus	montagens_Cebus_albifrons_lymphocryptovirus_1	0	0	0	0			
Lib3barcode68	montagens_Alouatta_palliata_cytomegalovirus	montagens_consenso_H1	0	0	0	0			
Lib3barcode68	montagens_CALHV3	montagens_Cebus_albifrons_lymphocryptovirus_1	0	0	0	0			
Lib3barcode68	montagens_CALHV3	montagens_consenso_H1	0	0	0	0			
Lib3barcode68	montagens_Cebus_albifrons_lymphocryptovirus_1	montagens_consenso_H1	0	0	0	0			
Lib3barcode69	montagem_LIB_3_HSV6	montagem_LIB_3_HSV7	0	0	0	0			
Lib3barcode69	montagem_LIB_3_HSV6	montagens_Alouatta_macconnelli_cytomegalovirus	0	0	0	0			
Lib3barcode69	montagem_LIB_3_HSV6	montagens_Alouatta_palliata_cytomegalovirus	0	0	0	0			
Lib3barcode69	montagem_LIB_3_HSV6	montagens_CALHV3	0	0	0	0			
Lib3barcode69	montagem_LIB_3_HSV6	montagens_Cebus_albifrons_lymphocryptovirus_1	0	0	0	0			
Lib3barcode69	montagem_LIB_3_HSV6	montagens_consenso_H1	0	0	0	0			
Lib3barcode69	montagem_LIB_3_HSV7	montagens_Alouatta_macconnelli_cytomegalovirus	0	0	0	0			
Lib3barcode69	montagem_LIB_3_HSV7	montagens_Alouatta_palliata_cytomegalovirus	0	0	0	0			
Lib3barcode69	montagem_LIB_3_HSV7	montagens_CALHV3	0	0	0	0			
Lib3barcode69	montagem_LIB_3_HSV7	montagens_Cebus_albifrons_lymphocryptovirus_1	0	0	0	0			
Lib3barcode69	montagem_LIB_3_HSV7	montagens_consenso_H1	0	0	0	0			
Lib3barcode69	montagens_Alouatta_macconnelli_cytomegalovirus	montagens_Alouatta_palliata_cytomegalovirus	0	0	0	0			
Lib3barcode69	montagens_Alouatta_macconnelli_cytomegalovirus	montagens_CALHV3	0	0	0	0			
Lib3barcode69	montagens_Alouatta_macconnelli_cytomegalovirus	montagens_Cebus_albifrons_lymphocryptovirus_1	0	0	0	0			
Lib3barcode69	montagens_Alouatta_macconnelli_cytomegalovirus	montagens_consenso_H1	0	0	0	0			
Lib3barcode69	montagens_Alouatta_palliata_cytomegalovirus	montagens_CALHV3	0	0	0	0			
Lib3barcode69	montagens_Alouatta_palliata_cytomegalovirus	montagens_Cebus_albifrons_lymphocryptovirus_1	0	0	0	0			
Lib3barcode69	montagens_Alouatta_palliata_cytomegalovirus	montagens_consenso_H1	0	0	0	0			
Lib3barcode69	montagens_CALHV3	montagens_Cebus_albifrons_lymphocryptovirus_1	0	0	0	0			
Lib3barcode69	montagens_CALHV3	montagens_consenso_H1	0	0	0	0			
Lib3barcode69	montagens_Cebus_albifrons_lymphocryptovirus_1	montagens_consenso_H1	0	0	0	0			
Lib3barcode70	montagem_LIB_3_HSV6	montagem_LIB_3_HSV7	0	0	0	0			
Lib3barcode70	montagem_LIB_3_HSV6	montagens_Alouatta_macconnelli_cytomegalovirus	0	0	0	0			
Lib3barcode70	montagem_LIB_3_HSV6	montagens_Alouatta_palliata_cytomegalovirus	0	0	0	0			
Lib3barcode70	montagem_LIB_3_HSV6	montagens_CALHV3	0	294	0	294	0.0		0.0
Lib3barcode70	montagem_LIB_3_HSV6	montagens_Cebus_albifrons_lymphocryptovirus_1	0	0	0	0			
Lib3barcode70	montagem_LIB_3_HSV6	montagens_consenso_H1	0	0	0	0			
Lib3barcode70	montagem_LIB_3_HSV7	montagens_Alouatta_macconnelli_cytomegalovirus	0	0	0	0			
Lib3barcode70	montagem_LIB_3_HSV7	montagens_Alouatta_palliata_cytomegalovirus	0	0	0	0			
Lib3barcode70	montagem_LIB_3_HSV7	montagens_CALHV3	0	294	0	294	0.0		0.0
Lib3barcode70	montagem_LIB_3_HSV7	montagens_Cebus_albifrons_lymphocryptovirus_1	0	0	0	0			
Lib3barcode70	montagem_LIB_3_HSV7	montagens_consenso_H1	0	0	0	0			
Lib3barcode70	montagens_Alouatta_macconnelli_cytomegalovirus	montagens_Alouatta_palliata_cytomegalovirus	0	0	0	0			
Lib3barcode70	montagens_Alouatta_macconnelli_cytomegalovirus	montagens_CALHV3	0	294	0	294	0.0		0.0
Lib3barcode70	montagens_Alouatta_macconnelli_cytomegalovirus	montagens_Cebus_albifrons_lymphocryptovirus_1	0	0	0	0			
Lib3barcode70	montagens_Alouatta_macconnelli_cytomegalovirus	montagens_consenso_H1	0	0	0	0			
Lib3barcode70	montagens_Alouatta_palliata_cytomegalovirus	montagens_CALHV3	0	294	0	294	0.0		0.0
Lib3barcode70	montagens_Alouatta_palliata_cytomegalovirus	montagens_Cebus_albifrons_lymphocryptovirus_1	0	0	0	0			
Lib3barcode70	montagens_Alouatta_palliata_cytomegalovirus	montagens_consenso_H1	0	0	0	0			
Lib3barcode70	montagens_CALHV3	montagens_Cebus_albifrons_lymphocryptovirus_1	294	0	0	294	0.0	0.0	
Lib3barcode70	montagens_CALHV3	montagens_consenso_H1	294	0	0	294	0.0	0.0	
Lib3barcode70	montagens_Cebus_albifrons_lymphocryptovirus_1	montagens_consenso_H1	0	0	0	0			
Lib3barcode71	montagem_LIB_3_HSV6	montagem_LIB_3_HSV7	0	0	0	0			
Lib3barcode71	montagem_LIB_3_HSV6	montagens_Alouatta_macconnelli_cytomegalovirus	0	0	0	0			
Lib3barcode71	montagem_LIB_3_HSV6	montagens_Alouatta_palliata_cytomegalovirus	0	0	0	0			
Lib3barcode71	montagem_LIB_3_HSV6	montagens_CALHV3	0	262	0	262	0.0		0.0
Lib3barcode71	montagem_LIB_3_HSV6	montagens_Cebus_albifrons_lymphocryptovirus_1	0	1	0	1	0.0		0.0
Lib3barcode71	montagem_LIB_3_HSV6	montagens_consenso_H1	0	0	0	0			
Lib3barcode71	montagem_LIB_3_HSV7	montagens_Alouatta_macconnelli_cytomegalovirus	0	0	0	0			
Lib3barcode71	montagem_LIB_3_HSV7	montagens_Alouatta_palliata_cytomegalovirus	0	0	0	0			
Lib3barcode71	montagem_LIB_3_HSV7	montagens_CALHV3	0	262	0	262	0.0		0.0
Lib3barcode71	montagem_LIB_3_HSV7	montagens_Cebus_albifrons_lymphocryptovirus_1	0	1	0	1	0.0		0.0
Lib3barcode71	montagem_LIB_3_HSV7	montagens_consenso_H1	0	0	0	0			
Lib3barcode71	montagens_Alouatta_macconnelli_cytomegalovirus	montagens_Alouatta_palliata_cytomegalovirus	0	0	0	0			
Lib3barcode71	montagens_Alouatta_macconnelli_cytomegalovirus	montagens_CALHV3	0	262	0	262	0.0		0.0
Lib3barcode71	montagens_Alouatta_macconnelli_cytomegalovirus	montagens_Cebus_albifrons_lymphocryptovirus_1	0	1	0	1	0.0		0.0
Lib3barcode71	montagens_Alouatta_macconnelli_cytomegalovirus	montagens_consenso_H1	0	0	0	0			
Lib3barcode71	montagens_Alouatta_palliata_cytomegalovirus	montagens_CALHV3	0	262	0	262	0.0		0.0
Lib3barcode71	montagens_Alouatta_palliata_cytomegalovirus	montagens_Cebus_albifrons_lymphocryptovirus_1	0	1	0	1	0.0		0.0
Lib3barcode71	montagens_Alouatta_palliata_cytomegalovirus	montagens_consenso_H1	0	0	0	0			
Lib3barcode71	montagens_CALHV3	montagens_Cebus_albifrons_lymphocryptovirus_1	262	1	0	263	0.0	0.0	0.0
Lib3barcode71	montagens_CALHV3	montagens_consenso_H1	262	0	0	262	0.0	0.0	
Lib3barcode71	montagens_Cebus_albifrons_lymphocryptovirus_1	montagens_consenso_H1	1	0	0	1	0.0	0.0	
Lib3barcode72	montagem_LIB_3_HSV6	montagem_LIB_3_HSV7	0	0	0	0			
Lib3barcode72	montagem_LIB_3_HSV6	montagens_Alouatta_macconnelli_cytomegalovirus	0	0	0	0			
Lib3barcode72	montagem_LIB_3_HSV6	montagens_Alouatta_palliata_cytomegalovirus	0	0	0	0			
Lib3barcode72	montagem_LIB_3_HSV6	montagens_CALHV3	0	396	0	396	0.0		0.0
Lib3barcode72	montagem_LIB_3_HSV6	montagens_Cebus_albifrons_lymphocryptovirus_1	0	1	0	1	0.0		0.0
Lib3barcode72	montagem_LIB_3_HSV6	montagens_consenso_H1	0	0	0	0			
Lib3barcode72	montagem_LIB_3_HSV7	montagens_Alouatta_macconnelli_cytomegalovirus	0	0	0	0			
Lib3barcode72	montagem_LIB_3_HSV7	montagens_Alouatta_palliata_cytomegalovirus	0	0	0	0			
Lib3barcode72	montagem_LIB_3_HSV7	montagens_CALHV3	0	396	0	396	0.0		0.0
Lib3barcode72	montagem_LIB_3_HSV7	montagens_Cebus_albifrons_lymphocryptovirus_1	0	1	0	1	0.0		0.0
Lib3barcode72	montagem_LIB_3_HSV7	montagens_consenso_H1	0	0	0	0			
Lib3barcode72	montagens_Alouatta_macconnelli_cytomegalovirus	montagens_Alouatta_palliata_cytomegalovirus	0	0	0	0			
Lib3barcode72	montagens_Alouatta_macconnelli_cytomegalovirus	montagens_CALHV3	0	396	0	396	0.0		0.0
Lib3barcode72	montagens_Alouatta_macconnelli_cytomegalovirus	montagens_Cebus_albifrons_lymphocryptovirus_1	0	1	0	1	0.0		0.0
Lib3barcode72	montagens_Alouatta_macconnelli_cytomegalovirus	montagens_consenso_H1	0	0	0	0			
Lib3barcode72	montagens_Alouatta_palliata_cytomegalovirus	montagens_CALHV3	0	396	0	396	0.0		0.0
Lib3barcode72	montagens_Alouatta_palliata_cytomegalovirus	montagens_Cebus_albifrons_lymphocryptovirus_1	0	1	0	1	0.0		0.0
Lib3barcode72	montagens_Alouatta_palliata_cytomegalovirus	montagens_consenso_H1	0	0	0	0			
Lib3barcode72	montagens_CALHV3	montagens_Cebus_albifrons_lymphocryptovirus_1	396	1	0	397	0.0	0.0	0.0
Lib3barcode72	montagens_CALHV3	montagens_consenso_H1	396	0	0	396	0.0	0.0	
Lib3barcode72	montagens_Cebus_albifrons_lymphocryptovirus_1	montagens_consenso_H1	1	0	0	1	0.0	0.0	
Lib3barcode73	montagem_LIB_3_HSV6	montagem_LIB_3_HSV7	0	0	0	0			
Lib3barcode73	montagem_LIB_3_HSV6	montagens_Alouatta_macconnelli_cytomegalovirus	0	0	0	0			
Lib3barcode73	montagem_LIB_3_HSV6	montagens_Alouatta_palliata_cytomegalovirus	0	0	0	0			
Lib3barcode73	montagem_LIB_3_HSV6	montagens_CALHV3	0	178	0	178	0.0		0.0
Lib3barcode73	montagem_LIB_3_HSV6	montagens_Cebus_albifrons_lymphocryptovirus_1	0	0	0	0			
Lib3barcode73	montagem_LIB_3_HSV6	montagens_consenso_H1	0	0	0	0			
Lib3barcode73	montagem_LIB_3_HSV7	montagens_Alouatta_macconnelli_cytomegalovirus	0	0	0	0			
Lib3barcode73	montagem_LIB_3_HSV7	montagens_Alouatta_palliata_cytomegalovirus	0	0	0	0			
Lib3barcode73	montagem_LIB_3_HSV7	montagens_CALHV3	0	178	0	178	0.0		0.0
Lib3barcode73	montagem_LIB_3_HSV7	montagens_Cebus_albifrons_lymphocryptovirus_1	0	0	0	0			
Lib3barcode73	montagem_LIB_3_HSV7	montagens_consenso_H1	0	0	0	0			
Lib3barcode73	montagens_Alouatta_macconnelli_cytomegalovirus	montagens_Alouatta_palliata_cytomegalovirus	0	0	0	0			
Lib3barcode73	montagens_Alouatta_macconnelli_cytomegalovirus	montagens_CALHV3	0	178	0	178	0.0		0.0
Lib3barcode73	montagens_Alouatta_macconnelli_cytomegalovirus	montagens_Cebus_albifrons_lymphocryptovirus_1	0	0	0	0			
Lib3barcode73	montagens_Alouatta_macconnelli_cytomegalovirus	montagens_consenso_H1	0	0	0	0			
Lib3barcode73	montagens_Alouatta_palliata_cytomegalovirus	montagens_CALHV3	0	178	0	178	0.0		0.0
Lib3barcode73	montagens_Alouatta_palliata_cytomegalovirus	montagens_Cebus_albifrons_lymphocryptovirus_1	0	0	0	0			
Lib3barcode73	montagens_Alouatta_palliata_cytomegalovirus	montagens_consenso_H1	0	0	0	0			
Lib3barcode73	montagens_CALHV3	montagens_Cebus_albifrons_lymphocryptovirus_1	178	0	0	178	0.0	0.0	
Lib3barcode73	montagens_CALHV3	montagens_consenso_H1	178	0	0	178	0.0	0.0	
Lib3barcode73	montagens_Cebus_albifrons_lymphocryptovirus_1	montagens_consenso_H1	0	0	0	0			
Lib3barcode74	montagem_LIB_3_HSV6	montagem_LIB_3_HSV7	0	0	0	0			
Lib3barcode74	montagem_LIB_3_HSV6	montagens_Alouatta_macconnelli_cytomegalovirus	0	0	0	0			
Lib3barcode74	montagem_LIB_3_HSV6	montagens_Alouatta_palliata_cytomegalovirus	0	0	0	0			
Lib3barcode74	montagem_LIB_3_HSV6	montagens_CALHV3	0	0	0	0			
Lib3barcode74	montagem_LIB_3_HSV6	montagens_Cebus_albifrons_lymphocryptovirus_1	0	0	0	0			
Lib3barcode74	montagem_LIB_3_HSV6	montagens_consenso_H1	0	0	0	0			
Lib3barcode74	montagem_LIB_3_HSV7	montagens_Alouatta_macconnelli_cytomegalovirus	0	0	0	0			
Lib3barcode74	montagem_LIB_3_HSV7	montagens_Alouatta_palliata_cytomegalovirus	0	0	0	0			
Lib3barcode74	montagem_LIB_3_HSV7	montagens_CALHV3	0	0	0	0			
Lib3barcode74	montagem_LIB_3_HSV7	montagens_Cebus_albifrons_lymphocryptovirus_1	0	0	0	0			
Lib3barcode74	montagem_LIB_3_HSV7	montagens_consenso_H1	0	0	0	0			
Lib3barcode74	montagens_Alouatta_macconnelli_cytomegalovirus	montagens_Alouatta_palliata_cytomegalovirus	0	0	0	0			
Lib3barcode74	montagens_Alouatta_macconnelli_cytomegalovirus	montagens_CALHV3	0	0	0	0			
Lib3barcode74	montagens_Alouatta_macconnelli_cytomegalovirus	montagens_Cebus_albifrons_lymphocryptovirus_1	0	0	0	0			
Lib3barcode74	montagens_Alouatta_macconnelli_cytomegalovirus	montagens_consenso_H1	0	0	0	0			
Lib3barcode74	montagens_Alouatta_palliata_cytomegalovirus	montagens_CALHV3	0	0	0	0			
Lib3barcode74	montagens_Alouatta_palliata_cytomegalovirus	montagens_Cebus_albifrons_lymphocryptovirus_1	0	0	0	0			
Lib3barcode74	montagens_Alouatta_palliata_cytomegalovirus	montagens_consenso_H1	0	0	0	0			
Lib3barcode74	montagens_CALHV3	montagens_Cebus_albifrons_lymphocryptovirus_1	0	0	0	0			
Lib3barcode74	montagens_CALHV3	montagens_consenso_H1	0	0	0	0			
Lib3barcode74	montagens_Cebus_albifrons_lymphocryptovirus_1	montagens_consenso_H1	0	0	0	0			
Lib3barcode75	montagem_LIB_3_HSV6	montagem_LIB_3_HSV7	0	0	0	0			
Lib3barcode75	montagem_LIB_3_HSV6	montagens_Alouatta_macconnelli_cytomegalovirus	0	0	0	0			
Lib3barcode75	montagem_LIB_3_HSV6	montagens_Alouatta_palliata_cytomegalovirus	0	0	0	0			
Lib3barcode75	montagem_LIB_3_HSV6	montagens_CALHV3	0	1	0	1	0.0		0.0
Lib3barcode75	montagem_LIB_3_HSV6	montagens_Cebus_albifrons_lymphocryptovirus_1	0	0	0	0			
Lib3barcode75	montagem_LIB_3_HSV6	montagens_consenso_H1	0	0	0	0			
Lib3barcode75	montagem_LIB_3_HSV7	montagens_Alouatta_macconnelli_cytomegalovirus	0	0	0	0			
Lib3barcode75	montagem_LIB_3_HSV7	montagens_Alouatta_palliata_cytomegalovirus	0	0	0	0			
Lib3barcode75	montagem_LIB_3_HSV7	montagens_CALHV3	0	1	0	1	0.0		0.0
Lib3barcode75	montagem_LIB_3_HSV7	montagens_Cebus_albifrons_lymphocryptovirus_1	0	0	0	0			
Lib3barcode75	montagem_LIB_3_HSV7	montagens_consenso_H1	0	0	0	0			
Lib3barcode75	montagens_Alouatta_macconnelli_cytomegalovirus	montagens_Alouatta_palliata_cytomegalovirus	0	0	0	0			
Lib3barcode75	montagens_Alouatta_macconnelli_cytomegalovirus	montagens_CALHV3	0	1	0	1	0.0		0.0
Lib3barcode75	montagens_Alouatta_macconnelli_cytomegalovirus	montagens_Cebus_albifrons_lymphocryptovirus_1	0	0	0	0			
Lib3barcode75	montagens_Alouatta_macconnelli_cytomegalovirus	montagens_consenso_H1	0	0	0	0			
Lib3barcode75	montagens_Alouatta_palliata_cytomegalovirus	montagens_CALHV3	0	1	0	1	0.0		0.0
Lib3barcode75	montagens_Alouatta_palliata_cytomegalovirus	montagens_Cebus_albifrons_lymphocryptovirus_1	0	0	0	0			
Lib3barcode75	montagens_Alouatta_palliata_cytomegalovirus	montagens_consenso_H1	0	0	0	0			
Lib3barcode75	montagens_CALHV3	montagens_Cebus_albifrons_lymphocryptovirus_1	1	0	0	1	0.0	0.0	
Lib3barcode75	montagens_CALHV3	montagens_consenso_H1	1	0	0	1	0.0	0.0	
Lib3barcode75	montagens_Cebus_albifrons_lymphocryptovirus_1	montagens_consenso_H1	0	0	0	0			
Lib3barcode76	montagem_LIB_3_HSV6	montagem_LIB_3_HSV7	0	0	0	0			
Lib3barcode76	montagem_LIB_3_HSV6	montagens_Alouatta_macconnelli_cytomegalovirus	0	0	0	0			
Lib3barcode76	montagem_LIB_3_HSV6	montagens_Alouatta_palliata_cytomegalovirus	0	0	0	0			
Lib3barcode76	montagem_LIB_3_HSV6	montagens_CALHV3	0	233	0	233	0.0		0.0
Lib3barcode76	montagem_LIB_3_HSV6	montagens_Cebus_albifrons_lymphocryptovirus_1	0	0	0	0			
Lib3barcode76	montagem_LIB_3_HSV6	montagens_consenso_H1	0	0	0	0			
Lib3barcode76	montagem_LIB_3_HSV7	montagens_Alouatta_macconnelli_cytomegalovirus	0	0	0	0			
Lib3barcode76	montagem_LIB_3_HSV7	montagens_Alouatta_palliata_cytomegalovirus	0	0	0	0			
Lib3barcode76	montagem_LIB_3_HSV7	montagens_CALHV3	0	233	0	233	0.0		0.0
Lib3barcode76	montagem_LIB_3_HSV7	montagens_Cebus_albifrons_lymphocryptovirus_1	0	0	0	0			
Lib3barcode76	montagem_LIB_3_HSV7	montagens_consenso_H1	0	0	0	0			
Lib3barcode76	montagens_Alouatta_macconnelli_cytomegalovirus	montagens_Alouatta_palliata_cytomegalovirus	0	0	0	0			
Lib3barcode76	montagens_Alouatta_macconnelli_cytomegalovirus	montagens_CALHV3	0	233	0	233	0.0		0.0
Lib3barcode76	montagens_Alouatta_macconnelli_cytomegalovirus	montagens_Cebus_albifrons_lymphocryptovirus_1	0	0	0	0			
Lib3barcode76	montagens_Alouatta_macconnelli_cytomegalovirus	montagens_consenso_H1	0	0	0	0			
Lib3barcode76	montagens_Alouatta_palliata_cytomegalovirus	montagens_CALHV3	0	233	0	233	0.0		0.0
Lib3barcode76	montagens_Alouatta_palliata_cytomegalovirus	montagens_Cebus_albifrons_lymphocryptovirus_1	0	0	0	0			
Lib3barcode76	montagens_Alouatta_palliata_cytomegalovirus	montagens_consenso_H1	0	0	0	0			
Lib3barcode76	montagens_CALHV3	montagens_Cebus_albifrons_lymphocryptovirus_1	233	0	0	233	0.0	0.0	
Lib3barcode76	montagens_CALHV3	montagens_consenso_H1	233	0	0	233	0.0	0.0	
Lib3barcode76	montagens_Cebus_albifrons_lymphocryptovirus_1	montagens_consenso_H1	0	0	0	0			
Lib3barcode77	montagem_LIB_3_HSV6	montagem_LIB_3_HSV7	0	0	0	0			
Lib3barcode77	montagem_LIB_3_HSV6	montagens_Alouatta_macconnelli_cytomegalovirus	0	0	0	0			
Lib3barcode77	montagem_LIB_3_HSV6	montagens_Alouatta_palliata_cytomegalovirus	0	0	0	0			
Lib3barcode77	montagem_LIB_3_HSV6	montagens_CALHV3	0	0	0	0			
Lib3barcode77	montagem_LIB_3_HSV6	montagens_Cebus_albifrons_lymphocryptovirus_1	0	0	0	0			
Lib3barcode77	montagem_LIB_3_HSV6	montagens_consenso_H1	0	0	0	0			
Lib3barcode77	montagem_LIB_3_HSV7	montagens_Alouatta_macconnelli_cytomegalovirus	0	0	0	0			
Lib3barcode77	montagem_LIB_3_HSV7	montagens_Alouatta_palliata_cytomegalovirus	0	0	0	0			
Lib3barcode77	montagem_LIB_3_HSV7	montagens_CALHV3	0	0	0	0			
Lib3barcode77	montagem_LIB_3_HSV7	montagens_Cebus_albifrons_lymphocryptovirus_1	0	0	0	0			
Lib3barcode77	montagem_LIB_3_HSV7	montagens_consenso_H1	0	0	0	0			
Lib3barcode77	montagens_Alouatta_macconnelli_cytomegalovirus	montagens_Alouatta_palliata_cytomegalovirus	0	0	0	0			
Lib3barcode77	montagens_Alouatta_macconnelli_cytomegalovirus	montagens_CALHV3	0	0	0	0			
Lib3barcode77	montagens_Alouatta_macconnelli_cytomegalovirus	montagens_Cebus_albifrons_lymphocryptovirus_1	0	0	0	0			
Lib3barcode77	montagens_Alouatta_macconnelli_cytomegalovirus	montagens_consenso_H1	0	0	0	0			
Lib3barcode77	montagens_Alouatta_palliata_cytomegalovirus	montagens_CALHV3	0	0	0	0			
Lib3barcode77	montagens_Alouatta_palliata_cytomegalovirus	montagens_Cebus_albifrons_lymphocryptovirus_1	0	0	0	0			
Lib3barcode77	montagens_Alouatta_palliata_cytomegalovirus	montagens_consenso_H1	0	0	0	0			
Lib3barcode77	montagens_CALHV3	montagens_Cebus_albifrons_lymphocryptovirus_1	0	0	0	0			
Lib3barcode77	montagens_CALHV3	montagens_consenso_H1	0	0	0	0			
Lib3barcode77	montagens_Cebus_albifrons_lymphocryptovirus_1	montagens_consenso_H1	0	0	0	0			
Lib3barcode78	montagem_LIB_3_HSV6	montagem_LIB_3_HSV7	0	0	0	0			
Lib3barcode78	montagem_LIB_3_HSV6	montagens_Alouatta_macconnelli_cytomegalovirus	0	0	0	0			
Lib3barcode78	montagem_LIB_3_HSV6	montagens_Alouatta_palliata_cytomegalovirus	0	0	0	0			
Lib3barcode78	montagem_LIB_3_HSV6	montagens_CALHV3	0	1	0	1	0.0		0.0
Lib3barcode78	montagem_LIB_3_HSV6	montagens_Cebus_albifrons_lymphocryptovirus_1	0	0	0	0			
Lib3barcode78	montagem_LIB_3_HSV6	montagens_consenso_H1	0	0	0	0			
Lib3barcode78	montagem_LIB_3_HSV7	montagens_Alouatta_macconnelli_cytomegalovirus	0	0	0	0			
Lib3barcode78	montagem_LIB_3_HSV7	montagens_Alouatta_palliata_cytomegalovirus	0	0	0	0			
Lib3barcode78	montagem_LIB_3_HSV7	montagens_CALHV3	0	1	0	1	0.0		0.0
Lib3barcode78	montagem_LIB_3_HSV7	montagens_Cebus_albifrons_lymphocryptovirus_1	0	0	0	0			
Lib3barcode78	montagem_LIB_3_HSV7	montagens_consenso_H1	0	0	0	0			
Lib3barcode78	montagens_Alouatta_macconnelli_cytomegalovirus	montagens_Alouatta_palliata_cytomegalovirus	0	0	0	0			
Lib3barcode78	montagens_Alouatta_macconnelli_cytomegalovirus	montagens_CALHV3	0	1	0	1	0.0		0.0
Lib3barcode78	montagens_Alouatta_macconnelli_cytomegalovirus	montagens_Cebus_albifrons_lymphocryptovirus_1	0	0	0	0			
Lib3barcode78	montagens_Alouatta_macconnelli_cytomegalovirus	montagens_consenso_H1	0	0	0	0			
Lib3barcode78	montagens_Alouatta_palliata_cytomegalovirus	montagens_CALHV3	0	1	0	1	0.0		0.0
Lib3barcode78	montagens_Alouatta_palliata_cytomegalovirus	montagens_Cebus_albifrons_lymphocryptovirus_1	0	0	0	0			
Lib3barcode78	montagens_Alouatta_palliata_cytomegalovirus	montagens_consenso_H1	0	0	0	0			
Lib3barcode78	montagens_CALHV3	montagens_Cebus_albifrons_lymphocryptovirus_1	1	0	0	1	0.0	0.0	
Lib3barcode78	montagens_CALHV3	montagens_consenso_H1	1	0	0	1	0.0	0.0	
Lib3barcode78	montagens_Cebus_albifrons_lymphocryptovirus_1	montagens_consenso_H1	0	0	0	0			
Lib3barcode79	montagem_LIB_3_HSV6	montagem_LIB_3_HSV7	0	0	0	0			
Lib3barcode79	montagem_LIB_3_HSV6	montagens_Alouatta_macconnelli_cytomegalovirus	0	0	0	0			
Lib3barcode79	montagem_LIB_3_HSV6	montagens_Alouatta_palliata_cytomegalovirus	0	0	0	0			
Lib3barcode79	montagem_LIB_3_HSV6	montagens_CALHV3	0	0	0	0			
Lib3barcode79	montagem_LIB_3_HSV6	montagens_Cebus_albifrons_lymphocryptovirus_1	0	0	0	0			
Lib3barcode79	montagem_LIB_3_HSV6	montagens_consenso_H1	0	0	0	0			
Lib3barcode79	montagem_LIB_3_HSV7	montagens_Alouatta_macconnelli_cytomegalovirus	0	0	0	0			
Lib3barcode79	montagem_LIB_3_HSV7	montagens_Alouatta_palliata_cytomegalovirus	0	0	0	0			
Lib3barcode79	montagem_LIB_3_HSV7	montagens_CALHV3	0	0	0	0			
Lib3barcode79	montagem_LIB_3_HSV7	montagens_Cebus_albifrons_lymphocryptovirus_1	0	0	0	0			
Lib3barcode79	montagem_LIB_3_HSV7	montagens_consenso_H1	0	0	0	0			
Lib3barcode79	montagens_Alouatta_macconnelli_cytomegalovirus	montagens_Alouatta_palliata_cytomegalovirus	0	0	0	0			
Lib3barcode79	montagens_Alouatta_macconnelli_cytomegalovirus	montagens_CALHV3	0	0	0	0			
Lib3barcode79	montagens_Alouatta_macconnelli_cytomegalovirus	montagens_Cebus_albifrons_lymphocryptovirus_1	0	0	0	0			
Lib3barcode79	montagens_Alouatta_macconnelli_cytomegalovirus	montagens_consenso_H1	0	0	0	0			
Lib3barcode79	montagens_Alouatta_palliata_cytomegalovirus	montagens_CALHV3	0	0	0	0			
Lib3barcode79	montagens_Alouatta_palliata_cytomegalovirus	montagens_Cebus_albifrons_lymphocryptovirus_1	0	0	0	0			
Lib3barcode79	montagens_Alouatta_palliata_cytomegalovirus	montagens_consenso_H1	0	0	0	0			
Lib3barcode79	montagens_CALHV3	montagens_Cebus_albifrons_lymphocryptovirus_1	0	0	0	0			
Lib3barcode79	montagens_CALHV3	montagens_consenso_H1	0	0	0	0			
Lib3barcode79	montagens_Cebus_albifrons_lymphocryptovirus_1	montagens_consenso_H1	0	0	0	0			
Lib3barcode80	montagem_LIB_3_HSV6	montagem_LIB_3_HSV7	0	0	0	0			
Lib3barcode80	montagem_LIB_3_HSV6	montagens_Alouatta_macconnelli_cytomegalovirus	0	159	0	159	0.0		0.0
Lib3barcode80	montagem_LIB_3_HSV6	montagens_Alouatta_palliata_cytomegalovirus	0	259	0	259	0.0		0.0
Lib3barcode80	montagem_LIB_3_HSV6	montagens_CALHV3	0	0	0	0			
Lib3barcode80	montagem_LIB_3_HSV6	montagens_Cebus_albifrons_lymphocryptovirus_1	0	0	0	0			
Lib3barcode80	montagem_LIB_3_HSV6	montagens_consenso_H1	0	0	0	0			
Lib3barcode80	montagem_LIB_3_HSV7	montagens_Alouatta_macconnelli_cytomegalovirus	0	159	0	159	0.0		0.0
Lib3barcode80	montagem_LIB_3_HSV7	montagens_Alouatta_palliata_cytomegalovirus	0	259	0	259	0.0		0.0
Lib3barcode80	montagem_LIB_3_HSV7	montagens_CALHV3	0	0	0	0			
Lib3barcode80	montagem_LIB_3_HSV7	montagens_Cebus_albifrons_lymphocryptovirus_1	0	0	0	0			
Lib3barcode80	montagem_LIB_3_HSV7	montagens_consenso_H1	0	0	0	0			
Lib3barcode80	montagens_Alouatta_macconnelli_cytomegalovirus	montagens_Alouatta_palliata_cytomegalovirus	159	259	159	259	0.61389961	1.0	0.61389961
Lib3barcode80	montagens_Alouatta_macconnelli_cytomegalovirus	montagens_CALHV3	159	0	0	159	0.0	0.0	
Lib3barcode80	montagens_Alouatta_macconnelli_cytomegalovirus	montagens_Cebus_albifrons_lymphocryptovirus_1	159	0	0	159	0.0	0.0	
Lib3barcode80	montagens_Alouatta_macconnelli_cytomegalovirus	montagens_consenso_H1	159	0	0	159	0.0	0.0	
Lib3barcode80	montagens_Alouatta_palliata_cytomegalovirus	montagens_CALHV3	259	0	0	259	0.0	0.0	
Lib3barcode80	montagens_Alouatta_palliata_cytomegalovirus	montagens_Cebus_albifrons_lymphocryptovirus_1	259	0	0	259	0.0	0.0	
Lib3barcode80	montagens_Alouatta_palliata_cytomegalovirus	montagens_consenso_H1	259	0	0	259	0.0	0.0	
Lib3barcode80	montagens_CALHV3	montagens_Cebus_albifrons_lymphocryptovirus_1	0	0	0	0			
Lib3barcode80	montagens_CALHV3	montagens_consenso_H1	0	0	0	0			
Lib3barcode80	montagens_Cebus_albifrons_lymphocryptovirus_1	montagens_consenso_H1	0	0	0	0			
Lib3barcode81	montagem_LIB_3_HSV6	montagem_LIB_3_HSV7	0	0	0	0			
Lib3barcode81	montagem_LIB_3_HSV6	montagens_Alouatta_macconnelli_cytomegalovirus	0	0	0	0			
Lib3barcode81	montagem_LIB_3_HSV6	montagens_Alouatta_palliata_cytomegalovirus	0	0	0	0			
Lib3barcode81	montagem_LIB_3_HSV6	montagens_CALHV3	0	0	0	0			
Lib3barcode81	montagem_LIB_3_HSV6	montagens_Cebus_albifrons_lymphocryptovirus_1	0	506	0	506	0.0		0.0
Lib3barcode81	montagem_LIB_3_HSV6	montagens_consenso_H1	0	0	0	0			
Lib3barcode81	montagem_LIB_3_HSV7	montagens_Alouatta_macconnelli_cytomegalovirus	0	0	0	0			
Lib3barcode81	montagem_LIB_3_HSV7	montagens_Alouatta_palliata_cytomegalovirus	0	0	0	0			
Lib3barcode81	montagem_LIB_3_HSV7	montagens_CALHV3	0	0	0	0			
Lib3barcode81	montagem_LIB_3_HSV7	montagens_Cebus_albifrons_lymphocryptovirus_1	0	506	0	506	0.0		0.0
Lib3barcode81	montagem_LIB_3_HSV7	montagens_consenso_H1	0	0	0	0			
Lib3barcode81	montagens_Alouatta_macconnelli_cytomegalovirus	montagens_Alouatta_palliata_cytomegalovirus	0	0	0	0			
Lib3barcode81	montagens_Alouatta_macconnelli_cytomegalovirus	montagens_CALHV3	0	0	0	0			
Lib3barcode81	montagens_Alouatta_macconnelli_cytomegalovirus	montagens_Cebus_albifrons_lymphocryptovirus_1	0	506	0	506	0.0		0.0
Lib3barcode81	montagens_Alouatta_macconnelli_cytomegalovirus	montagens_consenso_H1	0	0	0	0			
Lib3barcode81	montagens_Alouatta_palliata_cytomegalovirus	montagens_CALHV3	0	0	0	0			
Lib3barcode81	montagens_Alouatta_palliata_cytomegalovirus	montagens_Cebus_albifrons_lymphocryptovirus_1	0	506	0	506	0.0		0.0
Lib3barcode81	montagens_Alouatta_palliata_cytomegalovirus	montagens_consenso_H1	0	0	0	0			
Lib3barcode81	montagens_CALHV3	montagens_Cebus_albifrons_lymphocryptovirus_1	0	506	0	506	0.0		0.0
Lib3barcode81	montagens_CALHV3	montagens_consenso_H1	0	0	0	0			
Lib3barcode81	montagens_Cebus_albifrons_lymphocryptovirus_1	montagens_consenso_H1	506	0	0	506	0.0	0.0	
Lib3barcode82	montagem_LIB_3_HSV6	montagem_LIB_3_HSV7	0	0	0	0			
Lib3barcode82	montagem_LIB_3_HSV6	montagens_Alouatta_macconnelli_cytomegalovirus	0	0	0	0			
Lib3barcode82	montagem_LIB_3_HSV6	montagens_Alouatta_palliata_cytomegalovirus	0	0	0	0			
Lib3barcode82	montagem_LIB_3_HSV6	montagens_CALHV3	0	1	0	1	0.0		0.0
Lib3barcode82	montagem_LIB_3_HSV6	montagens_Cebus_albifrons_lymphocryptovirus_1	0	0	0	0			
Lib3barcode82	montagem_LIB_3_HSV6	montagens_consenso_H1	0	0	0	0			
Lib3barcode82	montagem_LIB_3_HSV7	montagens_Alouatta_macconnelli_cytomegalovirus	0	0	0	0			
Lib3barcode82	montagem_LIB_3_HSV7	montagens_Alouatta_palliata_cytomegalovirus	0	0	0	0			
Lib3barcode82	montagem_LIB_3_HSV7	montagens_CALHV3	0	1	0	1	0.0		0.0
Lib3barcode82	montagem_LIB_3_HSV7	montagens_Cebus_albifrons_lymphocryptovirus_1	0	0	0	0			
Lib3barcode82	montagem_LIB_3_HSV7	montagens_consenso_H1	0	0	0	0			
Lib3barcode82	montagens_Alouatta_macconnelli_cytomegalovirus	montagens_Alouatta_palliata_cytomegalovirus	0	0	0	0			
Lib3barcode82	montagens_Alouatta_macconnelli_cytomegalovirus	montagens_CALHV3	0	1	0	1	0.0		0.0
Lib3barcode82	montagens_Alouatta_macconnelli_cytomegalovirus	montagens_Cebus_albifrons_lymphocryptovirus_1	0	0	0	0			
Lib3barcode82	montagens_Alouatta_macconnelli_cytomegalovirus	montagens_consenso_H1	0	0	0	0			
Lib3barcode82	montagens_Alouatta_palliata_cytomegalovirus	montagens_CALHV3	0	1	0	1	0.0		0.0
Lib3barcode82	montagens_Alouatta_palliata_cytomegalovirus	montagens_Cebus_albifrons_lymphocryptovirus_1	0	0	0	0			
Lib3barcode82	montagens_Alouatta_palliata_cytomegalovirus	montagens_consenso_H1	0	0	0	0			
Lib3barcode82	montagens_CALHV3	montagens_Cebus_albifrons_lymphocryptovirus_1	1	0	0	1	0.0	0.0	
Lib3barcode82	montagens_CALHV3	montagens_consenso_H1	1	0	0	1	0.0	0.0	
Lib3barcode82	montagens_Cebus_albifrons_lymphocryptovirus_1	montagens_consenso_H1	0	0	0	0			
Lib3barcode83	montagem_LIB_3_HSV6	montagem_LIB_3_HSV7	0	0	0	0			
Lib3barcode83	montagem_LIB_3_HSV6	montagens_Alouatta_macconnelli_cytomegalovirus	0	0	0	0			
Lib3barcode83	montagem_LIB_3_HSV6	montagens_Alouatta_palliata_cytomegalovirus	0	0	0	0			
Lib3barcode83	montagem_LIB_3_HSV6	montagens_CALHV3	0	0	0	0			
Lib3barcode83	montagem_LIB_3_HSV6	montagens_Cebus_albifrons_lymphocryptovirus_1	0	0	0	0			
Lib3barcode83	montagem_LIB_3_HSV6	montagens_consenso_H1	0	0	0	0			
Lib3barcode83	montagem_LIB_3_HSV7	montagens_Alouatta_macconnelli_cytomegalovirus	0	0	0	0			
Lib3barcode83	montagem_LIB_3_HSV7	montagens_Alouatta_palliata_cytomegalovirus	0	0	0	0			
Lib3barcode83	montagem_LIB_3_HSV7	montagens_CALHV3	0	0	0	0			
Lib3barcode83	montagem_LIB_3_HSV7	montagens_Cebus_albifrons_lymphocryptovirus_1	0	0	0	0			
Lib3barcode83	montagem_LIB_3_HSV7	montagens_consenso_H1	0	0	0	0			
Lib3barcode83	montagens_Alouatta_macconnelli_cytomegalovirus	montagens_Alouatta_palliata_cytomegalovirus	0	0	0	0			
Lib3barcode83	montagens_Alouatta_macconnelli_cytomegalovirus	montagens_CALHV3	0	0	0	0			
Lib3barcode83	montagens_Alouatta_macconnelli_cytomegalovirus	montagens_Cebus_albifrons_lymphocryptovirus_1	0	0	0	0			
Lib3barcode83	montagens_Alouatta_macconnelli_cytomegalovirus	montagens_consenso_H1	0	0	0	0			
Lib3barcode83	montagens_Alouatta_palliata_cytomegalovirus	montagens_CALHV3	0	0	0	0			
Lib3barcode83	montagens_Alouatta_palliata_cytomegalovirus	montagens_Cebus_albifrons_lymphocryptovirus_1	0	0	0	0			
Lib3barcode83	montagens_Alouatta_palliata_cytomegalovirus	montagens_consenso_H1	0	0	0	0			
Lib3barcode83	montagens_CALHV3	montagens_Cebus_albifrons_lymphocryptovirus_1	0	0	0	0			
Lib3barcode83	montagens_CALHV3	montagens_consenso_H1	0	0	0	0			
Lib3barcode83	montagens_Cebus_albifrons_lymphocryptovirus_1	montagens_consenso_H1	0	0	0	0			
Lib3barcode84	montagem_LIB_3_HSV6	montagem_LIB_3_HSV7	0	0	0	0			
Lib3barcode84	montagem_LIB_3_HSV6	montagens_Alouatta_macconnelli_cytomegalovirus	0	0	0	0			
Lib3barcode84	montagem_LIB_3_HSV6	montagens_Alouatta_palliata_cytomegalovirus	0	0	0	0			
Lib3barcode84	montagem_LIB_3_HSV6	montagens_CALHV3	0	198	0	198	0.0		0.0
Lib3barcode84	montagem_LIB_3_HSV6	montagens_Cebus_albifrons_lymphocryptovirus_1	0	0	0	0			
Lib3barcode84	montagem_LIB_3_HSV6	montagens_consenso_H1	0	0	0	0			
Lib3barcode84	montagem_LIB_3_HSV7	montagens_Alouatta_macconnelli_cytomegalovirus	0	0	0	0			
Lib3barcode84	montagem_LIB_3_HSV7	montagens_Alouatta_palliata_cytomegalovirus	0	0	0	0			
Lib3barcode84	montagem_LIB_3_HSV7	montagens_CALHV3	0	198	0	198	0.0		0.0
Lib3barcode84	montagem_LIB_3_HSV7	montagens_Cebus_albifrons_lymphocryptovirus_1	0	0	0	0			
Lib3barcode84	montagem_LIB_3_HSV7	montagens_consenso_H1	0	0	0	0			
Lib3barcode84	montagens_Alouatta_macconnelli_cytomegalovirus	montagens_Alouatta_palliata_cytomegalovirus	0	0	0	0			
Lib3barcode84	montagens_Alouatta_macconnelli_cytomegalovirus	montagens_CALHV3	0	198	0	198	0.0		0.0
Lib3barcode84	montagens_Alouatta_macconnelli_cytomegalovirus	montagens_Cebus_albifrons_lymphocryptovirus_1	0	0	0	0			
Lib3barcode84	montagens_Alouatta_macconnelli_cytomegalovirus	montagens_consenso_H1	0	0	0	0			
Lib3barcode84	montagens_Alouatta_palliata_cytomegalovirus	montagens_CALHV3	0	198	0	198	0.0		0.0
Lib3barcode84	montagens_Alouatta_palliata_cytomegalovirus	montagens_Cebus_albifrons_lymphocryptovirus_1	0	0	0	0			
Lib3barcode84	montagens_Alouatta_palliata_cytomegalovirus	montagens_consenso_H1	0	0	0	0			
Lib3barcode84	montagens_CALHV3	montagens_Cebus_albifrons_lymphocryptovirus_1	198	0	0	198	0.0	0.0	
Lib3barcode84	montagens_CALHV3	montagens_consenso_H1	198	0	0	198	0.0	0.0	
Lib3barcode84	montagens_Cebus_albifrons_lymphocryptovirus_1	montagens_consenso_H1	0	0	0	0			
Lib3barcode85	montagem_LIB_3_HSV6	montagem_LIB_3_HSV7	0	0	0	0			
Lib3barcode85	montagem_LIB_3_HSV6	montagens_Alouatta_macconnelli_cytomegalovirus	0	0	0	0			
Lib3barcode85	montagem_LIB_3_HSV6	montagens_Alouatta_palliata_cytomegalovirus	0	0	0	0			
Lib3barcode85	montagem_LIB_3_HSV6	montagens_CALHV3	0	423	0	423	0.0		0.0
Lib3barcode85	montagem_LIB_3_HSV6	montagens_Cebus_albifrons_lymphocryptovirus_1	0	0	0	0			
Lib3barcode85	montagem_LIB_3_HSV6	montagens_consenso_H1	0	0	0	0			
Lib3barcode85	montagem_LIB_3_HSV7	montagens_Alouatta_macconnelli_cytomegalovirus	0	0	0	0			
Lib3barcode85	montagem_LIB_3_HSV7	montagens_Alouatta_palliata_cytomegalovirus	0	0	0	0			
Lib3barcode85	montagem_LIB_3_HSV7	montagens_CALHV3	0	423	0	423	0.0		0.0
Lib3barcode85	montagem_LIB_3_HSV7	montagens_Cebus_albifrons_lymphocryptovirus_1	0	0	0	0			
Lib3barcode85	montagem_LIB_3_HSV7	montagens_consenso_H1	0	0	0	0			
Lib3barcode85	montagens_Alouatta_macconnelli_cytomegalovirus	montagens_Alouatta_palliata_cytomegalovirus	0	0	0	0			
Lib3barcode85	montagens_Alouatta_macconnelli_cytomegalovirus	montagens_CALHV3	0	423	0	423	0.0		0.0
Lib3barcode85	montagens_Alouatta_macconnelli_cytomegalovirus	montagens_Cebus_albifrons_lymphocryptovirus_1	0	0	0	0			
Lib3barcode85	montagens_Alouatta_macconnelli_cytomegalovirus	montagens_consenso_H1	0	0	0	0			
Lib3barcode85	montagens_Alouatta_palliata_cytomegalovirus	montagens_CALHV3	0	423	0	423	0.0		0.0
Lib3barcode85	montagens_Alouatta_palliata_cytomegalovirus	montagens_Cebus_albifrons_lymphocryptovirus_1	0	0	0	0			
Lib3barcode85	montagens_Alouatta_palliata_cytomegalovirus	montagens_consenso_H1	0	0	0	0			
Lib3barcode85	montagens_CALHV3	montagens_Cebus_albifrons_lymphocryptovirus_1	423	0	0	423	0.0	0.0	
Lib3barcode85	montagens_CALHV3	montagens_consenso_H1	423	0	0	423	0.0	0.0	
Lib3barcode85	montagens_Cebus_albifrons_lymphocryptovirus_1	montagens_consenso_H1	0	0	0	0			
Lib3barcode86	montagem_LIB_3_HSV6	montagem_LIB_3_HSV7	0	0	0	0			
Lib3barcode86	montagem_LIB_3_HSV6	montagens_Alouatta_macconnelli_cytomegalovirus	0	0	0	0			
Lib3barcode86	montagem_LIB_3_HSV6	montagens_Alouatta_palliata_cytomegalovirus	0	0	0	0			
Lib3barcode86	montagem_LIB_3_HSV6	montagens_CALHV3	0	2	0	2	0.0		0.0
Lib3barcode86	montagem_LIB_3_HSV6	montagens_Cebus_albifrons_lymphocryptovirus_1	0	0	0	0			
Lib3barcode86	montagem_LIB_3_HSV6	montagens_consenso_H1	0	0	0	0			
Lib3barcode86	montagem_LIB_3_HSV7	montagens_Alouatta_macconnelli_cytomegalovirus	0	0	0	0			
Lib3barcode86	montagem_LIB_3_HSV7	montagens_Alouatta_palliata_cytomegalovirus	0	0	0	0			
Lib3barcode86	montagem_LIB_3_HSV7	montagens_CALHV3	0	2	0	2	0.0		0.0
Lib3barcode86	montagem_LIB_3_HSV7	montagens_Cebus_albifrons_lymphocryptovirus_1	0	0	0	0			
Lib3barcode86	montagem_LIB_3_HSV7	montagens_consenso_H1	0	0	0	0			
Lib3barcode86	montagens_Alouatta_macconnelli_cytomegalovirus	montagens_Alouatta_palliata_cytomegalovirus	0	0	0	0			
Lib3barcode86	montagens_Alouatta_macconnelli_cytomegalovirus	montagens_CALHV3	0	2	0	2	0.0		0.0
Lib3barcode86	montagens_Alouatta_macconnelli_cytomegalovirus	montagens_Cebus_albifrons_lymphocryptovirus_1	0	0	0	0			
Lib3barcode86	montagens_Alouatta_macconnelli_cytomegalovirus	montagens_consenso_H1	0	0	0	0			
Lib3barcode86	montagens_Alouatta_palliata_cytomegalovirus	montagens_CALHV3	0	2	0	2	0.0		0.0
Lib3barcode86	montagens_Alouatta_palliata_cytomegalovirus	montagens_Cebus_albifrons_lymphocryptovirus_1	0	0	0	0			
Lib3barcode86	montagens_Alouatta_palliata_cytomegalovirus	montagens_consenso_H1	0	0	0	0			
Lib3barcode86	montagens_CALHV3	montagens_Cebus_albifrons_lymphocryptovirus_1	2	0	0	2	0.0	0.0	
Lib3barcode86	montagens_CALHV3	montagens_consenso_H1	2	0	0	2	0.0	0.0	
Lib3barcode86	montagens_Cebus_albifrons_lymphocryptovirus_1	montagens_consenso_H1	0	0	0	0			
Lib3barcode87	montagem_LIB_3_HSV6	montagem_LIB_3_HSV7	0	82	0	82	0.0		0.0
Lib3barcode87	montagem_LIB_3_HSV6	montagens_Alouatta_macconnelli_cytomegalovirus	0	0	0	0			
Lib3barcode87	montagem_LIB_3_HSV6	montagens_Alouatta_palliata_cytomegalovirus	0	0	0	0			
Lib3barcode87	montagem_LIB_3_HSV6	montagens_CALHV3	0	0	0	0			
Lib3barcode87	montagem_LIB_3_HSV6	montagens_Cebus_albifrons_lymphocryptovirus_1	0	0	0	0			
Lib3barcode87	montagem_LIB_3_HSV6	montagens_consenso_H1	0	23	0	23	0.0		0.0
Lib3barcode87	montagem_LIB_3_HSV7	montagens_Alouatta_macconnelli_cytomegalovirus	82	0	0	82	0.0	0.0	
Lib3barcode87	montagem_LIB_3_HSV7	montagens_Alouatta_palliata_cytomegalovirus	82	0	0	82	0.0	0.0	
Lib3barcode87	montagem_LIB_3_HSV7	montagens_CALHV3	82	0	0	82	0.0	0.0	
Lib3barcode87	montagem_LIB_3_HSV7	montagens_Cebus_albifrons_lymphocryptovirus_1	82	0	0	82	0.0	0.0	
Lib3barcode87	montagem_LIB_3_HSV7	montagens_consenso_H1	82	23	0	105	0.0	0.0	0.0
Lib3barcode87	montagens_Alouatta_macconnelli_cytomegalovirus	montagens_Alouatta_palliata_cytomegalovirus	0	0	0	0			
Lib3barcode87	montagens_Alouatta_macconnelli_cytomegalovirus	montagens_CALHV3	0	0	0	0			
Lib3barcode87	montagens_Alouatta_macconnelli_cytomegalovirus	montagens_Cebus_albifrons_lymphocryptovirus_1	0	0	0	0			
Lib3barcode87	montagens_Alouatta_macconnelli_cytomegalovirus	montagens_consenso_H1	0	23	0	23	0.0		0.0
Lib3barcode87	montagens_Alouatta_palliata_cytomegalovirus	montagens_CALHV3	0	0	0	0			
Lib3barcode87	montagens_Alouatta_palliata_cytomegalovirus	montagens_Cebus_albifrons_lymphocryptovirus_1	0	0	0	0			
Lib3barcode87	montagens_Alouatta_palliata_cytomegalovirus	montagens_consenso_H1	0	23	0	23	0.0		0.0
Lib3barcode87	montagens_CALHV3	montagens_Cebus_albifrons_lymphocryptovirus_1	0	0	0	0			
Lib3barcode87	montagens_CALHV3	montagens_consenso_H1	0	23	0	23	0.0		0.0
Lib3barcode87	montagens_Cebus_albifrons_lymphocryptovirus_1	montagens_consenso_H1	0	23	0	23	0.0		0.0
Lib3barcode88	montagem_LIB_3_HSV6	montagem_LIB_3_HSV7	0	0	0	0			
Lib3barcode88	montagem_LIB_3_HSV6	montagens_Alouatta_macconnelli_cytomegalovirus	0	0	0	0			
Lib3barcode88	montagem_LIB_3_HSV6	montagens_Alouatta_palliata_cytomegalovirus	0	0	0	0			
Lib3barcode88	montagem_LIB_3_HSV6	montagens_CALHV3	0	1	0	1	0.0		0.0
Lib3barcode88	montagem_LIB_3_HSV6	montagens_Cebus_albifrons_lymphocryptovirus_1	0	0	0	0			
Lib3barcode88	montagem_LIB_3_HSV6	montagens_consenso_H1	0	0	0	0			
Lib3barcode88	montagem_LIB_3_HSV7	montagens_Alouatta_macconnelli_cytomegalovirus	0	0	0	0			
Lib3barcode88	montagem_LIB_3_HSV7	montagens_Alouatta_palliata_cytomegalovirus	0	0	0	0			
Lib3barcode88	montagem_LIB_3_HSV7	montagens_CALHV3	0	1	0	1	0.0		0.0
Lib3barcode88	montagem_LIB_3_HSV7	montagens_Cebus_albifrons_lymphocryptovirus_1	0	0	0	0			
Lib3barcode88	montagem_LIB_3_HSV7	montagens_consenso_H1	0	0	0	0			
Lib3barcode88	montagens_Alouatta_macconnelli_cytomegalovirus	montagens_Alouatta_palliata_cytomegalovirus	0	0	0	0			
Lib3barcode88	montagens_Alouatta_macconnelli_cytomegalovirus	montagens_CALHV3	0	1	0	1	0.0		0.0
Lib3barcode88	montagens_Alouatta_macconnelli_cytomegalovirus	montagens_Cebus_albifrons_lymphocryptovirus_1	0	0	0	0			
Lib3barcode88	montagens_Alouatta_macconnelli_cytomegalovirus	montagens_consenso_H1	0	0	0	0			
Lib3barcode88	montagens_Alouatta_palliata_cytomegalovirus	montagens_CALHV3	0	1	0	1	0.0		0.0
Lib3barcode88	montagens_Alouatta_palliata_cytomegalovirus	montagens_Cebus_albifrons_lymphocryptovirus_1	0	0	0	0			
Lib3barcode88	montagens_Alouatta_palliata_cytomegalovirus	montagens_consenso_H1	0	0	0	0			
Lib3barcode88	montagens_CALHV3	montagens_Cebus_albifrons_lymphocryptovirus_1	1	0	0	1	0.0	0.0	
Lib3barcode88	montagens_CALHV3	montagens_consenso_H1	1	0	0	1	0.0	0.0	
Lib3barcode88	montagens_Cebus_albifrons_lymphocryptovirus_1	montagens_consenso_H1	0	0	0	0			
Lib3barcode89	montagem_LIB_3_HSV6	montagem_LIB_3_HSV7	0	0	0	0			
Lib3barcode89	montagem_LIB_3_HSV6	montagens_Alouatta_macconnelli_cytomegalovirus	0	0	0	0			
Lib3barcode89	montagem_LIB_3_HSV6	montagens_Alouatta_palliata_cytomegalovirus	0	0	0	0			
Lib3barcode89	montagem_LIB_3_HSV6	montagens_CALHV3	0	0	0	0			
Lib3barcode89	montagem_LIB_3_HSV6	montagens_Cebus_albifrons_lymphocryptovirus_1	0	0	0	0			
Lib3barcode89	montagem_LIB_3_HSV6	montagens_consenso_H1	0	0	0	0			
Lib3barcode89	montagem_LIB_3_HSV7	montagens_Alouatta_macconnelli_cytomegalovirus	0	0	0	0			
Lib3barcode89	montagem_LIB_3_HSV7	montagens_Alouatta_palliata_cytomegalovirus	0	0	0	0			
Lib3barcode89	montagem_LIB_3_HSV7	montagens_CALHV3	0	0	0	0			
Lib3barcode89	montagem_LIB_3_HSV7	montagens_Cebus_albifrons_lymphocryptovirus_1	0	0	0	0			
Lib3barcode89	montagem_LIB_3_HSV7	montagens_consenso_H1	0	0	0	0			
Lib3barcode89	montagens_Alouatta_macconnelli_cytomegalovirus	montagens_Alouatta_palliata_cytomegalovirus	0	0	0	0			
Lib3barcode89	montagens_Alouatta_macconnelli_cytomegalovirus	montagens_CALHV3	0	0	0	0			
Lib3barcode89	montagens_Alouatta_macconnelli_cytomegalovirus	montagens_Cebus_albifrons_lymphocryptovirus_1	0	0	0	0			
Lib3barcode89	montagens_Alouatta_macconnelli_cytomegalovirus	montagens_consenso_H1	0	0	0	0			
Lib3barcode89	montagens_Alouatta_palliata_cytomegalovirus	montagens_CALHV3	0	0	0	0			
Lib3barcode89	montagens_Alouatta_palliata_cytomegalovirus	montagens_Cebus_albifrons_lymphocryptovirus_1	0	0	0	0			
Lib3barcode89	montagens_Alouatta_palliata_cytomegalovirus	montagens_consenso_H1	0	0	0	0			
Lib3barcode89	montagens_CALHV3	montagens_Cebus_albifrons_lymphocryptovirus_1	0	0	0	0			
Lib3barcode89	montagens_CALHV3	montagens_consenso_H1	0	0	0	0			
Lib3barcode89	montagens_Cebus_albifrons_lymphocryptovirus_1	montagens_consenso_H1	0	0	0	0			
Lib3barcode90	montagem_LIB_3_HSV6	montagem_LIB_3_HSV7	0	0	0	0			
Lib3barcode90	montagem_LIB_3_HSV6	montagens_Alouatta_macconnelli_cytomegalovirus	0	0	0	0			
Lib3barcode90	montagem_LIB_3_HSV6	montagens_Alouatta_palliata_cytomegalovirus	0	0	0	0			
Lib3barcode90	montagem_LIB_3_HSV6	montagens_CALHV3	0	246	0	246	0.0		0.0
Lib3barcode90	montagem_LIB_3_HSV6	montagens_Cebus_albifrons_lymphocryptovirus_1	0	0	0	0			
Lib3barcode90	montagem_LIB_3_HSV6	montagens_consenso_H1	0	0	0	0			
Lib3barcode90	montagem_LIB_3_HSV7	montagens_Alouatta_macconnelli_cytomegalovirus	0	0	0	0			
Lib3barcode90	montagem_LIB_3_HSV7	montagens_Alouatta_palliata_cytomegalovirus	0	0	0	0			
Lib3barcode90	montagem_LIB_3_HSV7	montagens_CALHV3	0	246	0	246	0.0		0.0
Lib3barcode90	montagem_LIB_3_HSV7	montagens_Cebus_albifrons_lymphocryptovirus_1	0	0	0	0			
Lib3barcode90	montagem_LIB_3_HSV7	montagens_consenso_H1	0	0	0	0			
Lib3barcode90	montagens_Alouatta_macconnelli_cytomegalovirus	montagens_Alouatta_palliata_cytomegalovirus	0	0	0	0			
Lib3barcode90	montagens_Alouatta_macconnelli_cytomegalovirus	montagens_CALHV3	0	246	0	246	0.0		0.0
Lib3barcode90	montagens_Alouatta_macconnelli_cytomegalovirus	montagens_Cebus_albifrons_lymphocryptovirus_1	0	0	0	0			
Lib3barcode90	montagens_Alouatta_macconnelli_cytomegalovirus	montagens_consenso_H1	0	0	0	0			
Lib3barcode90	montagens_Alouatta_palliata_cytomegalovirus	montagens_CALHV3	0	246	0	246	0.0		0.0
Lib3barcode90	montagens_Alouatta_palliata_cytomegalovirus	montagens_Cebus_albifrons_lymphocryptovirus_1	0	0	0	0			
Lib3barcode90	montagens_Alouatta_palliata_cytomegalovirus	montagens_consenso_H1	0	0	0	0			
Lib3barcode90	montagens_CALHV3	montagens_Cebus_albifrons_lymphocryptovirus_1	246	0	0	246	0.0	0.0	
Lib3barcode90	montagens_CALHV3	montagens_consenso_H1	246	0	0	246	0.0	0.0	
Lib3barcode90	montagens_Cebus_albifrons_lymphocryptovirus_1	montagens_consenso_H1	0	0	0	0			
Lib3barcode91	montagem_LIB_3_HSV6	montagem_LIB_3_HSV7	0	0	0	0			
Lib3barcode91	montagem_LIB_3_HSV6	montagens_Alouatta_macconnelli_cytomegalovirus	0	0	0	0			
Lib3barcode91	montagem_LIB_3_HSV6	montagens_Alouatta_palliata_cytomegalovirus	0	0	0	0			
Lib3barcode91	montagem_LIB_3_HSV6	montagens_CALHV3	0	0	0	0			
Lib3barcode91	montagem_LIB_3_HSV6	montagens_Cebus_albifrons_lymphocryptovirus_1	0	0	0	0			
Lib3barcode91	montagem_LIB_3_HSV6	montagens_consenso_H1	0	0	0	0			
Lib3barcode91	montagem_LIB_3_HSV7	montagens_Alouatta_macconnelli_cytomegalovirus	0	0	0	0			
Lib3barcode91	montagem_LIB_3_HSV7	montagens_Alouatta_palliata_cytomegalovirus	0	0	0	0			
Lib3barcode91	montagem_LIB_3_HSV7	montagens_CALHV3	0	0	0	0			
Lib3barcode91	montagem_LIB_3_HSV7	montagens_Cebus_albifrons_lymphocryptovirus_1	0	0	0	0			
Lib3barcode91	montagem_LIB_3_HSV7	montagens_consenso_H1	0	0	0	0			
Lib3barcode91	montagens_Alouatta_macconnelli_cytomegalovirus	montagens_Alouatta_palliata_cytomegalovirus	0	0	0	0			
Lib3barcode91	montagens_Alouatta_macconnelli_cytomegalovirus	montagens_CALHV3	0	0	0	0			
Lib3barcode91	montagens_Alouatta_macconnelli_cytomegalovirus	montagens_Cebus_albifrons_lymphocryptovirus_1	0	0	0	0			
Lib3barcode91	montagens_Alouatta_macconnelli_cytomegalovirus	montagens_consenso_H1	0	0	0	0			
Lib3barcode91	montagens_Alouatta_palliata_cytomegalovirus	montagens_CALHV3	0	0	0	0			
Lib3barcode91	montagens_Alouatta_palliata_cytomegalovirus	montagens_Cebus_albifrons_lymphocryptovirus_1	0	0	0	0			
Lib3barcode91	montagens_Alouatta_palliata_cytomegalovirus	montagens_consenso_H1	0	0	0	0			
Lib3barcode91	montagens_CALHV3	montagens_Cebus_albifrons_lymphocryptovirus_1	0	0	0	0			
Lib3barcode91	montagens_CALHV3	montagens_consenso_H1	0	0	0	0			
Lib3barcode91	montagens_Cebus_albifrons_lymphocryptovirus_1	montagens_consenso_H1	0	0	0	0			
Lib3barcode92	montagem_LIB_3_HSV6	montagem_LIB_3_HSV7	0	0	0	0			
Lib3barcode92	montagem_LIB_3_HSV6	montagens_Alouatta_macconnelli_cytomegalovirus	0	0	0	0			
Lib3barcode92	montagem_LIB_3_HSV6	montagens_Alouatta_palliata_cytomegalovirus	0	0	0	0			
Lib3barcode92	montagem_LIB_3_HSV6	montagens_CALHV3	0	153	0	153	0.0		0.0
Lib3barcode92	montagem_LIB_3_HSV6	montagens_Cebus_albifrons_lymphocryptovirus_1	0	0	0	0			
Lib3barcode92	montagem_LIB_3_HSV6	montagens_consenso_H1	0	0	0	0			
Lib3barcode92	montagem_LIB_3_HSV7	montagens_Alouatta_macconnelli_cytomegalovirus	0	0	0	0			
Lib3barcode92	montagem_LIB_3_HSV7	montagens_Alouatta_palliata_cytomegalovirus	0	0	0	0			
Lib3barcode92	montagem_LIB_3_HSV7	montagens_CALHV3	0	153	0	153	0.0		0.0
Lib3barcode92	montagem_LIB_3_HSV7	montagens_Cebus_albifrons_lymphocryptovirus_1	0	0	0	0			
Lib3barcode92	montagem_LIB_3_HSV7	montagens_consenso_H1	0	0	0	0			
Lib3barcode92	montagens_Alouatta_macconnelli_cytomegalovirus	montagens_Alouatta_palliata_cytomegalovirus	0	0	0	0			
Lib3barcode92	montagens_Alouatta_macconnelli_cytomegalovirus	montagens_CALHV3	0	153	0	153	0.0		0.0
Lib3barcode92	montagens_Alouatta_macconnelli_cytomegalovirus	montagens_Cebus_albifrons_lymphocryptovirus_1	0	0	0	0			
Lib3barcode92	montagens_Alouatta_macconnelli_cytomegalovirus	montagens_consenso_H1	0	0	0	0			
Lib3barcode92	montagens_Alouatta_palliata_cytomegalovirus	montagens_CALHV3	0	153	0	153	0.0		0.0
Lib3barcode92	montagens_Alouatta_palliata_cytomegalovirus	montagens_Cebus_albifrons_lymphocryptovirus_1	0	0	0	0			
Lib3barcode92	montagens_Alouatta_palliata_cytomegalovirus	montagens_consenso_H1	0	0	0	0			
Lib3barcode92	montagens_CALHV3	montagens_Cebus_albifrons_lymphocryptovirus_1	153	0	0	153	0.0	0.0	
Lib3barcode92	montagens_CALHV3	montagens_consenso_H1	153	0	0	153	0.0	0.0	
Lib3barcode92	montagens_Cebus_albifrons_lymphocryptovirus_1	montagens_consenso_H1	0	0	0	0			
Lib3barcode93	montagem_LIB_3_HSV6	montagem_LIB_3_HSV7	0	0	0	0			
Lib3barcode93	montagem_LIB_3_HSV6	montagens_Alouatta_macconnelli_cytomegalovirus	0	0	0	0			
Lib3barcode93	montagem_LIB_3_HSV6	montagens_Alouatta_palliata_cytomegalovirus	0	0	0	0			
Lib3barcode93	montagem_LIB_3_HSV6	montagens_CALHV3	0	0	0	0			
Lib3barcode93	montagem_LIB_3_HSV6	montagens_Cebus_albifrons_lymphocryptovirus_1	0	0	0	0			
Lib3barcode93	montagem_LIB_3_HSV6	montagens_consenso_H1	0	0	0	0			
Lib3barcode93	montagem_LIB_3_HSV7	montagens_Alouatta_macconnelli_cytomegalovirus	0	0	0	0			
Lib3barcode93	montagem_LIB_3_HSV7	montagens_Alouatta_palliata_cytomegalovirus	0	0	0	0			
Lib3barcode93	montagem_LIB_3_HSV7	montagens_CALHV3	0	0	0	0			
Lib3barcode93	montagem_LIB_3_HSV7	montagens_Cebus_albifrons_lymphocryptovirus_1	0	0	0	0			
Lib3barcode93	montagem_LIB_3_HSV7	montagens_consenso_H1	0	0	0	0			
Lib3barcode93	montagens_Alouatta_macconnelli_cytomegalovirus	montagens_Alouatta_palliata_cytomegalovirus	0	0	0	0			
Lib3barcode93	montagens_Alouatta_macconnelli_cytomegalovirus	montagens_CALHV3	0	0	0	0			
Lib3barcode93	montagens_Alouatta_macconnelli_cytomegalovirus	montagens_Cebus_albifrons_lymphocryptovirus_1	0	0	0	0			
Lib3barcode93	montagens_Alouatta_macconnelli_cytomegalovirus	montagens_consenso_H1	0	0	0	0			
Lib3barcode93	montagens_Alouatta_palliata_cytomegalovirus	montagens_CALHV3	0	0	0	0			
Lib3barcode93	montagens_Alouatta_palliata_cytomegalovirus	montagens_Cebus_albifrons_lymphocryptovirus_1	0	0	0	0			
Lib3barcode93	montagens_Alouatta_palliata_cytomegalovirus	montagens_consenso_H1	0	0	0	0			
Lib3barcode93	montagens_CALHV3	montagens_Cebus_albifrons_lymphocryptovirus_1	0	0	0	0			
Lib3barcode93	montagens_CALHV3	montagens_consenso_H1	0	0	0	0			
Lib3barcode93	montagens_Cebus_albifrons_lymphocryptovirus_1	montagens_consenso_H1	0	0	0	0			
Lib3barcode94	montagem_LIB_3_HSV6	montagem_LIB_3_HSV7	0	0	0	0			
Lib3barcode94	montagem_LIB_3_HSV6	montagens_Alouatta_macconnelli_cytomegalovirus	0	0	0	0			
Lib3barcode94	montagem_LIB_3_HSV6	montagens_Alouatta_palliata_cytomegalovirus	0	0	0	0			
Lib3barcode94	montagem_LIB_3_HSV6	montagens_CALHV3	0	0	0	0			
Lib3barcode94	montagem_LIB_3_HSV6	montagens_Cebus_albifrons_lymphocryptovirus_1	0	0	0	0			
Lib3barcode94	montagem_LIB_3_HSV6	montagens_consenso_H1	0	0	0	0			
Lib3barcode94	montagem_LIB_3_HSV7	montagens_Alouatta_macconnelli_cytomegalovirus	0	0	0	0			
Lib3barcode94	montagem_LIB_3_HSV7	montagens_Alouatta_palliata_cytomegalovirus	0	0	0	0			
Lib3barcode94	montagem_LIB_3_HSV7	montagens_CALHV3	0	0	0	0			
Lib3barcode94	montagem_LIB_3_HSV7	montagens_Cebus_albifrons_lymphocryptovirus_1	0	0	0	0			
Lib3barcode94	montagem_LIB_3_HSV7	montagens_consenso_H1	0	0	0	0			
Lib3barcode94	montagens_Alouatta_macconnelli_cytomegalovirus	montagens_Alouatta_palliata_cytomegalovirus	0	0	0	0			
Lib3barcode94	montagens_Alouatta_macconnelli_cytomegalovirus	montagens_CALHV3	0	0	0	0			
Lib3barcode94	montagens_Alouatta_macconnelli_cytomegalovirus	montagens_Cebus_albifrons_lymphocryptovirus_1	0	0	0	0			
Lib3barcode94	montagens_Alouatta_macconnelli_cytomegalovirus	montagens_consenso_H1	0	0	0	0			
Lib3barcode94	montagens_Alouatta_palliata_cytomegalovirus	montagens_CALHV3	0	0	0	0			
Lib3barcode94	montagens_Alouatta_palliata_cytomegalovirus	montagens_Cebus_albifrons_lymphocryptovirus_1	0	0	0	0			
Lib3barcode94	montagens_Alouatta_palliata_cytomegalovirus	montagens_consenso_H1	0	0	0	0			
Lib3barcode94	montagens_CALHV3	montagens_Cebus_albifrons_lymphocryptovirus_1	0	0	0	0			
Lib3barcode94	montagens_CALHV3	montagens_consenso_H1	0	0	0	0			
Lib3barcode94	montagens_Cebus_albifrons_lymphocryptovirus_1	montagens_consenso_H1	0	0	0	0			
Lib3barcode95	montagem_LIB_3_HSV6	montagem_LIB_3_HSV7	0	0	0	0			
Lib3barcode95	montagem_LIB_3_HSV6	montagens_Alouatta_macconnelli_cytomegalovirus	0	0	0	0			
Lib3barcode95	montagem_LIB_3_HSV6	montagens_Alouatta_palliata_cytomegalovirus	0	0	0	0			
Lib3barcode95	montagem_LIB_3_HSV6	montagens_CALHV3	0	0	0	0			
Lib3barcode95	montagem_LIB_3_HSV6	montagens_Cebus_albifrons_lymphocryptovirus_1	0	0	0	0			
Lib3barcode95	montagem_LIB_3_HSV6	montagens_consenso_H1	0	0	0	0			
Lib3barcode95	montagem_LIB_3_HSV7	montagens_Alouatta_macconnelli_cytomegalovirus	0	0	0	0			
Lib3barcode95	montagem_LIB_3_HSV7	montagens_Alouatta_palliata_cytomegalovirus	0	0	0	0			
Lib3barcode95	montagem_LIB_3_HSV7	montagens_CALHV3	0	0	0	0			
Lib3barcode95	montagem_LIB_3_HSV7	montagens_Cebus_albifrons_lymphocryptovirus_1	0	0	0	0			
Lib3barcode95	montagem_LIB_3_HSV7	montagens_consenso_H1	0	0	0	0			
Lib3barcode95	montagens_Alouatta_macconnelli_cytomegalovirus	montagens_Alouatta_palliata_cytomegalovirus	0	0	0	0			
Lib3barcode95	montagens_Alouatta_macconnelli_cytomegalovirus	montagens_CALHV3	0	0	0	0			
Lib3barcode95	montagens_Alouatta_macconnelli_cytomegalovirus	montagens_Cebus_albifrons_lymphocryptovirus_1	0	0	0	0			
Lib3barcode95	montagens_Alouatta_macconnelli_cytomegalovirus	montagens_consenso_H1	0	0	0	0			
Lib3barcode95	montagens_Alouatta_palliata_cytomegalovirus	montagens_CALHV3	0	0	0	0			
Lib3barcode95	montagens_Alouatta_palliata_cytomegalovirus	montagens_Cebus_albifrons_lymphocryptovirus_1	0	0	0	0			
Lib3barcode95	montagens_Alouatta_palliata_cytomegalovirus	montagens_consenso_H1	0	0	0	0			
Lib3barcode95	montagens_CALHV3	montagens_Cebus_albifrons_lymphocryptovirus_1	0	0	0	0			
Lib3barcode95	montagens_CALHV3	montagens_consenso_H1	0	0	0	0			
Lib3barcode95	montagens_Cebus_albifrons_lymphocryptovirus_1	montagens_consenso_H1	0	0	0	0			
Lib3barcode96	montagem_LIB_3_HSV6	montagem_LIB_3_HSV7	0	0	0	0			
Lib3barcode96	montagem_LIB_3_HSV6	montagens_Alouatta_macconnelli_cytomegalovirus	0	0	0	0			
Lib3barcode96	montagem_LIB_3_HSV6	montagens_Alouatta_palliata_cytomegalovirus	0	0	0	0			
Lib3barcode96	montagem_LIB_3_HSV6	montagens_CALHV3	0	0	0	0			
Lib3barcode96	montagem_LIB_3_HSV6	montagens_Cebus_albifrons_lymphocryptovirus_1	0	0	0	0			
Lib3barcode96	montagem_LIB_3_HSV6	montagens_consenso_H1	0	0	0	0			
Lib3barcode96	montagem_LIB_3_HSV7	montagens_Alouatta_macconnelli_cytomegalovirus	0	0	0	0			
Lib3barcode96	montagem_LIB_3_HSV7	montagens_Alouatta_palliata_cytomegalovirus	0	0	0	0			
Lib3barcode96	montagem_LIB_3_HSV7	montagens_CALHV3	0	0	0	0			
Lib3barcode96	montagem_LIB_3_HSV7	montagens_Cebus_albifrons_lymphocryptovirus_1	0	0	0	0			
Lib3barcode96	montagem_LIB_3_HSV7	montagens_consenso_H1	0	0	0	0			
Lib3barcode96	montagens_Alouatta_macconnelli_cytomegalovirus	montagens_Alouatta_palliata_cytomegalovirus	0	0	0	0			
Lib3barcode96	montagens_Alouatta_macconnelli_cytomegalovirus	montagens_CALHV3	0	0	0	0			
Lib3barcode96	montagens_Alouatta_macconnelli_cytomegalovirus	montagens_Cebus_albifrons_lymphocryptovirus_1	0	0	0	0			
Lib3barcode96	montagens_Alouatta_macconnelli_cytomegalovirus	montagens_consenso_H1	0	0	0	0			
Lib3barcode96	montagens_Alouatta_palliata_cytomegalovirus	montagens_CALHV3	0	0	0	0			
Lib3barcode96	montagens_Alouatta_palliata_cytomegalovirus	montagens_Cebus_albifrons_lymphocryptovirus_1	0	0	0	0			
Lib3barcode96	montagens_Alouatta_palliata_cytomegalovirus	montagens_consenso_H1	0	0	0	0			
Lib3barcode96	montagens_CALHV3	montagens_Cebus_albifrons_lymphocryptovirus_1	0	0	0	0			
Lib3barcode96	montagens_CALHV3	montagens_consenso_H1	0	0	0	0			
Lib3barcode96	montagens_Cebus_albifrons_lymphocryptovirus_1	montagens_consenso_H1	0	0	0	0			
