execution	qc_flags	input_reads_competitive	mapped_any_target	unmapped	reads_one_reported_target	reads_multiple_reported_targets	reads_unique_best_AS	reads_tied_best_AS	dedup_records_removed	dedup_fraction_removed	dedup_duplicate_ids_resolved	dedup_conflicting_ids_resolved	multitarget_fraction_of_mapped	tied_fraction_of_mapped	locus_signal_model	taxonomic_resolution_note	two_haplotype_evidence	meta_library	meta_barcode	meta_barcode_number	meta_n_targets	meta_targets	meta_present_in_blast_folder	meta_n_raw_fastq_copies	meta_n_trimmed_fastq_copies	meta_raw_fastq_unique_sizes	meta_trimmed_fastq_unique_sizes	meta_raw_fastq_consistent_size	meta_trimmed_fastq_consistent_size	orig_library	orig_barcode	orig_total_reads	orig_kraken_classified	orig_kraken_taxon	orig_kraken_rank	orig_kraken_taxid	orig_kraken_genus	orig_kraken_genus_taxid	orig_kraken_clade_reads	orig_kraken_direct_reads	orig_kraken_minimizers	orig_kraken_distinct_minimizers	orig_kraken_distinct_fraction	orig_blast_filtered_reads	orig_blast_strong_reads	orig_blast_divergent_reads	orig_blast_top_class	orig_blast_top_taxid	orig_blast_top_organism	orig_blast_genus	orig_blast_genus_taxid	orig_blast_top_support_reads	orig_best_pident	orig_best_coverage	orig_best_aln_len	orig_best_bitscore	orig_concordance	orig_evidence_level	orig_status	fastq_raw_same_content_7_targets	fastq_trimmed_same_content_7_targets	fastq_content_validation_status	original_evidence_category	original_top_organism	original_status
Lib1barcode41	OK	2831	960	1871	960	0	960	0	0	0.0	0	0	0.0	0.0				Lib1	barcode41	41	7	montagem_LIB_3_HSV6;montagem_LIB_3_HSV7;montagens_Alouatta_macconnelli_cytomegalovirus;montagens_Alouatta_palliata_cytomegalovirus;montagens_CALHV3;montagens_Cebus_albifrons_lymphocryptovirus_1;montagens_consenso_H1	1	7	7	997753	766867;766887;766925;767013;767338;767408;767497	1	0	Lib1	barcode41	3428	1030	Lymphocryptovirus callitrichinegamma3	S	3050250	Lymphocryptovirus	10375	148	0	1200	45	3.75	972	348	624	FORTE	106331	callitrichine gammaherpesvirus 3	Lymphocryptovirus	10375	348	99.123	99.56	228	403.0	SIM_HIERARQUICA	A_MUITO_FORTE	OK	1	1	VALIDATED_SAME_CONTENT_7_TARGETS	A_MUITO_FORTE	Lymphocryptovirus callitrichinegamma3	OK
Lib1barcode42	OK	1018	626	392	626	0	626	0	0	0.0	0	0	0.0	0.0				Lib1	barcode42	42	7	montagem_LIB_3_HSV6;montagem_LIB_3_HSV7;montagens_Alouatta_macconnelli_cytomegalovirus;montagens_Alouatta_palliata_cytomegalovirus;montagens_CALHV3;montagens_Cebus_albifrons_lymphocryptovirus_1;montagens_consenso_H1	1	7	7	463649	339441;339459;339522;339558;339617;339635;339709	1	0	Lib1	barcode42	1266	818	Simplexvirus humanalpha1	S	3050292	Simplexvirus	10294	223	0	2587	312	12.06	753	130	623	FORTE	10298	Human alphaherpesvirus 1	Simplexvirus	10294	125	97.767	97.58	403	682.0	SIM_HIERARQUICA	A_MUITO_FORTE	OK	1	1	VALIDATED_SAME_CONTENT_7_TARGETS	A_MUITO_FORTE	Simplexvirus humanalpha1	OK
Lib1barcode43	OK	1469	783	686	783	0	783	0	0	0.0	0	0	0.0	0.0				Lib1	barcode43	43	7	montagem_LIB_3_HSV6;montagem_LIB_3_HSV7;montagens_Alouatta_macconnelli_cytomegalovirus;montagens_Alouatta_palliata_cytomegalovirus;montagens_CALHV3;montagens_Cebus_albifrons_lymphocryptovirus_1;montagens_consenso_H1	1	7	7	495228	363457;363503;363589;363703;363741;363891;364074	1	0	Lib1	barcode43	1807	868	Lymphocryptovirus callitrichinegamma3	S	3050250	Lymphocryptovirus	10375	109	0	904	46	5.09	806	195	611	FORTE	106331	callitrichine gammaherpesvirus 3	Lymphocryptovirus	10375	194	98.246	99.56	228	394.0	SIM_HIERARQUICA	A_MUITO_FORTE	OK	1	1	VALIDATED_SAME_CONTENT_7_TARGETS	A_MUITO_FORTE	Lymphocryptovirus callitrichinegamma3	OK
Lib1barcode44	OK	477	157	320	157	0	157	0	0	0.0	0	0	0.0	0.0				Lib1	barcode44	44	7	montagem_LIB_3_HSV6;montagem_LIB_3_HSV7;montagens_Alouatta_macconnelli_cytomegalovirus;montagens_Alouatta_palliata_cytomegalovirus;montagens_CALHV3;montagens_Cebus_albifrons_lymphocryptovirus_1;montagens_consenso_H1	1	7	7	187913	138209;138336;138358;138375;138464;138512;138531	1	0	Lib1	barcode44	574	174	Lymphocryptovirus callitrichinegamma3	S	3050250	Lymphocryptovirus	10375	21	0	194	34	17.53	166	53	113	FORTE	106331	callitrichine gammaherpesvirus 3	Lymphocryptovirus	10375	53	98.222	87.89	225	389.0	SIM_HIERARQUICA	A_MUITO_FORTE	OK	1	1	VALIDATED_SAME_CONTENT_7_TARGETS	A_MUITO_FORTE	Lymphocryptovirus callitrichinegamma3	OK
Lib1barcode45	OK	1972	470	1502	470	0	470	0	0	0.0	0	0	0.0	0.0				Lib1	barcode45	45	7	montagem_LIB_3_HSV6;montagem_LIB_3_HSV7;montagens_Alouatta_macconnelli_cytomegalovirus;montagens_Alouatta_palliata_cytomegalovirus;montagens_CALHV3;montagens_Cebus_albifrons_lymphocryptovirus_1;montagens_consenso_H1	1	7	7	684833	531174;531249;531458;531472;531832;531904;531927	1	0	Lib1	barcode45	2378	508	Lymphocryptovirus callitrichinegamma3	S	3050250	Lymphocryptovirus	10375	84	0	624	42	6.73	494	178	316	FORTE	106331	callitrichine gammaherpesvirus 3	Lymphocryptovirus	10375	178	98.690	100.00	229	400.0	SIM_HIERARQUICA	A_MUITO_FORTE	OK	1	1	VALIDATED_SAME_CONTENT_7_TARGETS	A_MUITO_FORTE	Lymphocryptovirus callitrichinegamma3	OK
Lib1barcode46	OK	2275	620	1655	620	0	620	0	0	0.0	0	0	0.0	0.0				Lib1	barcode46	46	7	montagem_LIB_3_HSV6;montagem_LIB_3_HSV7;montagens_Alouatta_macconnelli_cytomegalovirus;montagens_Alouatta_palliata_cytomegalovirus;montagens_CALHV3;montagens_Cebus_albifrons_lymphocryptovirus_1;montagens_consenso_H1	1	7	7	784492	599666;599667;599720;599829;599843;600139;600224	1	0	Lib1	barcode46	2815	672	Lymphocryptovirus callitrichinegamma3	S	3050250	Lymphocryptovirus	10375	91	0	791	50	6.32	636	220	416	FORTE	106331	callitrichine gammaherpesvirus 3	Lymphocryptovirus	10375	219	98.684	99.56	228	398.0	SIM_HIERARQUICA	A_MUITO_FORTE	OK	1	1	VALIDATED_SAME_CONTENT_7_TARGETS	A_MUITO_FORTE	Lymphocryptovirus callitrichinegamma3	OK
Lib1barcode47	OK	3162	409	2753	409	0	409	0	0	0.0	0	0	0.0	0.0				Lib1	barcode47	47	7	montagem_LIB_3_HSV6;montagem_LIB_3_HSV7;montagens_Alouatta_macconnelli_cytomegalovirus;montagens_Alouatta_palliata_cytomegalovirus;montagens_CALHV3;montagens_Cebus_albifrons_lymphocryptovirus_1;montagens_consenso_H1	1	7	7	932615	688364;688588;688662;688809;688836;688889;688898	1	0	Lib1	barcode47	4049	441	Lymphocryptovirus callitrichinegamma3	S	3050250	Lymphocryptovirus	10375	108	0	814	31	3.81	406	144	262	FORTE	106331	callitrichine gammaherpesvirus 3	Lymphocryptovirus	10375	144	99.123	99.56	228	403.0	SIM_HIERARQUICA	A_MUITO_FORTE	OK	1	1	VALIDATED_SAME_CONTENT_7_TARGETS	A_MUITO_FORTE	Lymphocryptovirus callitrichinegamma3	OK
Lib1barcode48	OK	1753	229	1524	229	0	229	0	0	0.0	0	0	0.0	0.0				Lib1	barcode48	48	7	montagem_LIB_3_HSV6;montagem_LIB_3_HSV7;montagens_Alouatta_macconnelli_cytomegalovirus;montagens_Alouatta_palliata_cytomegalovirus;montagens_CALHV3;montagens_Cebus_albifrons_lymphocryptovirus_1;montagens_consenso_H1	1	7	7	662085	494822;495056;495383;495458;495461;495547;495606	1	0	Lib1	barcode48	2188	265	Lymphocryptovirus callitrichinegamma3	S	3050250	Lymphocryptovirus	10375	57	0	440	34	7.73	248	86	162	FORTE	106331	callitrichine gammaherpesvirus 3	Lymphocryptovirus	10375	86	98.684	99.56	228	398.0	SIM_HIERARQUICA	A_MUITO_FORTE	OK	1	1	VALIDATED_SAME_CONTENT_7_TARGETS	A_MUITO_FORTE	Lymphocryptovirus callitrichinegamma3	OK
Lib1barcode49	OK	265	77	188	77	0	77	0	0	0.0	0	0	0.0	0.0				Lib1	barcode49	49	7	montagem_LIB_3_HSV6;montagem_LIB_3_HSV7;montagens_Alouatta_macconnelli_cytomegalovirus;montagens_Alouatta_palliata_cytomegalovirus;montagens_CALHV3;montagens_Cebus_albifrons_lymphocryptovirus_1;montagens_consenso_H1	1	7	7	128121	102087;102140;102153;102160;102185;102204;102413	1	0	Lib1	barcode49	298	79	Lymphocryptovirus callitrichinegamma3	S	3050250	Lymphocryptovirus	10375	11	0	84	26	30.95	76	23	53	FORTE	106331	callitrichine gammaherpesvirus 3	Lymphocryptovirus	10375	23	96.930	100.44	228	378.0	SIM_HIERARQUICA	A_MUITO_FORTE	OK	1	1	VALIDATED_SAME_CONTENT_7_TARGETS	A_MUITO_FORTE	Lymphocryptovirus callitrichinegamma3	OK
Lib1barcode50	OK	951	586	365	586	0	586	0	0	0.0	0	0	0.0	0.0				Lib1	barcode50	50	7	montagem_LIB_3_HSV6;montagem_LIB_3_HSV7;montagens_Alouatta_macconnelli_cytomegalovirus;montagens_Alouatta_palliata_cytomegalovirus;montagens_CALHV3;montagens_Cebus_albifrons_lymphocryptovirus_1;montagens_consenso_H1	1	7	7	490669	370501;370538;370753;370758;370849;370857;370884	1	0	Lib1	barcode50	1170	758	Simplexvirus humanalpha1	S	3050292	Simplexvirus	10294	210	0	2635	329	12.49	712	133	579	FORTE	10298	Human alphaherpesvirus 1	Simplexvirus	10294	132	98.259	96.87	402	687.0	SIM_HIERARQUICA	A_MUITO_FORTE	OK	1	1	VALIDATED_SAME_CONTENT_7_TARGETS	A_MUITO_FORTE	Simplexvirus humanalpha1	OK
Lib1barcode51	OK	1235	742	493	742	0	742	0	0	0.0	0	0	0.0	0.0				Lib1	barcode51	51	7	montagem_LIB_3_HSV6;montagem_LIB_3_HSV7;montagens_Alouatta_macconnelli_cytomegalovirus;montagens_Alouatta_palliata_cytomegalovirus;montagens_CALHV3;montagens_Cebus_albifrons_lymphocryptovirus_1;montagens_consenso_H1	1	7	7	417340	305102;305182;305315;305411;305450;305460;305534	1	0	Lib1	barcode51	1505	819	Lymphocryptovirus callitrichinegamma3	S	3050250	Lymphocryptovirus	10375	99	0	832	40	4.81	762	172	590	FORTE	106331	callitrichine gammaherpesvirus 3	Lymphocryptovirus	10375	169	98.261	99.57	230	395.0	SIM_HIERARQUICA	A_MUITO_FORTE	OK	1	1	VALIDATED_SAME_CONTENT_7_TARGETS	A_MUITO_FORTE	Lymphocryptovirus callitrichinegamma3	OK
Lib1barcode52	OK	2012	622	1390	622	0	622	0	0	0.0	0	0	0.0	0.0				Lib1	barcode52	52	7	montagem_LIB_3_HSV6;montagem_LIB_3_HSV7;montagens_Alouatta_macconnelli_cytomegalovirus;montagens_Alouatta_palliata_cytomegalovirus;montagens_CALHV3;montagens_Cebus_albifrons_lymphocryptovirus_1;montagens_consenso_H1	1	7	7	702790	506854;506967;506976;507031;507096;507131;507432	1	0	Lib1	barcode52	2565	664	Lymphocryptovirus callitrichinegamma3	S	3050250	Lymphocryptovirus	10375	81	0	753	44	5.84	622	195	427	FORTE	106331	callitrichine gammaherpesvirus 3	Lymphocryptovirus	10375	194	98.684	99.56	228	398.0	SIM_HIERARQUICA	A_MUITO_FORTE	OK	1	1	VALIDATED_SAME_CONTENT_7_TARGETS	A_MUITO_FORTE	Lymphocryptovirus callitrichinegamma3	OK
Lib1barcode53	OK	4436	1082	3354	1082	0	1082	0	0	0.0	0	0	0.0	0.0				Lib1	barcode53	53	7	montagem_LIB_3_HSV6;montagem_LIB_3_HSV7;montagens_Alouatta_macconnelli_cytomegalovirus;montagens_Alouatta_palliata_cytomegalovirus;montagens_CALHV3;montagens_Cebus_albifrons_lymphocryptovirus_1;montagens_consenso_H1	1	7	7	1500894	1169083;1169161;1169300;1169475;1170054;1170239;1170301	1	0	Lib1	barcode53	5347	1141	Lymphocryptovirus callitrichinegamma3	S	3050250	Lymphocryptovirus	10375	155	0	1340	47	3.51	1101	379	722	FORTE	106331	callitrichine gammaherpesvirus 3	Lymphocryptovirus	10375	379	98.690	100.00	229	400.0	SIM_HIERARQUICA	A_MUITO_FORTE	OK	1	1	VALIDATED_SAME_CONTENT_7_TARGETS	A_MUITO_FORTE	Lymphocryptovirus callitrichinegamma3	OK
Lib1barcode54	OK	2759	801	1958	801	0	801	0	0	0.0	0	0	0.0	0.0				Lib1	barcode54	54	7	montagem_LIB_3_HSV6;montagem_LIB_3_HSV7;montagens_Alouatta_macconnelli_cytomegalovirus;montagens_Alouatta_palliata_cytomegalovirus;montagens_CALHV3;montagens_Cebus_albifrons_lymphocryptovirus_1;montagens_consenso_H1	1	7	7	947795	728458;728473;728755;729000;729005;729170;729262	1	0	Lib1	barcode54	3393	868	Lymphocryptovirus callitrichinegamma3	S	3050250	Lymphocryptovirus	10375	118	0	999	46	4.60	820	263	557	FORTE	106331	callitrichine gammaherpesvirus 3	Lymphocryptovirus	10375	262	98.246	99.56	228	394.0	SIM_HIERARQUICA	A_MUITO_FORTE	OK	1	1	VALIDATED_SAME_CONTENT_7_TARGETS	A_MUITO_FORTE	Lymphocryptovirus callitrichinegamma3	OK
Lib1barcode55	OK	3035	416	2619	416	0	416	0	0	0.0	0	0	0.0	0.0				Lib1	barcode55	55	7	montagem_LIB_3_HSV6;montagem_LIB_3_HSV7;montagens_Alouatta_macconnelli_cytomegalovirus;montagens_Alouatta_palliata_cytomegalovirus;montagens_CALHV3;montagens_Cebus_albifrons_lymphocryptovirus_1;montagens_consenso_H1	1	7	7	886006	662999;663154;663156;663209;663324;663440;663496	1	0	Lib1	barcode55	3815	438	Lymphocryptovirus callitrichinegamma3	S	3050250	Lymphocryptovirus	10375	121	0	811	35	4.32	386	148	238	FORTE	106331	callitrichine gammaherpesvirus 3	Lymphocryptovirus	10375	148	99.123	99.56	228	403.0	SIM_HIERARQUICA	A_MUITO_FORTE	OK	1	1	VALIDATED_SAME_CONTENT_7_TARGETS	A_MUITO_FORTE	Lymphocryptovirus callitrichinegamma3	OK
Lib1barcode56	OK	2648	374	2274	374	0	374	0	0	0.0	0	0	0.0	0.0				Lib1	barcode56	56	7	montagem_LIB_3_HSV6;montagem_LIB_3_HSV7;montagens_Alouatta_macconnelli_cytomegalovirus;montagens_Alouatta_palliata_cytomegalovirus;montagens_CALHV3;montagens_Cebus_albifrons_lymphocryptovirus_1;montagens_consenso_H1	1	7	7	986356	730051;730166;730446;730499;730641;730644;730762	1	0	Lib1	barcode56	3406	411	Lymphocryptovirus callitrichinegamma3	S	3050250	Lymphocryptovirus	10375	91	0	704	41	5.82	398	138	260	FORTE	106331	callitrichine gammaherpesvirus 3	Lymphocryptovirus	10375	138	99.123	99.56	228	403.0	SIM_HIERARQUICA	A_MUITO_FORTE	OK	1	1	VALIDATED_SAME_CONTENT_7_TARGETS	A_MUITO_FORTE	Lymphocryptovirus callitrichinegamma3	OK
Lib1barcode57	OK	3733	2190	1543	2190	0	2190	0	0	0.0	0	0	0.0	0.0				Lib1	barcode57	57	7	montagem_LIB_3_HSV6;montagem_LIB_3_HSV7;montagens_Alouatta_macconnelli_cytomegalovirus;montagens_Alouatta_palliata_cytomegalovirus;montagens_CALHV3;montagens_Cebus_albifrons_lymphocryptovirus_1;montagens_consenso_H1	1	7	7	1131717	837815;838238;838540;838719;838811;838841;839090	1	0	Lib1	barcode57	4478	2323	Lymphocryptovirus callitrichinegamma3	S	3050250	Lymphocryptovirus	10375	312	0	2629	71	2.70	2213	811	1402	FORTE	106331	callitrichine gammaherpesvirus 3	Lymphocryptovirus	10375	810	98.684	99.56	228	398.0	SIM_HIERARQUICA	A_MUITO_FORTE	OK	1	1	VALIDATED_SAME_CONTENT_7_TARGETS	A_MUITO_FORTE	Lymphocryptovirus callitrichinegamma3	OK
Lib1barcode58	OK	6739	446	6293	446	0	446	0	0	0.0	0	0	0.0	0.0				Lib1	barcode58	58	7	montagem_LIB_3_HSV6;montagem_LIB_3_HSV7;montagens_Alouatta_macconnelli_cytomegalovirus;montagens_Alouatta_palliata_cytomegalovirus;montagens_CALHV3;montagens_Cebus_albifrons_lymphocryptovirus_1;montagens_consenso_H1	1	7	7	2507096	1951098;1951663;1951677;1952248;1952378;1952388;1952460	1	0	Lib1	barcode58	8279	475	Simplexvirus humanalpha1	S	3050292	Simplexvirus	10294	53	0	659	216	32.78	450	115	335	FORTE	10298	Human alphaherpesvirus 1	Simplexvirus	10294	115	97.512	96.63	402	666.0	SIM_HIERARQUICA	A_MUITO_FORTE	OK	1	1	VALIDATED_SAME_CONTENT_7_TARGETS	A_MUITO_FORTE	Simplexvirus humanalpha1	OK
Lib1barcode59	OK	2863	1543	1320	1543	0	1543	0	0	0.0	0	0	0.0	0.0				Lib1	barcode59	59	7	montagem_LIB_3_HSV6;montagem_LIB_3_HSV7;montagens_Alouatta_macconnelli_cytomegalovirus;montagens_Alouatta_palliata_cytomegalovirus;montagens_CALHV3;montagens_Cebus_albifrons_lymphocryptovirus_1;montagens_consenso_H1	1	7	7	1006225	755680;755947;756063;756185;756235;756252;756766	1	0	Lib1	barcode59	3396	1635	Lymphocryptovirus callitrichinegamma3	S	3050250	Lymphocryptovirus	10375	209	0	1853	52	2.81	1556	622	934	FORTE	106331	callitrichine gammaherpesvirus 3	Lymphocryptovirus	10375	621	99.123	99.56	228	403.0	SIM_HIERARQUICA	A_MUITO_FORTE	OK	1	1	VALIDATED_SAME_CONTENT_7_TARGETS	A_MUITO_FORTE	Lymphocryptovirus callitrichinegamma3	OK
Lib1barcode60	OK	371	214	157	214	0	214	0	0	0.0	0	0	0.0	0.0				Lib1	barcode60	60	7	montagem_LIB_3_HSV6;montagem_LIB_3_HSV7;montagens_Alouatta_macconnelli_cytomegalovirus;montagens_Alouatta_palliata_cytomegalovirus;montagens_CALHV3;montagens_Cebus_albifrons_lymphocryptovirus_1;montagens_consenso_H1	1	7	7	122032	85347;85367;85381;85387;85411;85458;85459	1	0	Lib1	barcode60	446	225	Lymphocryptovirus callitrichinegamma3	S	3050250	Lymphocryptovirus	10375	28	0	240	27	11.25	218	85	133	FORTE	106331	callitrichine gammaherpesvirus 3	Lymphocryptovirus	10375	84	98.684	99.56	228	398.0	SIM_HIERARQUICA	A_MUITO_FORTE	OK	1	1	VALIDATED_SAME_CONTENT_7_TARGETS	A_MUITO_FORTE	Lymphocryptovirus callitrichinegamma3	OK
Lib1barcode61	OK	1828	1109	719	1109	0	1109	0	0	0.0	0	0	0.0	0.0				Lib1	barcode61	61	7	montagem_LIB_3_HSV6;montagem_LIB_3_HSV7;montagens_Alouatta_macconnelli_cytomegalovirus;montagens_Alouatta_palliata_cytomegalovirus;montagens_CALHV3;montagens_Cebus_albifrons_lymphocryptovirus_1;montagens_consenso_H1	1	7	7	623815	462822;462875;462929;463198;463244;463253;463434	1	0	Lib1	barcode61	2177	1226	Lymphocryptovirus callitrichinegamma3	S	3050250	Lymphocryptovirus	10375	427	0	2039	55	2.70	1171	202	969	FORTE	106331	callitrichine gammaherpesvirus 3	Lymphocryptovirus	10375	193	96.507	100.00	229	378.0	SIM_HIERARQUICA	A_MUITO_FORTE	OK	1	1	VALIDATED_SAME_CONTENT_7_TARGETS	A_MUITO_FORTE	Lymphocryptovirus callitrichinegamma3	OK
Lib1barcode62	OK	2028	1207	821	1207	0	1207	0	0	0.0	0	0	0.0	0.0				Lib1	barcode62	62	7	montagem_LIB_3_HSV6;montagem_LIB_3_HSV7;montagens_Alouatta_macconnelli_cytomegalovirus;montagens_Alouatta_palliata_cytomegalovirus;montagens_CALHV3;montagens_Cebus_albifrons_lymphocryptovirus_1;montagens_consenso_H1	1	7	7	639141	477075;477217;477272;477412;477422;477503	1	0	Lib1	barcode62	2370	1286	Lymphocryptovirus callitrichinegamma3	S	3050250	Lymphocryptovirus	10375	439	0	2134	55	2.58	1260	209	1051	FORTE	106331	callitrichine gammaherpesvirus 3	Lymphocryptovirus	10375	204	97.807	99.56	228	389.0	SIM_HIERARQUICA	A_MUITO_FORTE	OK	1	1	VALIDATED_SAME_CONTENT_7_TARGETS	A_MUITO_FORTE	Lymphocryptovirus callitrichinegamma3	OK
Lib1barcode63	OK	3627	1580	2047	1580	0	1580	0	0	0.0	0	0	0.0	0.0				Lib1	barcode63	63	7	montagem_LIB_3_HSV6;montagem_LIB_3_HSV7;montagens_Alouatta_macconnelli_cytomegalovirus;montagens_Alouatta_palliata_cytomegalovirus;montagens_CALHV3;montagens_Cebus_albifrons_lymphocryptovirus_1;montagens_consenso_H1	1	7	7	1178945	887685;888115;888368;888675;888711;888718;888785	1	0	Lib1	barcode63	4344	1650	Lymphocryptovirus callitrichinegamma3	S	3050250	Lymphocryptovirus	10375	269	0	2162	54	2.50	1592	778	814	FORTE	106331	callitrichine gammaherpesvirus 3	Lymphocryptovirus	10375	778	98.684	99.56	228	398.0	SIM_HIERARQUICA	A_MUITO_FORTE	OK	1	1	VALIDATED_SAME_CONTENT_7_TARGETS	A_MUITO_FORTE	Lymphocryptovirus callitrichinegamma3	OK
Lib1barcode64	OK	1874	383	1491	383	0	383	0	0	0.0	0	0	0.0	0.0				Lib1	barcode64	64	7	montagem_LIB_3_HSV6;montagem_LIB_3_HSV7;montagens_Alouatta_macconnelli_cytomegalovirus;montagens_Alouatta_palliata_cytomegalovirus;montagens_CALHV3;montagens_Cebus_albifrons_lymphocryptovirus_1;montagens_consenso_H1	1	7	7	671371	492944;492968;493205;493472;493520;493680;493997	1	0	Lib1	barcode64	2370	399	Lymphocryptovirus callitrichinegamma3	S	3050250	Lymphocryptovirus	10375	50	0	456	39	8.55	378	147	231	FORTE	106331	callitrichine gammaherpesvirus 3	Lymphocryptovirus	10375	147	98.253	89.11	229	396.0	SIM_HIERARQUICA	A_MUITO_FORTE	OK	1	1	VALIDATED_SAME_CONTENT_7_TARGETS	A_MUITO_FORTE	Lymphocryptovirus callitrichinegamma3	OK
Lib1barcode65	OK	4628	972	3656	972	0	972	0	0	0.0	0	0	0.0	0.0				Lib1	barcode65	65	7	montagem_LIB_3_HSV6;montagem_LIB_3_HSV7;montagens_Alouatta_macconnelli_cytomegalovirus;montagens_Alouatta_palliata_cytomegalovirus;montagens_CALHV3;montagens_Cebus_albifrons_lymphocryptovirus_1;montagens_consenso_H1	1	7	7	1634122	1258685;1259025;1259186;1259205;1259561;1259787;1260476	1	0	Lib1	barcode65	5617	1031	Simplexvirus humanalpha1	S	3050292	Simplexvirus	10294	150	0	1650	272	16.48	989	260	729	FORTE	10298	Human alphaherpesvirus 1	Simplexvirus	10294	259	96.693	97.35	514	835.0	SIM_HIERARQUICA	A_MUITO_FORTE	OK	1	1	VALIDATED_SAME_CONTENT_7_TARGETS	A_MUITO_FORTE	Simplexvirus humanalpha1	OK
Lib1barcode66	OK	2701	572	2129	572	0	572	0	0	0.0	0	0	0.0	0.0				Lib1	barcode66	66	7	montagem_LIB_3_HSV6;montagem_LIB_3_HSV7;montagens_Alouatta_macconnelli_cytomegalovirus;montagens_Alouatta_palliata_cytomegalovirus;montagens_CALHV3;montagens_Cebus_albifrons_lymphocryptovirus_1;montagens_consenso_H1	1	7	7	950514	732254;732539;732601;732822;732933;733006;734230	1	0	Lib1	barcode66	3212	587	Lymphocryptovirus callitrichinegamma3	S	3050250	Lymphocryptovirus	10375	109	0	834	36	4.32	560	274	286	FORTE	106331	callitrichine gammaherpesvirus 3	Lymphocryptovirus	10375	274	98.690	100.00	229	400.0	SIM_HIERARQUICA	A_MUITO_FORTE	OK	1	1	VALIDATED_SAME_CONTENT_7_TARGETS	A_MUITO_FORTE	Lymphocryptovirus callitrichinegamma3	OK
Lib1barcode67	OK	3459	1336	2123	1336	0	1336	0	0	0.0	0	0	0.0	0.0				Lib1	barcode67	67	7	montagem_LIB_3_HSV6;montagem_LIB_3_HSV7;montagens_Alouatta_macconnelli_cytomegalovirus;montagens_Alouatta_palliata_cytomegalovirus;montagens_CALHV3;montagens_Cebus_albifrons_lymphocryptovirus_1;montagens_consenso_H1	1	7	7	1138332	852276;852402;852625;852798;852917;853051;853244	1	0	Lib1	barcode67	4207	1391	Lymphocryptovirus callitrichinegamma3	S	3050250	Lymphocryptovirus	10375	230	0	1926	58	3.01	1355	701	654	FORTE	106331	callitrichine gammaherpesvirus 3	Lymphocryptovirus	10375	701	98.684	88.72	228	398.0	SIM_HIERARQUICA	A_MUITO_FORTE	OK	1	1	VALIDATED_SAME_CONTENT_7_TARGETS	A_MUITO_FORTE	Lymphocryptovirus callitrichinegamma3	OK
Lib1barcode68	OK	2968	587	2381	587	0	587	0	0	0.0	0	0	0.0	0.0				Lib1	barcode68	68	7	montagem_LIB_3_HSV6;montagem_LIB_3_HSV7;montagens_Alouatta_macconnelli_cytomegalovirus;montagens_Alouatta_palliata_cytomegalovirus;montagens_CALHV3;montagens_Cebus_albifrons_lymphocryptovirus_1;montagens_consenso_H1	1	7	7	1042837	782785;782968;783203;783285;783358;783710;783770	1	0	Lib1	barcode68	3629	618	Lymphocryptovirus callitrichinegamma3	S	3050250	Lymphocryptovirus	10375	210	0	1438	40	2.78	597	352	245	FORTE	106331	callitrichine gammaherpesvirus 3	Lymphocryptovirus	10375	352	99.127	100.00	229	405.0	SIM_HIERARQUICA	A_MUITO_FORTE	OK	1	1	VALIDATED_SAME_CONTENT_7_TARGETS	A_MUITO_FORTE	Lymphocryptovirus callitrichinegamma3	OK
Lib1barcode69	OK	4730	0	4730	0	0	0	0	0	0.0	0	0						Lib1	barcode69	69	7	montagem_LIB_3_HSV6;montagem_LIB_3_HSV7;montagens_Alouatta_macconnelli_cytomegalovirus;montagens_Alouatta_palliata_cytomegalovirus;montagens_CALHV3;montagens_Cebus_albifrons_lymphocryptovirus_1;montagens_consenso_H1	1	7	7	1812216	1401262;1401311;1402049;1402099;1402201;1402356;1402414	1	0	Lib1	barcode69	5835	0						0	0	0	0	0.00	0	0	0						0					NAO	SEM_EVIDENCIA	OK	1	1	VALIDATED_SAME_CONTENT_7_TARGETS	SEM_EVIDENCIA		OK
Lib1barcode70	OK	1278	430	848	430	0	430	0	0	0.0	0	0	0.0	0.0				Lib1	barcode70	70	7	montagem_LIB_3_HSV6;montagem_LIB_3_HSV7;montagens_Alouatta_macconnelli_cytomegalovirus;montagens_Alouatta_palliata_cytomegalovirus;montagens_CALHV3;montagens_Cebus_albifrons_lymphocryptovirus_1;montagens_consenso_H1	1	7	7	571380	468084;468118;468312;468553;468716;468717;468755	1	0	Lib1	barcode70	1459	450	Lymphocryptovirus callitrichinegamma3	S	3050250	Lymphocryptovirus	10375	69	0	558	53	9.50	427	181	246	FORTE	106331	callitrichine gammaherpesvirus 3	Lymphocryptovirus	10375	181	99.123	99.56	228	403.0	SIM_HIERARQUICA	A_MUITO_FORTE	OK	1	1	VALIDATED_SAME_CONTENT_7_TARGETS	A_MUITO_FORTE	Lymphocryptovirus callitrichinegamma3	OK
Lib1barcode71	OK	4348	0	4348	0	0	0	0	0	0.0	0	0						Lib1	barcode71	71	7	montagem_LIB_3_HSV6;montagem_LIB_3_HSV7;montagens_Alouatta_macconnelli_cytomegalovirus;montagens_Alouatta_palliata_cytomegalovirus;montagens_CALHV3;montagens_Cebus_albifrons_lymphocryptovirus_1;montagens_consenso_H1	1	7	7	1610432	1253291;1254494;1254646;1254772;1255353;1255453;1255858	1	0	Lib1	barcode71	5279	0						0	0	0	0	0.00	0	0	0						0					NAO	SEM_EVIDENCIA	OK	1	1	VALIDATED_SAME_CONTENT_7_TARGETS	SEM_EVIDENCIA		OK
Lib1barcode72	OK	4492	381	4111	381	0	381	0	0	0.0	0	0	0.0	0.0				Lib1	barcode72	72	7	montagem_LIB_3_HSV6;montagem_LIB_3_HSV7;montagens_Alouatta_macconnelli_cytomegalovirus;montagens_Alouatta_palliata_cytomegalovirus;montagens_CALHV3;montagens_Cebus_albifrons_lymphocryptovirus_1;montagens_consenso_H1	1	7	7	1851573	1452534;1452657;1452967;1453143;1453275;1453761;1453885	1	0	Lib1	barcode72	5457	419	Simplexvirus humanalpha1	S	3050292	Simplexvirus	10294	80	0	1057	217	20.53	413	139	274	FORTE	10298	Human alphaherpesvirus 1	Simplexvirus	10294	138	97.257	96.39	401	667.0	SIM_HIERARQUICA	A_MUITO_FORTE	OK	1	1	VALIDATED_SAME_CONTENT_7_TARGETS	A_MUITO_FORTE	Simplexvirus humanalpha1	OK
Lib1barcode73	OK	7092	0	7092	0	0	0	0	0	0.0	0	0						Lib1	barcode73	73	7	montagem_LIB_3_HSV6;montagem_LIB_3_HSV7;montagens_Alouatta_macconnelli_cytomegalovirus;montagens_Alouatta_palliata_cytomegalovirus;montagens_CALHV3;montagens_Cebus_albifrons_lymphocryptovirus_1;montagens_consenso_H1	1	7	7	2928735	2285173;2285394;2286017;2286083;2286151;2286328;2287037	1	0	Lib1	barcode73	8669	0						0	0	0	0	0.00	0	0	0						0					NAO	SEM_EVIDENCIA	OK	1	1	VALIDATED_SAME_CONTENT_7_TARGETS	SEM_EVIDENCIA		OK
Lib1barcode74	OK	3643	588	3055	588	0	588	0	0	0.0	0	0	0.0	0.0				Lib1	barcode74	74	7	montagem_LIB_3_HSV6;montagem_LIB_3_HSV7;montagens_Alouatta_macconnelli_cytomegalovirus;montagens_Alouatta_palliata_cytomegalovirus;montagens_CALHV3;montagens_Cebus_albifrons_lymphocryptovirus_1;montagens_consenso_H1	1	7	7	1200726	921245;921294;921481;921690;921807;922042;922104	1	0	Lib1	barcode74	4471	630	Lymphocryptovirus callitrichinegamma3	S	3050250	Lymphocryptovirus	10375	76	0	674	48	7.12	589	173	416	FORTE	106331	callitrichine gammaherpesvirus 3	Lymphocryptovirus	10375	173	98.684	99.56	228	398.0	SIM_HIERARQUICA	A_MUITO_FORTE	OK	1	1	VALIDATED_SAME_CONTENT_7_TARGETS	A_MUITO_FORTE	Lymphocryptovirus callitrichinegamma3	OK
Lib2barcode01	OK	2120	339	1781	339	0	339	0	0	0.0	0	0	0.0	0.0				Lib2	barcode01	1	7	montagem_LIB_3_HSV6;montagem_LIB_3_HSV7;montagens_Alouatta_macconnelli_cytomegalovirus;montagens_Alouatta_palliata_cytomegalovirus;montagens_CALHV3;montagens_Cebus_albifrons_lymphocryptovirus_1;montagens_consenso_H1	1	7	7	1217630	778569;778872;778898;779206;779254;779358;779607	1	0	Lib2	barcode01	3318	555	Lymphocryptovirus callitrichinegamma3	S	3050250	Lymphocryptovirus	10375	246	0	2236	59	2.64	412	153	259	FORTE	106331	callitrichine gammaherpesvirus 3	Lymphocryptovirus	10375	114	98.701	100.43	231	393.0	SIM_HIERARQUICA	A_MUITO_FORTE	OK	1	1	VALIDATED_SAME_CONTENT_7_TARGETS	A_MUITO_FORTE	Lymphocryptovirus callitrichinegamma3	OK
Lib2barcode02	INPUT_DEDUPLICATED	1807	0	1807	0	0	0	0	41	0.022186	41	16						Lib2	barcode02	2	7	montagem_LIB_3_HSV6;montagem_LIB_3_HSV7;montagens_Alouatta_macconnelli_cytomegalovirus;montagens_Alouatta_palliata_cytomegalovirus;montagens_CALHV3;montagens_Cebus_albifrons_lymphocryptovirus_1;montagens_consenso_H1	1	7	7	2740832	663703;664125;664255;664360;664703;664884;665940	1	0	Lib2	barcode02	5720	1	Simplexvirus humanalpha1	S	3050292	Simplexvirus	10294	1	0	20	15	75.00	0	0	0						0					KRAKEN_APENAS	KRAKEN_APENAS	OK	1	1	VALIDATED_SAME_CONTENT_7_TARGETS	KRAKEN_APENAS	Simplexvirus humanalpha1	OK
Lib2barcode03	OK	1173	93	1080	93	0	93	0	0	0.0	0	0	0.0	0.0				Lib2	barcode03	3	7	montagem_LIB_3_HSV6;montagem_LIB_3_HSV7;montagens_Alouatta_macconnelli_cytomegalovirus;montagens_Alouatta_palliata_cytomegalovirus;montagens_CALHV3;montagens_Cebus_albifrons_lymphocryptovirus_1;montagens_consenso_H1	1	7	7	995000	476684;476735;476944;476957;476962;476973;477137	1	0	Lib2	barcode03	2491	324	Lymphocryptovirus callitrichinegamma3	S	3050250	Lymphocryptovirus	10375	21	0	276	31	11.23	123	48	75	FORTE	106331	callitrichine gammaherpesvirus 3	Lymphocryptovirus	10375	47	97.391	100.44	230	385.0	SIM_HIERARQUICA	A_MUITO_FORTE	OK	1	1	VALIDATED_SAME_CONTENT_7_TARGETS	A_MUITO_FORTE	Lymphocryptovirus callitrichinegamma3	OK
Lib2barcode04	INPUT_DEDUPLICATED	3160	586	2574	586	0	586	0	474	0.130435	474	159	0.0	0.0				Lib2	barcode04	4	7	montagem_LIB_3_HSV6;montagem_LIB_3_HSV7;montagens_Alouatta_macconnelli_cytomegalovirus;montagens_Alouatta_palliata_cytomegalovirus;montagens_CALHV3;montagens_Cebus_albifrons_lymphocryptovirus_1;montagens_consenso_H1	1	7	7	2914312	1616093;1616888;1616967;1617021;1617592;1618053;1618690	1	0	Lib2	barcode04	7707	972	Lymphocryptovirus callitrichinegamma3	S	3050250	Lymphocryptovirus	10375	105	0	1026	49	4.78	795	283	512	FORTE	106331	callitrichine gammaherpesvirus 3	Lymphocryptovirus	10375	283	97.826	100.44	230	389.0	SIM_HIERARQUICA	A_MUITO_FORTE	OK	1	1	VALIDATED_SAME_CONTENT_7_TARGETS	A_MUITO_FORTE	Lymphocryptovirus callitrichinegamma3	OK
Lib2barcode05	OK	3105	0	3105	0	0	0	0	0	0.0	0	0						Lib2	barcode05	5	7	montagem_LIB_3_HSV6;montagem_LIB_3_HSV7;montagens_Alouatta_macconnelli_cytomegalovirus;montagens_Alouatta_palliata_cytomegalovirus;montagens_CALHV3;montagens_Cebus_albifrons_lymphocryptovirus_1;montagens_consenso_H1	1	7	7	2364463	1490182;1490304;1490795;1491207;1491259;1491607;1493182	1	0	Lib2	barcode05	4954	2						0	0	0	0	0.00	0	0	0						0					NAO	SEM_EVIDENCIA	OK	1	1	VALIDATED_SAME_CONTENT_7_TARGETS	SEM_EVIDENCIA		OK
Lib2barcode06	INPUT_DEDUPLICATED	2465	707	1758	707	0	707	0	826	0.250988	826	225	0.0	0.0				Lib2	barcode06	6	7	montagem_LIB_3_HSV6;montagem_LIB_3_HSV7;montagens_Alouatta_macconnelli_cytomegalovirus;montagens_Alouatta_palliata_cytomegalovirus;montagens_CALHV3;montagens_Cebus_albifrons_lymphocryptovirus_1;montagens_consenso_H1	1	7	7	4770938	1228527;1229580;1229761;1231120;1231422;1231701;1232489	1	0	Lib2	barcode06	15318	1757	Lymphocryptovirus callitrichinegamma3	S	3050250	Lymphocryptovirus	10375	198	0	2863	59	2.06	1738	330	1408	FORTE	106331	callitrichine gammaherpesvirus 3	Lymphocryptovirus	10375	329	98.246	99.56	228	394.0	SIM_HIERARQUICA	A_MUITO_FORTE	OK	1	1	VALIDATED_SAME_CONTENT_7_TARGETS	A_MUITO_FORTE	Lymphocryptovirus callitrichinegamma3	OK
Lib2barcode07	INPUT_DEDUPLICATED	2135	358	1777	358	0	358	0	101	0.04517	101	30	0.0	0.0				Lib2	barcode07	7	7	montagem_LIB_3_HSV6;montagem_LIB_3_HSV7;montagens_Alouatta_macconnelli_cytomegalovirus;montagens_Alouatta_palliata_cytomegalovirus;montagens_CALHV3;montagens_Cebus_albifrons_lymphocryptovirus_1;montagens_consenso_H1	1	7	7	1854413	742170;742822;743519;743696;743761;744008;744720	1	0	Lib2	barcode07	5199	579	Lymphocryptovirus callitrichinegamma3	S	3050250	Lymphocryptovirus	10375	83	0	888	54	6.08	411	222	189	FORTE	106331	callitrichine gammaherpesvirus 3	Lymphocryptovirus	10375	222	98.684	99.56	228	398.0	SIM_HIERARQUICA	A_MUITO_FORTE	OK	1	1	VALIDATED_SAME_CONTENT_7_TARGETS	A_MUITO_FORTE	Lymphocryptovirus callitrichinegamma3	OK
Lib2barcode08	INPUT_DEDUPLICATED	5648	0	5648	0	0	0	0	925	0.140727	925	378						Lib2	barcode08	8	7	montagem_LIB_3_HSV6;montagem_LIB_3_HSV7;montagens_Alouatta_macconnelli_cytomegalovirus;montagens_Alouatta_palliata_cytomegalovirus;montagens_CALHV3;montagens_Cebus_albifrons_lymphocryptovirus_1;montagens_consenso_H1	1	7	7	5420710	2881706;2883931;2884104;2884319;2884515;2885086;2885569	1	0	Lib2	barcode08	12481	0						0	0	0	0	0.00	0	0	0						0					NAO	SEM_EVIDENCIA	OK	1	1	VALIDATED_SAME_CONTENT_7_TARGETS	SEM_EVIDENCIA		OK
Lib2barcode09	INPUT_DEDUPLICATED	1530	458	1072	458	0	458	0	260	0.145251	260	63	0.0	0.0				Lib2	barcode09	9	7	montagem_LIB_3_HSV6;montagem_LIB_3_HSV7;montagens_Alouatta_macconnelli_cytomegalovirus;montagens_Alouatta_palliata_cytomegalovirus;montagens_CALHV3;montagens_Cebus_albifrons_lymphocryptovirus_1;montagens_consenso_H1	1	7	7	2127909	595713;597335;598355;598423;598577;598674;598800	1	0	Lib2	barcode09	6727	986	Lymphocryptovirus callitrichinegamma3	S	3050250	Lymphocryptovirus	10375	98	0	1487	55	3.70	920	231	689	FORTE	106331	callitrichine gammaherpesvirus 3	Lymphocryptovirus	10375	231	98.246	99.56	228	394.0	SIM_HIERARQUICA	A_MUITO_FORTE	OK	1	1	VALIDATED_SAME_CONTENT_7_TARGETS	A_MUITO_FORTE	Lymphocryptovirus callitrichinegamma3	OK
Lib2barcode10	INPUT_DEDUPLICATED	1171	504	667	504	0	504	0	210	0.152064	210	34	0.0	0.0				Lib2	barcode10	10	7	montagem_LIB_3_HSV6;montagem_LIB_3_HSV7;montagens_Alouatta_macconnelli_cytomegalovirus;montagens_Alouatta_palliata_cytomegalovirus;montagens_CALHV3;montagens_Cebus_albifrons_lymphocryptovirus_1;montagens_consenso_H1	1	7	7	1924075	404695;404770;404947;405139;405177;405344;405426	1	0	Lib2	barcode10	6929	1109	Lymphocryptovirus callitrichinegamma3	S	3050250	Lymphocryptovirus	10375	96	0	1678	50	2.98	1088	197	891	FORTE	106331	callitrichine gammaherpesvirus 3	Lymphocryptovirus	10375	196	98.246	99.56	228	394.0	SIM_HIERARQUICA	A_MUITO_FORTE	OK	1	1	VALIDATED_SAME_CONTENT_7_TARGETS	A_MUITO_FORTE	Lymphocryptovirus callitrichinegamma3	OK
Lib2barcode11	OK	2509	0	2509	0	0	0	0	0	0.0	0	0						Lib2	barcode11	11	7	montagem_LIB_3_HSV6;montagem_LIB_3_HSV7;montagens_Alouatta_macconnelli_cytomegalovirus;montagens_Alouatta_palliata_cytomegalovirus;montagens_CALHV3;montagens_Cebus_albifrons_lymphocryptovirus_1;montagens_consenso_H1	1	7	7	2041700	1293195;1293244;1293334;1293379;1293411;1293556;1293733	1	0	Lib2	barcode11	4064	0						0	0	0	0	0.00	0	0	0						0					NAO	SEM_EVIDENCIA	OK	1	1	VALIDATED_SAME_CONTENT_7_TARGETS	SEM_EVIDENCIA		OK
Lib2barcode12	OK	2203	0	2203	0	0	0	0	0	0.0	0	0						Lib2	barcode12	12	7	montagem_LIB_3_HSV6;montagem_LIB_3_HSV7;montagens_Alouatta_macconnelli_cytomegalovirus;montagens_Alouatta_palliata_cytomegalovirus;montagens_CALHV3;montagens_Cebus_albifrons_lymphocryptovirus_1;montagens_consenso_H1	1	7	7	1384321	951459;951873;952022;952342;952409;952453;952564	1	0	Lib2	barcode12	3152	0						0	0	0	0	0.00	0	0	0						0					NAO	SEM_EVIDENCIA	OK	1	1	VALIDATED_SAME_CONTENT_7_TARGETS	SEM_EVIDENCIA		OK
Lib2barcode13	INPUT_DEDUPLICATED	5568	694	4874	694	0	694	0	406	0.067961	406	203	0.0	0.0				Lib2	barcode13	13	7	montagem_LIB_3_HSV6;montagem_LIB_3_HSV7;montagens_Alouatta_macconnelli_cytomegalovirus;montagens_Alouatta_palliata_cytomegalovirus;montagens_CALHV3;montagens_Cebus_albifrons_lymphocryptovirus_1;montagens_consenso_H1	1	7	7	4692380	3310892;3311364;3312879;3313249;3313667;3314559;3315588	1	0	Lib2	barcode13	9459	1321	Simplexvirus humanalpha1	S	3050292	Simplexvirus	10294	153	0	2328	288	12.37	1086	453	633	FORTE	10298	Human alphaherpesvirus 1	Simplexvirus	10294	452	96.030	96.41	403	645.0	SIM_HIERARQUICA	A_MUITO_FORTE	OK	1	1	VALIDATED_SAME_CONTENT_7_TARGETS	A_MUITO_FORTE	Simplexvirus humanalpha1	OK
Lib2barcode14	OK	1962	659	1303	659	0	659	0	0	0.0	0	0	0.0	0.0				Lib2	barcode14	14	7	montagem_LIB_3_HSV6;montagem_LIB_3_HSV7;montagens_Alouatta_macconnelli_cytomegalovirus;montagens_Alouatta_palliata_cytomegalovirus;montagens_CALHV3;montagens_Cebus_albifrons_lymphocryptovirus_1;montagens_consenso_H1	1	7	7	1073037	561406;561451;561484;561501;561627;561644;561744	1	0	Lib2	barcode14	3695	1034	Simplexvirus humanalpha1	S	3050292	Simplexvirus	10294	110	0	1666	260	15.61	902	384	518	FORTE	10298	Human alphaherpesvirus 1	Simplexvirus	10294	384	97.733	94.98	397	673.0	SIM_HIERARQUICA	A_MUITO_FORTE	OK	1	1	VALIDATED_SAME_CONTENT_7_TARGETS	A_MUITO_FORTE	Simplexvirus humanalpha1	OK
Lib2barcode15	INPUT_DEDUPLICATED	1948	423	1525	423	0	423	0	75	0.037074	75	21	0.0	0.0				Lib2	barcode15	15	7	montagem_LIB_3_HSV6;montagem_LIB_3_HSV7;montagens_Alouatta_macconnelli_cytomegalovirus;montagens_Alouatta_palliata_cytomegalovirus;montagens_CALHV3;montagens_Cebus_albifrons_lymphocryptovirus_1;montagens_consenso_H1	1	7	7	2665050	894392;894810;895371;895557;896182;896468;897490	1	0	Lib2	barcode15	6129	1197	Simplexvirus humanalpha1	S	3050292	Simplexvirus	10294	139	0	2577	286	11.10	551	159	392	FORTE	10298	Human alphaherpesvirus 1	Simplexvirus	10294	159	99.119	97.84	227	401.0	SIM_HIERARQUICA	A_MUITO_FORTE	OK	1	1	VALIDATED_SAME_CONTENT_7_TARGETS	A_MUITO_FORTE	Simplexvirus humanalpha1	OK
Lib2barcode16	OK	2018	0	2018	0	0	0	0	0	0.0	0	0						Lib2	barcode16	16	7	montagem_LIB_3_HSV6;montagem_LIB_3_HSV7;montagens_Alouatta_macconnelli_cytomegalovirus;montagens_Alouatta_palliata_cytomegalovirus;montagens_CALHV3;montagens_Cebus_albifrons_lymphocryptovirus_1;montagens_consenso_H1	1	7	7	1710731	1106188;1106385;1106724;1106865;1106889;1107116;1107164	1	0	Lib2	barcode16	3214	1						0	0	0	0	0.00	0	0	0						0					NAO	SEM_EVIDENCIA	OK	1	1	VALIDATED_SAME_CONTENT_7_TARGETS	SEM_EVIDENCIA		OK
Lib2barcode17	INPUT_DEDUPLICATED	1930	478	1452	478	0	478	0	132	0.064016	132	37	0.0	0.0				Lib2	barcode17	17	7	montagem_LIB_3_HSV6;montagem_LIB_3_HSV7;montagens_Alouatta_macconnelli_cytomegalovirus;montagens_Alouatta_palliata_cytomegalovirus;montagens_CALHV3;montagens_Cebus_albifrons_lymphocryptovirus_1;montagens_consenso_H1	1	7	7	1574556	828872;829288;829774;830399;831297;831535;831785	1	0	Lib2	barcode17	4372	763	Lymphocryptovirus callitrichinegamma3	S	3050250	Lymphocryptovirus	10375	71	0	959	40	4.17	762	252	510	FORTE	106331	callitrichine gammaherpesvirus 3	Lymphocryptovirus	10375	252	98.246	99.56	228	394.0	SIM_HIERARQUICA	A_MUITO_FORTE	OK	1	1	VALIDATED_SAME_CONTENT_7_TARGETS	A_MUITO_FORTE	Lymphocryptovirus callitrichinegamma3	OK
Lib2barcode18	OK	2854	329	2525	329	0	329	0	0	0.0	0	0	0.0	0.0				Lib2	barcode18	18	7	montagem_LIB_3_HSV6;montagem_LIB_3_HSV7;montagens_Alouatta_macconnelli_cytomegalovirus;montagens_Alouatta_palliata_cytomegalovirus;montagens_CALHV3;montagens_Cebus_albifrons_lymphocryptovirus_1;montagens_consenso_H1	1	7	7	2532427	1805165;1805284;1805738;1805854;1806282;1806427;1807046	1	0	Lib2	barcode18	4329	531	Lymphocryptovirus callitrichinegamma3	S	3050250	Lymphocryptovirus	10375	118	0	963	40	4.15	421	185	236	FORTE	106331	callitrichine gammaherpesvirus 3	Lymphocryptovirus	10375	185	98.684	99.56	228	398.0	SIM_HIERARQUICA	A_MUITO_FORTE	OK	1	1	VALIDATED_SAME_CONTENT_7_TARGETS	A_MUITO_FORTE	Lymphocryptovirus callitrichinegamma3	OK
Lib2barcode19	OK	1878	289	1589	289	0	289	0	0	0.0	0	0	0.0	0.0				Lib2	barcode19	19	7	montagem_LIB_3_HSV6;montagem_LIB_3_HSV7;montagens_Alouatta_macconnelli_cytomegalovirus;montagens_Alouatta_palliata_cytomegalovirus;montagens_CALHV3;montagens_Cebus_albifrons_lymphocryptovirus_1;montagens_consenso_H1	1	7	7	1530350	945346;945641;945684;945805;945939;946069;946164	1	0	Lib2	barcode19	3191	433	Lymphocryptovirus callitrichinegamma3	S	3050250	Lymphocryptovirus	10375	44	0	528	50	9.47	368	170	198	FORTE	106331	callitrichine gammaherpesvirus 3	Lymphocryptovirus	10375	170	98.246	99.56	228	394.0	SIM_HIERARQUICA	A_MUITO_FORTE	OK	1	1	VALIDATED_SAME_CONTENT_7_TARGETS	A_MUITO_FORTE	Lymphocryptovirus callitrichinegamma3	OK
Lib2barcode20	OK	1876	158	1718	158	0	158	0	0	0.0	0	0	0.0	0.0				Lib2	barcode20	20	7	montagem_LIB_3_HSV6;montagem_LIB_3_HSV7;montagens_Alouatta_macconnelli_cytomegalovirus;montagens_Alouatta_palliata_cytomegalovirus;montagens_CALHV3;montagens_Cebus_albifrons_lymphocryptovirus_1;montagens_consenso_H1	1	7	7	1780346	1115839;1115864;1115892;1115950;1116062;1116189;1116272	1	0	Lib2	barcode20	3226	353	Lymphocryptovirus callitrichinegamma3	S	3050250	Lymphocryptovirus	10375	23	0	282	34	12.06	169	68	101	FORTE	106331	callitrichine gammaherpesvirus 3	Lymphocryptovirus	10375	68	98.261	100.44	230	394.0	SIM_HIERARQUICA	A_MUITO_FORTE	OK	1	1	VALIDATED_SAME_CONTENT_7_TARGETS	A_MUITO_FORTE	Lymphocryptovirus callitrichinegamma3	OK
Lib2barcode21	INPUT_DEDUPLICATED	2033	453	1580	453	0	453	0	54	0.025874	54	4	0.0	0.0				Lib2	barcode21	21	7	montagem_LIB_3_HSV6;montagem_LIB_3_HSV7;montagens_Alouatta_macconnelli_cytomegalovirus;montagens_Alouatta_palliata_cytomegalovirus;montagens_CALHV3;montagens_Cebus_albifrons_lymphocryptovirus_1;montagens_consenso_H1	1	7	7	1175270	518785;518864;518999;519014;519762;519862;520190	1	0	Lib2	barcode21	4321	703	Lymphocryptovirus callitrichinegamma3	S	3050250	Lymphocryptovirus	10375	104	0	1014	64	6.31	586	265	321	FORTE	106331	callitrichine gammaherpesvirus 3	Lymphocryptovirus	10375	264	98.246	99.56	228	394.0	SIM_HIERARQUICA	A_MUITO_FORTE	OK	1	1	VALIDATED_SAME_CONTENT_7_TARGETS	A_MUITO_FORTE	Lymphocryptovirus callitrichinegamma3	OK
Lib2barcode22	INPUT_DEDUPLICATED	1285	371	914	371	0	371	0	152	0.105776	152	31	0.0	0.0				Lib2	barcode22	22	7	montagem_LIB_3_HSV6;montagem_LIB_3_HSV7;montagens_Alouatta_macconnelli_cytomegalovirus;montagens_Alouatta_palliata_cytomegalovirus;montagens_CALHV3;montagens_Cebus_albifrons_lymphocryptovirus_1;montagens_consenso_H1	1	7	7	1509037	468329;468478;469202;470146;470346;470562;471222	1	0	Lib2	barcode22	5097	812	Lymphocryptovirus callitrichinegamma3	S	3050250	Lymphocryptovirus	10375	92	0	1239	48	3.87	728	164	564	FORTE	106331	callitrichine gammaherpesvirus 3	Lymphocryptovirus	10375	163	98.246	99.56	228	394.0	SIM_HIERARQUICA	A_MUITO_FORTE	OK	1	1	VALIDATED_SAME_CONTENT_7_TARGETS	A_MUITO_FORTE	Lymphocryptovirus callitrichinegamma3	OK
Lib2barcode23	OK	3562	311	3251	311	0	311	0	0	0.0	0	0	0.0	0.0				Lib2	barcode23	23	7	montagem_LIB_3_HSV6;montagem_LIB_3_HSV7;montagens_Alouatta_macconnelli_cytomegalovirus;montagens_Alouatta_palliata_cytomegalovirus;montagens_CALHV3;montagens_Cebus_albifrons_lymphocryptovirus_1;montagens_consenso_H1	1	7	7	2523378	1930465;1930547;1930727;1930844;1930926;1931404;1931501	1	0	Lib2	barcode23	4812	405	Lymphocryptovirus callitrichinegamma3	S	3050250	Lymphocryptovirus	10375	69	0	629	43	6.84	390	191	199	FORTE	106331	callitrichine gammaherpesvirus 3	Lymphocryptovirus	10375	191	98.684	99.56	228	398.0	SIM_HIERARQUICA	A_MUITO_FORTE	OK	1	1	VALIDATED_SAME_CONTENT_7_TARGETS	A_MUITO_FORTE	Lymphocryptovirus callitrichinegamma3	OK
Lib2barcode24	OK	3193	1	3192	1	0	1	0	0	0.0	0	0	0.0	0.0				Lib2	barcode24	24	7	montagem_LIB_3_HSV6;montagem_LIB_3_HSV7;montagens_Alouatta_macconnelli_cytomegalovirus;montagens_Alouatta_palliata_cytomegalovirus;montagens_CALHV3;montagens_Cebus_albifrons_lymphocryptovirus_1;montagens_consenso_H1	1	7	7	2832180	1914512;1914528;1914539;1914835;1914911;1914941;1915386	1	0	Lib2	barcode24	4923	2						0	0	0	0	0.00	0	0	0						0					NAO	SEM_EVIDENCIA	OK	1	1	VALIDATED_SAME_CONTENT_7_TARGETS	SEM_EVIDENCIA		OK
Lib2barcode25	INPUT_DEDUPLICATED	987	274	713	274	0	274	0	40	0.038948	40	16	0.0	0.0				Lib2	barcode25	25	7	montagem_LIB_3_HSV6;montagem_LIB_3_HSV7;montagens_Alouatta_macconnelli_cytomegalovirus;montagens_Alouatta_palliata_cytomegalovirus;montagens_CALHV3;montagens_Cebus_albifrons_lymphocryptovirus_1;montagens_consenso_H1	1	7	7	1140391	507018;507592;507595;507987;508786;509087;510175	1	0	Lib2	barcode25	2863	542	Lymphocryptovirus callitrichinegamma3	S	3050250	Lymphocryptovirus	10375	52	0	695	40	5.76	522	101	421	FORTE	106331	callitrichine gammaherpesvirus 3	Lymphocryptovirus	10375	101	98.684	99.56	228	398.0	SIM_HIERARQUICA	A_MUITO_FORTE	OK	1	1	VALIDATED_SAME_CONTENT_7_TARGETS	A_MUITO_FORTE	Lymphocryptovirus callitrichinegamma3	OK
Lib2barcode26	INPUT_DEDUPLICATED	1441	391	1050	391	0	391	0	38	0.025693	38	10	0.0	0.0				Lib2	barcode26	26	7	montagem_LIB_3_HSV6;montagem_LIB_3_HSV7;montagens_Alouatta_macconnelli_cytomegalovirus;montagens_Alouatta_palliata_cytomegalovirus;montagens_CALHV3;montagens_Cebus_albifrons_lymphocryptovirus_1;montagens_consenso_H1	1	7	7	1220142	566645;568404;568435;568676;568813;568945;569546	1	0	Lib2	barcode26	3173	604	Lymphocryptovirus callitrichinegamma3	S	3050250	Lymphocryptovirus	10375	64	0	760	49	6.45	576	187	389	FORTE	106331	callitrichine gammaherpesvirus 3	Lymphocryptovirus	10375	187	98.684	99.56	228	398.0	SIM_HIERARQUICA	A_MUITO_FORTE	OK	1	1	VALIDATED_SAME_CONTENT_7_TARGETS	A_MUITO_FORTE	Lymphocryptovirus callitrichinegamma3	OK
Lib2barcode27	INPUT_DEDUPLICATED	2835	123	2712	123	0	123	0	491	0.147625	491	68	0.0	0.0				Lib2	barcode27	27	7	montagem_LIB_3_HSV6;montagem_LIB_3_HSV7;montagens_Alouatta_macconnelli_cytomegalovirus;montagens_Alouatta_palliata_cytomegalovirus;montagens_CALHV3;montagens_Cebus_albifrons_lymphocryptovirus_1;montagens_consenso_H1	1	7	7	2584809	879626;880059;880160;880263;880367;880661;880917	1	0	Lib2	barcode27	9484	254	Lymphocryptovirus callitrichinegamma3	S	3050250	Lymphocryptovirus	10375	29	0	406	48	11.82	236	52	184	FORTE	106331	callitrichine gammaherpesvirus 3	Lymphocryptovirus	10375	52	97.807	99.56	228	389.0	SIM_HIERARQUICA	A_MUITO_FORTE	OK	1	1	VALIDATED_SAME_CONTENT_7_TARGETS	A_MUITO_FORTE	Lymphocryptovirus callitrichinegamma3	OK
Lib2barcode28	OK	1098	87	1011	87	0	87	0	0	0.0	0	0	0.0	0.0				Lib2	barcode28	28	7	montagem_LIB_3_HSV6;montagem_LIB_3_HSV7;montagens_Alouatta_macconnelli_cytomegalovirus;montagens_Alouatta_palliata_cytomegalovirus;montagens_CALHV3;montagens_Cebus_albifrons_lymphocryptovirus_1;montagens_consenso_H1	1	7	7	812717	548926;548991;549060;549086;549157;549165;549424	1	0	Lib2	barcode28	1702	115	Lymphocryptovirus callitrichinegamma3	S	3050250	Lymphocryptovirus	10375	10	0	131	22	16.79	106	44	62	FORTE	106331	callitrichine gammaherpesvirus 3	Lymphocryptovirus	10375	44	98.690	100.00	229	400.0	SIM_HIERARQUICA	A_MUITO_FORTE	OK	1	1	VALIDATED_SAME_CONTENT_7_TARGETS	A_MUITO_FORTE	Lymphocryptovirus callitrichinegamma3	OK
Lib2barcode29	OK	1056	0	1056	0	0	0	0	0	0.0	0	0						Lib2	barcode29	29	7	montagem_LIB_3_HSV6;montagem_LIB_3_HSV7;montagens_Alouatta_macconnelli_cytomegalovirus;montagens_Alouatta_palliata_cytomegalovirus;montagens_CALHV3;montagens_Cebus_albifrons_lymphocryptovirus_1;montagens_consenso_H1	1	7	7	1118966	512955;512980;513118;513248;513257;513328;513505	1	0	Lib2	barcode29	2333	1						0	0	0	0	0.00	0	0	0						0					NAO	SEM_EVIDENCIA	OK	1	1	VALIDATED_SAME_CONTENT_7_TARGETS	SEM_EVIDENCIA		OK
Lib2barcode30	INPUT_DEDUPLICATED	2587	608	1979	608	0	608	0	557	0.177163	557	176	0.0	0.0				Lib2	barcode30	30	7	montagem_LIB_3_HSV6;montagem_LIB_3_HSV7;montagens_Alouatta_macconnelli_cytomegalovirus;montagens_Alouatta_palliata_cytomegalovirus;montagens_CALHV3;montagens_Cebus_albifrons_lymphocryptovirus_1;montagens_consenso_H1	1	7	7	2980856	1086223;1088765;1088890;1089032;1089376;1089938;1090266	1	0	Lib2	barcode30	9949	1238	Lymphocryptovirus callitrichinegamma3	S	3050250	Lymphocryptovirus	10375	135	0	1911	48	2.51	1325	333	992	FORTE	106331	callitrichine gammaherpesvirus 3	Lymphocryptovirus	10375	333	98.684	99.56	228	398.0	SIM_HIERARQUICA	A_MUITO_FORTE	OK	1	1	VALIDATED_SAME_CONTENT_7_TARGETS	A_MUITO_FORTE	Lymphocryptovirus callitrichinegamma3	OK
Lib2barcode31	INPUT_DEDUPLICATED	1524	313	1211	313	0	313	0	266	0.148603	266	91	0.0	0.0				Lib2	barcode31	31	7	montagem_LIB_3_HSV6;montagem_LIB_3_HSV7;montagens_Alouatta_macconnelli_cytomegalovirus;montagens_Alouatta_palliata_cytomegalovirus;montagens_CALHV3;montagens_Cebus_albifrons_lymphocryptovirus_1;montagens_consenso_H1	1	7	7	2695852	652578;653688;655663;655841;656057;656651;656852	1	0	Lib2	barcode31	8094	837	Lymphocryptovirus callitrichinegamma3	S	3050250	Lymphocryptovirus	10375	98	0	1390	45	3.24	765	143	622	FORTE	106331	callitrichine gammaherpesvirus 3	Lymphocryptovirus	10375	143	98.684	99.56	228	398.0	SIM_HIERARQUICA	A_MUITO_FORTE	OK	1	1	VALIDATED_SAME_CONTENT_7_TARGETS	A_MUITO_FORTE	Lymphocryptovirus callitrichinegamma3	OK
Lib2barcode32	INPUT_DEDUPLICATED	1173	218	955	218	0	218	0	6	0.005089	6	1	0.0	0.0				Lib2	barcode32	32	7	montagem_LIB_3_HSV6;montagem_LIB_3_HSV7;montagens_Alouatta_macconnelli_cytomegalovirus;montagens_Alouatta_palliata_cytomegalovirus;montagens_CALHV3;montagens_Cebus_albifrons_lymphocryptovirus_1;montagens_consenso_H1	1	7	7	1016524	451559;451710;451899;451973;452145;452392;452800	1	0	Lib2	barcode32	2575	369	Lymphocryptovirus callitrichinegamma3	S	3050250	Lymphocryptovirus	10375	41	0	471	44	9.34	319	98	221	FORTE	106331	callitrichine gammaherpesvirus 3	Lymphocryptovirus	10375	97	98.246	99.56	228	394.0	SIM_HIERARQUICA	A_MUITO_FORTE	OK	1	1	VALIDATED_SAME_CONTENT_7_TARGETS	A_MUITO_FORTE	Lymphocryptovirus callitrichinegamma3	OK
Lib2barcode33	OK	2845	0	2845	0	0	0	0	0	0.0	0	0						Lib2	barcode33	33	7	montagem_LIB_3_HSV6;montagem_LIB_3_HSV7;montagens_Alouatta_macconnelli_cytomegalovirus;montagens_Alouatta_palliata_cytomegalovirus;montagens_CALHV3;montagens_Cebus_albifrons_lymphocryptovirus_1;montagens_consenso_H1	1	7	7	3021772	1845617;1845692;1845905;1845961;1846253;1846403;1846627	1	0	Lib2	barcode33	5029	4	Simplexvirus	G	10294	Simplexvirus	10294	2	2	36	22	61.11	0	0	0						0					KRAKEN_APENAS	KRAKEN_APENAS	OK	1	1	VALIDATED_SAME_CONTENT_7_TARGETS	KRAKEN_APENAS	Simplexvirus	OK
Lib2barcode34	OK	385	216	169	216	0	216	0	0	0.0	0	0	0.0	0.0				Lib2	barcode34	34	7	montagem_LIB_3_HSV6;montagem_LIB_3_HSV7;montagens_Alouatta_macconnelli_cytomegalovirus;montagens_Alouatta_palliata_cytomegalovirus;montagens_CALHV3;montagens_Cebus_albifrons_lymphocryptovirus_1;montagens_consenso_H1	1	7	7	442648	129048;129065;129083;129085;129106;129143;129190	1	0	Lib2	barcode34	1284	353	Lymphocryptovirus callitrichinegamma3	S	3050250	Lymphocryptovirus	10375	40	0	481	36	7.48	367	97	270	FORTE	106331	callitrichine gammaherpesvirus 3	Lymphocryptovirus	10375	96	98.246	99.56	228	394.0	SIM_HIERARQUICA	A_MUITO_FORTE	OK	1	1	VALIDATED_SAME_CONTENT_7_TARGETS	A_MUITO_FORTE	Lymphocryptovirus callitrichinegamma3	OK
Lib2barcode35	OK	2318	0	2318	0	0	0	0	0	0.0	0	0						Lib2	barcode35	35	7	montagem_LIB_3_HSV6;montagem_LIB_3_HSV7;montagens_Alouatta_macconnelli_cytomegalovirus;montagens_Alouatta_palliata_cytomegalovirus;montagens_CALHV3;montagens_Cebus_albifrons_lymphocryptovirus_1;montagens_consenso_H1	1	7	7	2648625	1515265;1515283;1515596;1515661;1515708;1515743;1515833	1	0	Lib2	barcode35	4289	2	Lymphocryptovirus	G	10375	Lymphocryptovirus	10375	1	1	16	14	87.50	0	0	0						0					KRAKEN_APENAS	KRAKEN_APENAS	OK	1	1	VALIDATED_SAME_CONTENT_7_TARGETS	KRAKEN_APENAS	Lymphocryptovirus	OK
Lib2barcode36	OK	4377	0	4377	0	0	0	0	0	0.0	0	0						Lib2	barcode36	36	7	montagem_LIB_3_HSV6;montagem_LIB_3_HSV7;montagens_Alouatta_macconnelli_cytomegalovirus;montagens_Alouatta_palliata_cytomegalovirus;montagens_CALHV3;montagens_Cebus_albifrons_lymphocryptovirus_1;montagens_consenso_H1	1	7	7	3000323	2283210;2283338;2283489;2283672;2284033;2284137;2285574	1	0	Lib2	barcode36	5874	3	Simplexvirus	G	10294	Simplexvirus	10294	1	1	14	14	100.00	0	0	0						0					KRAKEN_APENAS	KRAKEN_APENAS	OK	1	1	VALIDATED_SAME_CONTENT_7_TARGETS	KRAKEN_APENAS	Simplexvirus	OK
Lib2barcode37	OK	1145	318	827	318	0	318	0	0	0.0	0	0	0.0	0.0				Lib2	barcode37	37	7	montagem_LIB_3_HSV6;montagem_LIB_3_HSV7;montagens_Alouatta_macconnelli_cytomegalovirus;montagens_Alouatta_palliata_cytomegalovirus;montagens_CALHV3;montagens_Cebus_albifrons_lymphocryptovirus_1;montagens_consenso_H1	1	7	7	976205	380740;380828;380862;380940;380991;381033;381214	1	0	Lib2	barcode37	2591	485	Lymphocryptovirus callitrichinegamma3	S	3050250	Lymphocryptovirus	10375	72	0	720	49	6.81	432	169	263	FORTE	106331	callitrichine gammaherpesvirus 3	Lymphocryptovirus	10375	169	98.684	99.56	228	398.0	SIM_HIERARQUICA	A_MUITO_FORTE	OK	1	1	VALIDATED_SAME_CONTENT_7_TARGETS	A_MUITO_FORTE	Lymphocryptovirus callitrichinegamma3	OK
Lib2barcode38	OK	2399	0	2399	0	0	0	0	0	0.0	0	0						Lib2	barcode38	38	7	montagem_LIB_3_HSV6;montagem_LIB_3_HSV7;montagens_Alouatta_macconnelli_cytomegalovirus;montagens_Alouatta_palliata_cytomegalovirus;montagens_CALHV3;montagens_Cebus_albifrons_lymphocryptovirus_1;montagens_consenso_H1	1	7	7	2452657	1346124;1347558;1347687;1347949;1347986;1347987;1348566	1	0	Lib2	barcode38	4374	5	Simplexvirus	G	10294	Simplexvirus	10294	1	1	33	30	90.91	0	0	0						0					KRAKEN_APENAS	KRAKEN_APENAS	OK	1	1	VALIDATED_SAME_CONTENT_7_TARGETS	KRAKEN_APENAS	Simplexvirus	OK
Lib2barcode39	OK	3072	0	3072	0	0	0	0	0	0.0	0	0						Lib2	barcode39	39	7	montagem_LIB_3_HSV6;montagem_LIB_3_HSV7;montagens_Alouatta_macconnelli_cytomegalovirus;montagens_Alouatta_palliata_cytomegalovirus;montagens_CALHV3;montagens_Cebus_albifrons_lymphocryptovirus_1;montagens_consenso_H1	1	7	7	2465476	1859411;1859901;1860391;1860418;1860460;1860559;1860742	1	0	Lib2	barcode39	4155	3	Lymphocryptovirus	G	10375	Lymphocryptovirus	10375	3	3	41	25	60.98	0	0	0						0					KRAKEN_APENAS	KRAKEN_APENAS	OK	1	1	VALIDATED_SAME_CONTENT_7_TARGETS	KRAKEN_APENAS	Lymphocryptovirus	OK
Lib2barcode40	OK	500	121	379	121	0	121	0	0	0.0	0	0	0.0	0.0				Lib2	barcode40	40	7	montagem_LIB_3_HSV6;montagem_LIB_3_HSV7;montagens_Alouatta_macconnelli_cytomegalovirus;montagens_Alouatta_palliata_cytomegalovirus;montagens_CALHV3;montagens_Cebus_albifrons_lymphocryptovirus_1;montagens_consenso_H1	1	7	7	365271	172817;172957;172972;172983;173001;173042;173089	1	0	Lib2	barcode40	1017	180	Lymphocryptovirus callitrichinegamma3	S	3050250	Lymphocryptovirus	10375	16	0	256	29	11.33	172	60	112	FORTE	106331	callitrichine gammaherpesvirus 3	Lymphocryptovirus	10375	60	97.807	99.56	228	389.0	SIM_HIERARQUICA	A_MUITO_FORTE	OK	1	1	VALIDATED_SAME_CONTENT_7_TARGETS	A_MUITO_FORTE	Lymphocryptovirus callitrichinegamma3	OK
Lib2barcode41	INPUT_DEDUPLICATED	4358	0	4358	0	0	0	0	156	0.034559	156	80						Lib2	barcode41	41	7	montagem_LIB_3_HSV6;montagem_LIB_3_HSV7;montagens_Alouatta_macconnelli_cytomegalovirus;montagens_Alouatta_palliata_cytomegalovirus;montagens_CALHV3;montagens_Cebus_albifrons_lymphocryptovirus_1;montagens_consenso_H1	1	7	7	3877397	2501911;2504487;2504576;2505328;2507799;2508529;2508701	1	0	Lib2	barcode41	7259	2	Lymphocryptovirus	G	10375	Lymphocryptovirus	10375	1	1	16	15	93.75	0	0	0						0					KRAKEN_APENAS	KRAKEN_APENAS	OK	1	1	VALIDATED_SAME_CONTENT_7_TARGETS	KRAKEN_APENAS	Lymphocryptovirus	OK
Lib2barcode42	OK	1574	0	1574	0	0	0	0	0	0.0	0	0						Lib2	barcode42	42	7	montagem_LIB_3_HSV6;montagem_LIB_3_HSV7;montagens_Alouatta_macconnelli_cytomegalovirus;montagens_Alouatta_palliata_cytomegalovirus;montagens_CALHV3;montagens_Cebus_albifrons_lymphocryptovirus_1;montagens_consenso_H1	1	7	7	1205044	806513;806747;806836;806945;807170;807263;807965	1	0	Lib2	barcode42	2438	3	Simplexvirus	G	10294	Simplexvirus	10294	1	1	17	17	100.00	0	0	0						0					KRAKEN_APENAS	KRAKEN_APENAS	OK	1	1	VALIDATED_SAME_CONTENT_7_TARGETS	KRAKEN_APENAS	Simplexvirus	OK
Lib2barcode43	INPUT_DEDUPLICATED	2817	371	2446	371	0	371	0	85	0.02929	85	33	0.0	0.0				Lib2	barcode43	43	7	montagem_LIB_3_HSV6;montagem_LIB_3_HSV7;montagens_Alouatta_macconnelli_cytomegalovirus;montagens_Alouatta_palliata_cytomegalovirus;montagens_CALHV3;montagens_Cebus_albifrons_lymphocryptovirus_1;montagens_consenso_H1	1	7	7	2144302	1597089;1598542;1598947;1599890;1600265;1600953;1601945	1	0	Lib2	barcode43	4259	562	Lymphocryptovirus callitrichinegamma3	S	3050250	Lymphocryptovirus	10375	66	0	527	35	6.64	464	199	265	FORTE	106331	callitrichine gammaherpesvirus 3	Lymphocryptovirus	10375	199	97.826	100.44	230	389.0	SIM_HIERARQUICA	A_MUITO_FORTE	OK	1	1	VALIDATED_SAME_CONTENT_7_TARGETS	A_MUITO_FORTE	Lymphocryptovirus callitrichinegamma3	OK
Lib2barcode44	OK	1195	0	1195	0	0	0	0	0	0.0	0	0						Lib2	barcode44	44	7	montagem_LIB_3_HSV6;montagem_LIB_3_HSV7;montagens_Alouatta_macconnelli_cytomegalovirus;montagens_Alouatta_palliata_cytomegalovirus;montagens_CALHV3;montagens_Cebus_albifrons_lymphocryptovirus_1;montagens_consenso_H1	1	7	7	1095769	534270;534370;534686;534739;534842;535035;535339	1	0	Lib2	barcode44	2276	0						0	0	0	0	0.00	0	0	0						0					NAO	SEM_EVIDENCIA	OK	1	1	VALIDATED_SAME_CONTENT_7_TARGETS	SEM_EVIDENCIA		OK
Lib2barcode45	INPUT_DEDUPLICATED	1514	415	1099	415	0	415	0	69	0.043588	69	20	0.0	0.0				Lib2	barcode45	45	7	montagem_LIB_3_HSV6;montagem_LIB_3_HSV7;montagens_Alouatta_macconnelli_cytomegalovirus;montagens_Alouatta_palliata_cytomegalovirus;montagens_CALHV3;montagens_Cebus_albifrons_lymphocryptovirus_1;montagens_consenso_H1	1	7	7	1344187	622480;624064;624071;624418;625153;625464;625864	1	0	Lib2	barcode45	3836	708	Lymphocryptovirus callitrichinegamma3	S	3050250	Lymphocryptovirus	10375	81	0	972	41	4.22	719	180	539	FORTE	106331	callitrichine gammaherpesvirus 3	Lymphocryptovirus	10375	180	97.807	99.56	228	389.0	SIM_HIERARQUICA	A_MUITO_FORTE	OK	1	1	VALIDATED_SAME_CONTENT_7_TARGETS	A_MUITO_FORTE	Lymphocryptovirus callitrichinegamma3	OK
Lib2barcode46	INPUT_DEDUPLICATED	1993	410	1583	410	0	410	0	234	0.105074	234	100	0.0	0.0				Lib2	barcode46	46	7	montagem_LIB_3_HSV6;montagem_LIB_3_HSV7;montagens_Alouatta_macconnelli_cytomegalovirus;montagens_Alouatta_palliata_cytomegalovirus;montagens_CALHV3;montagens_Cebus_albifrons_lymphocryptovirus_1;montagens_consenso_H1	1	7	7	2405950	1116929;1117532;1118498;1118721;1118994;1119039;1120174	1	0	Lib2	barcode46	6206	854	Lymphocryptovirus callitrichinegamma3	S	3050250	Lymphocryptovirus	10375	173	0	1625	43	2.65	837	213	624	FORTE	106331	callitrichine gammaherpesvirus 3	Lymphocryptovirus	10375	213	98.696	99.57	230	399.0	SIM_HIERARQUICA	A_MUITO_FORTE	OK	1	1	VALIDATED_SAME_CONTENT_7_TARGETS	A_MUITO_FORTE	Lymphocryptovirus callitrichinegamma3	OK
Lib2barcode47	OK	1473	199	1274	199	0	199	0	0	0.0	0	0	0.0	0.0				Lib2	barcode47	47	7	montagem_LIB_3_HSV6;montagem_LIB_3_HSV7;montagens_Alouatta_macconnelli_cytomegalovirus;montagens_Alouatta_palliata_cytomegalovirus;montagens_CALHV3;montagens_Cebus_albifrons_lymphocryptovirus_1;montagens_consenso_H1	1	7	7	1352763	888962;889082;889169;889421;889426;889585;889637	1	0	Lib2	barcode47	2575	386	Lymphocryptovirus callitrichinegamma3	S	3050250	Lymphocryptovirus	10375	88	0	621	41	6.60	267	46	221	FORTE	106331	callitrichine gammaherpesvirus 3	Lymphocryptovirus	10375	45	96.522	100.44	230	372.0	SIM_HIERARQUICA	A_MUITO_FORTE	OK	1	1	VALIDATED_SAME_CONTENT_7_TARGETS	A_MUITO_FORTE	Lymphocryptovirus callitrichinegamma3	OK
Lib2barcode48	OK	1228	231	997	231	0	231	0	0	0.0	0	0	0.0	0.0				Lib2	barcode48	48	7	montagem_LIB_3_HSV6;montagem_LIB_3_HSV7;montagens_Alouatta_macconnelli_cytomegalovirus;montagens_Alouatta_palliata_cytomegalovirus;montagens_CALHV3;montagens_Cebus_albifrons_lymphocryptovirus_1;montagens_consenso_H1	1	7	7	966904	512489;512799;512995;513133;513200;513227;513237	1	0	Lib2	barcode48	2196	354	Lymphocryptovirus callitrichinegamma3	S	3050250	Lymphocryptovirus	10375	39	0	354	32	9.04	269	108	161	FORTE	106331	callitrichine gammaherpesvirus 3	Lymphocryptovirus	10375	108	98.696	100.44	230	398.0	SIM_HIERARQUICA	A_MUITO_FORTE	OK	1	1	VALIDATED_SAME_CONTENT_7_TARGETS	A_MUITO_FORTE	Lymphocryptovirus callitrichinegamma3	OK
Lib2barcode49	OK	2435	0	2435	0	0	0	0	0	0.0	0	0						Lib2	barcode49	49	7	montagem_LIB_3_HSV6;montagem_LIB_3_HSV7;montagens_Alouatta_macconnelli_cytomegalovirus;montagens_Alouatta_palliata_cytomegalovirus;montagens_CALHV3;montagens_Cebus_albifrons_lymphocryptovirus_1;montagens_consenso_H1	1	7	7	2251229	1376320;1376480;1376582;1376868;1377031;1377874;1377900	1	0	Lib2	barcode49	4241	2						0	0	0	0	0.00	0	0	0						0					NAO	SEM_EVIDENCIA	OK	1	1	VALIDATED_SAME_CONTENT_7_TARGETS	SEM_EVIDENCIA		OK
Lib2barcode50	INPUT_DEDUPLICATED	2766	317	2449	317	0	317	0	206	0.069314	206	106	0.0	0.0				Lib2	barcode50	50	7	montagem_LIB_3_HSV6;montagem_LIB_3_HSV7;montagens_Alouatta_macconnelli_cytomegalovirus;montagens_Alouatta_palliata_cytomegalovirus;montagens_CALHV3;montagens_Cebus_albifrons_lymphocryptovirus_1;montagens_consenso_H1	1	7	7	2595782	1626610;1627215;1627464;1628031;1628255;1629410;1631436	1	0	Lib2	barcode50	5579	553	Lymphocryptovirus callitrichinegamma3	S	3050250	Lymphocryptovirus	10375	119	0	1177	39	3.31	443	199	244	FORTE	106331	callitrichine gammaherpesvirus 3	Lymphocryptovirus	10375	199	98.684	99.56	228	398.0	SIM_HIERARQUICA	A_MUITO_FORTE	OK	1	1	VALIDATED_SAME_CONTENT_7_TARGETS	A_MUITO_FORTE	Lymphocryptovirus callitrichinegamma3	OK
Lib2barcode51	OK	2572	199	2373	199	0	199	0	0	0.0	0	0	0.0	0.0				Lib2	barcode51	51	7	montagem_LIB_3_HSV6;montagem_LIB_3_HSV7;montagens_Alouatta_macconnelli_cytomegalovirus;montagens_Alouatta_palliata_cytomegalovirus;montagens_CALHV3;montagens_Cebus_albifrons_lymphocryptovirus_1;montagens_consenso_H1	1	7	7	2034351	1489455;1490083;1490152;1490187;1490266;1490390;1490447	1	0	Lib2	barcode51	3668	243	Lymphocryptovirus callitrichinegamma3	S	3050250	Lymphocryptovirus	10375	49	0	435	37	8.51	213	126	87	FORTE	106331	callitrichine gammaherpesvirus 3	Lymphocryptovirus	10375	126	98.246	99.56	228	394.0	SIM_HIERARQUICA	A_MUITO_FORTE	OK	1	1	VALIDATED_SAME_CONTENT_7_TARGETS	A_MUITO_FORTE	Lymphocryptovirus callitrichinegamma3	OK
Lib2barcode52	INPUT_DEDUPLICATED	1079	247	832	247	0	247	0	10	0.009183	10	1	0.0	0.0				Lib2	barcode52	52	7	montagem_LIB_3_HSV6;montagem_LIB_3_HSV7;montagens_Alouatta_macconnelli_cytomegalovirus;montagens_Alouatta_palliata_cytomegalovirus;montagens_CALHV3;montagens_Cebus_albifrons_lymphocryptovirus_1;montagens_consenso_H1	1	7	7	892540	378838;379056;379081;379184;379263;379769;380393	1	0	Lib2	barcode52	2435	413	Lymphocryptovirus callitrichinegamma3	S	3050250	Lymphocryptovirus	10375	105	0	652	39	5.98	323	58	265	FORTE	106331	callitrichine gammaherpesvirus 3	Lymphocryptovirus	10375	54	96.491	99.56	228	376.0	SIM_HIERARQUICA	A_MUITO_FORTE	OK	1	1	VALIDATED_SAME_CONTENT_7_TARGETS	A_MUITO_FORTE	Lymphocryptovirus callitrichinegamma3	OK
Lib2barcode53	INPUT_DEDUPLICATED	1742	776	966	776	0	776	0	249	0.125063	249	95	0.0	0.0				Lib2	barcode53	53	7	montagem_LIB_3_HSV6;montagem_LIB_3_HSV7;montagens_Alouatta_macconnelli_cytomegalovirus;montagens_Alouatta_palliata_cytomegalovirus;montagens_CALHV3;montagens_Cebus_albifrons_lymphocryptovirus_1;montagens_consenso_H1	1	7	7	2906485	818809;820213;820239;820433;822645;823237;823283	1	0	Lib2	barcode53	9332	2964	Simplexvirus humanalpha1	S	3050292	Simplexvirus	10294	413	0	6993	363	5.19	2241	296	1945	FORTE	10298	Human alphaherpesvirus 1	Simplexvirus	10294	295	98.504	96.39	401	693.0	SIM_HIERARQUICA	A_MUITO_FORTE	OK	1	1	VALIDATED_SAME_CONTENT_7_TARGETS	A_MUITO_FORTE	Simplexvirus humanalpha1	OK
Lib2barcode54	OK	2042	15	2027	15	0	15	0	0	0.0	0	0	0.0	0.0				Lib2	barcode54	54	7	montagem_LIB_3_HSV6;montagem_LIB_3_HSV7;montagens_Alouatta_macconnelli_cytomegalovirus;montagens_Alouatta_palliata_cytomegalovirus;montagens_CALHV3;montagens_Cebus_albifrons_lymphocryptovirus_1;montagens_consenso_H1	1	7	7	2037975	912340;912419;912657;912691;912734;912954;913058	1	0	Lib2	barcode54	4368	43	Lymphocryptovirus callitrichinegamma3	S	3050250	Lymphocryptovirus	10375	3	0	53	20	37.74	29	10	19	FORTE	106331	callitrichine gammaherpesvirus 3	Lymphocryptovirus	10375	10	97.368	99.56	228	385.0	SIM_HIERARQUICA	A_MUITO_FORTE	OK	1	1	VALIDATED_SAME_CONTENT_7_TARGETS	A_MUITO_FORTE	Lymphocryptovirus callitrichinegamma3	OK
Lib2barcode55	OK	2086	176	1910	176	0	176	0	0	0.0	0	0	0.0	0.0				Lib2	barcode55	55	7	montagem_LIB_3_HSV6;montagem_LIB_3_HSV7;montagens_Alouatta_macconnelli_cytomegalovirus;montagens_Alouatta_palliata_cytomegalovirus;montagens_CALHV3;montagens_Cebus_albifrons_lymphocryptovirus_1;montagens_consenso_H1	1	7	7	1916747	979276;979314;979541;979730;979805;979850;980023	1	0	Lib2	barcode55	3994	280	Lymphocryptovirus callitrichinegamma3	S	3050250	Lymphocryptovirus	10375	74	0	623	41	6.58	180	106	74	FORTE	106331	callitrichine gammaherpesvirus 3	Lymphocryptovirus	10375	106	99.561	99.56	228	407.0	SIM_HIERARQUICA	A_MUITO_FORTE	OK	1	1	VALIDATED_SAME_CONTENT_7_TARGETS	A_MUITO_FORTE	Lymphocryptovirus callitrichinegamma3	OK
Lib2barcode56	INPUT_DEDUPLICATED	3282	344	2938	344	0	344	0	397	0.10791	397	140	0.0	0.0				Lib2	barcode56	56	7	montagem_LIB_3_HSV6;montagem_LIB_3_HSV7;montagens_Alouatta_macconnelli_cytomegalovirus;montagens_Alouatta_palliata_cytomegalovirus;montagens_CALHV3;montagens_Cebus_albifrons_lymphocryptovirus_1;montagens_consenso_H1	1	7	7	3217901	1609875;1611363;1611568;1612253;1612755;1612942;1614388	1	0	Lib2	barcode56	7667	606	Lymphocryptovirus callitrichinegamma3	S	3050250	Lymphocryptovirus	10375	10	0	459	31	6.75	417	149	268	FORTE	106331	callitrichine gammaherpesvirus 3	Lymphocryptovirus	10375	148	97.391	100.44	230	385.0	SIM_HIERARQUICA	A_MUITO_FORTE	OK	1	1	VALIDATED_SAME_CONTENT_7_TARGETS	A_MUITO_FORTE	Lymphocryptovirus callitrichinegamma3	OK
Lib2barcode57	OK	1285	183	1102	183	0	183	0	0	0.0	0	0	0.0	0.0				Lib2	barcode57	57	7	montagem_LIB_3_HSV6;montagem_LIB_3_HSV7;montagens_Alouatta_macconnelli_cytomegalovirus;montagens_Alouatta_palliata_cytomegalovirus;montagens_CALHV3;montagens_Cebus_albifrons_lymphocryptovirus_1;montagens_consenso_H1	1	7	7	1384610	688099;688303;688357;688450;688543;688721;689005	1	0	Lib2	barcode57	2894	354	Lymphocryptovirus callitrichinegamma3	S	3050250	Lymphocryptovirus	10375	34	0	445	36	8.09	280	77	203	FORTE	106331	callitrichine gammaherpesvirus 3	Lymphocryptovirus	10375	77	98.246	99.56	228	394.0	SIM_HIERARQUICA	A_MUITO_FORTE	OK	1	1	VALIDATED_SAME_CONTENT_7_TARGETS	A_MUITO_FORTE	Lymphocryptovirus callitrichinegamma3	OK
Lib2barcode58	INPUT_DEDUPLICATED	3947	0	3947	0	0	0	0	238	0.05687	238	92						Lib2	barcode58	58	7	montagem_LIB_3_HSV6;montagem_LIB_3_HSV7;montagens_Alouatta_macconnelli_cytomegalovirus;montagens_Alouatta_palliata_cytomegalovirus;montagens_CALHV3;montagens_Cebus_albifrons_lymphocryptovirus_1;montagens_consenso_H1	1	7	7	3464275	1759476;1762022;1763749;1763887;1764239;1764366;1764413	1	0	Lib2	barcode58	7999	0						0	0	0	0	0.00	0	0	0						0					NAO	SEM_EVIDENCIA	OK	1	1	VALIDATED_SAME_CONTENT_7_TARGETS	SEM_EVIDENCIA		OK
Lib2barcode59	OK	983	0	983	0	0	0	0	0	0.0	0	0						Lib2	barcode59	59	7	montagem_LIB_3_HSV6;montagem_LIB_3_HSV7;montagens_Alouatta_macconnelli_cytomegalovirus;montagens_Alouatta_palliata_cytomegalovirus;montagens_CALHV3;montagens_Cebus_albifrons_lymphocryptovirus_1;montagens_consenso_H1	1	7	7	1578300	392584;392651;392756;392799;392883;393024;393201	1	0	Lib2	barcode59	3142	0						0	0	0	0	0.00	0	0	0						0					NAO	SEM_EVIDENCIA	OK	1	1	VALIDATED_SAME_CONTENT_7_TARGETS	SEM_EVIDENCIA		OK
Lib2barcode60	OK	1752	0	1752	0	0	0	0	0	0.0	0	0						Lib2	barcode60	60	7	montagem_LIB_3_HSV6;montagem_LIB_3_HSV7;montagens_Alouatta_macconnelli_cytomegalovirus;montagens_Alouatta_palliata_cytomegalovirus;montagens_CALHV3;montagens_Cebus_albifrons_lymphocryptovirus_1;montagens_consenso_H1	1	7	7	1408334	933479;933844;933864;934002;934210;934306;934613	1	0	Lib2	barcode60	2724	2	Simplexvirus	G	10294	Simplexvirus	10294	1	1	27	27	100.00	0	0	0						0					KRAKEN_APENAS	KRAKEN_APENAS	OK	1	1	VALIDATED_SAME_CONTENT_7_TARGETS	KRAKEN_APENAS	Simplexvirus	OK
Lib2barcode61	OK	2752	0	2752	0	0	0	0	0	0.0	0	0						Lib2	barcode61	61	7	montagem_LIB_3_HSV6;montagem_LIB_3_HSV7;montagens_Alouatta_macconnelli_cytomegalovirus;montagens_Alouatta_palliata_cytomegalovirus;montagens_CALHV3;montagens_Cebus_albifrons_lymphocryptovirus_1;montagens_consenso_H1	1	7	7	2065786	1361924;1362069;1362074;1362187;1362390;1362613;1362785	1	0	Lib2	barcode61	4138	6	Lymphocryptovirus	G	10375	Lymphocryptovirus	10375	2	2	31	26	83.87	0	0	0						0					KRAKEN_APENAS	KRAKEN_APENAS	OK	1	1	VALIDATED_SAME_CONTENT_7_TARGETS	KRAKEN_APENAS	Lymphocryptovirus	OK
Lib2barcode62	OK	2900	0	2900	0	0	0	0	0	0.0	0	0						Lib2	barcode62	62	7	montagem_LIB_3_HSV6;montagem_LIB_3_HSV7;montagens_Alouatta_macconnelli_cytomegalovirus;montagens_Alouatta_palliata_cytomegalovirus;montagens_CALHV3;montagens_Cebus_albifrons_lymphocryptovirus_1;montagens_consenso_H1	1	7	7	1996583	1298697;1299332;1299451;1299510;1299604;1299698;1299826	1	0	Lib2	barcode62	4562	2						0	0	0	0	0.00	0	0	0						0					NAO	SEM_EVIDENCIA	OK	1	1	VALIDATED_SAME_CONTENT_7_TARGETS	SEM_EVIDENCIA		OK
Lib2barcode63	OK	2467	0	2467	0	0	0	0	0	0.0	0	0						Lib2	barcode63	63	7	montagem_LIB_3_HSV6;montagem_LIB_3_HSV7;montagens_Alouatta_macconnelli_cytomegalovirus;montagens_Alouatta_palliata_cytomegalovirus;montagens_CALHV3;montagens_Cebus_albifrons_lymphocryptovirus_1;montagens_consenso_H1	1	7	7	2158169	1341983;1342321;1342424;1342429;1342454;1342543;1343432	1	0	Lib2	barcode63	4093	1						0	0	0	0	0.00	0	0	0						0					NAO	SEM_EVIDENCIA	OK	1	1	VALIDATED_SAME_CONTENT_7_TARGETS	SEM_EVIDENCIA		OK
Lib2barcode64	OK	1015	127	888	127	0	127	0	0	0.0	0	0	0.0	0.0				Lib2	barcode64	64	7	montagem_LIB_3_HSV6;montagem_LIB_3_HSV7;montagens_Alouatta_macconnelli_cytomegalovirus;montagens_Alouatta_palliata_cytomegalovirus;montagens_CALHV3;montagens_Cebus_albifrons_lymphocryptovirus_1;montagens_consenso_H1	1	7	7	1369277	587782;587839;587862;588017;588190;588249;588943	1	0	Lib2	barcode64	2689	326	Lymphocryptovirus callitrichinegamma3	S	3050250	Lymphocryptovirus	10375	26	0	419	44	10.50	226	48	178	FORTE	106331	callitrichine gammaherpesvirus 3	Lymphocryptovirus	10375	48	97.807	99.56	228	389.0	SIM_HIERARQUICA	A_MUITO_FORTE	OK	1	1	VALIDATED_SAME_CONTENT_7_TARGETS	A_MUITO_FORTE	Lymphocryptovirus callitrichinegamma3	OK
Lib2barcode65	INPUT_DEDUPLICATED	1372	248	1124	248	0	248	0	50	0.035162	50	28	0.0	0.0				Lib2	barcode65	65	7	montagem_LIB_3_HSV6;montagem_LIB_3_HSV7;montagens_Alouatta_macconnelli_cytomegalovirus;montagens_Alouatta_palliata_cytomegalovirus;montagens_CALHV3;montagens_Cebus_albifrons_lymphocryptovirus_1;montagens_consenso_H1	1	7	7	1518023	746224;747854;747989;748014;748266;748452;748782	1	0	Lib2	barcode65	3724	612	Lymphocryptovirus callitrichinegamma3	S	3050250	Lymphocryptovirus	10375	51	0	685	66	9.64	629	53	576	FORTE	106331	callitrichine gammaherpesvirus 3	Lymphocryptovirus	10375	52	97.817	99.57	229	388.0	SIM_HIERARQUICA	A_MUITO_FORTE	OK	1	1	VALIDATED_SAME_CONTENT_7_TARGETS	A_MUITO_FORTE	Lymphocryptovirus callitrichinegamma3	OK
Lib2barcode66	OK	3154	0	3154	0	0	0	0	0	0.0	0	0						Lib2	barcode66	66	7	montagem_LIB_3_HSV6;montagem_LIB_3_HSV7;montagens_Alouatta_macconnelli_cytomegalovirus;montagens_Alouatta_palliata_cytomegalovirus;montagens_CALHV3;montagens_Cebus_albifrons_lymphocryptovirus_1;montagens_consenso_H1	1	7	7	2634327	1973982;1974629;1974681;1974750;1975006;1975120;1975537	1	0	Lib2	barcode66	4387	1						0	0	0	0	0.00	0	0	0						0					NAO	SEM_EVIDENCIA	OK	1	1	VALIDATED_SAME_CONTENT_7_TARGETS	SEM_EVIDENCIA		OK
Lib2barcode67	OK	986	121	865	121	0	121	0	0	0.0	0	0	0.0	0.0				Lib2	barcode67	67	7	montagem_LIB_3_HSV6;montagem_LIB_3_HSV7;montagens_Alouatta_macconnelli_cytomegalovirus;montagens_Alouatta_palliata_cytomegalovirus;montagens_CALHV3;montagens_Cebus_albifrons_lymphocryptovirus_1;montagens_consenso_H1	1	7	7	887770	614496;614732;614854;615011;615054;615179;615226	1	0	Lib2	barcode67	1625	211	Lymphocryptovirus callitrichinegamma3	S	3050250	Lymphocryptovirus	10375	30	0	266	40	15.04	206	47	159	FORTE	106331	callitrichine gammaherpesvirus 3	Lymphocryptovirus	10375	47	98.246	99.56	228	394.0	SIM_HIERARQUICA	A_MUITO_FORTE	OK	1	1	VALIDATED_SAME_CONTENT_7_TARGETS	A_MUITO_FORTE	Lymphocryptovirus callitrichinegamma3	OK
Lib2barcode68	OK	1990	0	1990	0	0	0	0	0	0.0	0	0						Lib2	barcode68	68	7	montagem_LIB_3_HSV6;montagem_LIB_3_HSV7;montagens_Alouatta_macconnelli_cytomegalovirus;montagens_Alouatta_palliata_cytomegalovirus;montagens_CALHV3;montagens_Cebus_albifrons_lymphocryptovirus_1;montagens_consenso_H1	1	7	7	1529379	1019461;1019758;1019774;1020316;1020498;1020515;1020628	1	0	Lib2	barcode68	3116	1						0	0	0	0	0.00	0	0	0						0					NAO	SEM_EVIDENCIA	OK	1	1	VALIDATED_SAME_CONTENT_7_TARGETS	SEM_EVIDENCIA		OK
Lib2barcode69	OK	1221	0	1221	0	0	0	0	0	0.0	0	0						Lib2	barcode69	69	7	montagem_LIB_3_HSV6;montagem_LIB_3_HSV7;montagens_Alouatta_macconnelli_cytomegalovirus;montagens_Alouatta_palliata_cytomegalovirus;montagens_CALHV3;montagens_Cebus_albifrons_lymphocryptovirus_1;montagens_consenso_H1	1	7	7	946001	619610;619687;619831;619893;619958;619973;620058	1	0	Lib2	barcode69	1857	4	Lymphocryptovirus	G	10375	Lymphocryptovirus	10375	1	1	16	16	100.00	0	0	0						0					KRAKEN_APENAS	KRAKEN_APENAS	OK	1	1	VALIDATED_SAME_CONTENT_7_TARGETS	KRAKEN_APENAS	Lymphocryptovirus	OK
Lib2barcode70	OK	848	244	604	244	0	244	0	0	0.0	0	0	0.0	0.0				Lib2	barcode70	70	7	montagem_LIB_3_HSV6;montagem_LIB_3_HSV7;montagens_Alouatta_macconnelli_cytomegalovirus;montagens_Alouatta_palliata_cytomegalovirus;montagens_CALHV3;montagens_Cebus_albifrons_lymphocryptovirus_1;montagens_consenso_H1	1	7	7	532576	268726;268761;268883;269014;269018;269083;269281	1	0	Lib2	barcode70	1540	329	Lymphocryptovirus callitrichinegamma3	S	3050250	Lymphocryptovirus	10375	108	0	751	33	4.39	283	168	115	FORTE	106331	callitrichine gammaherpesvirus 3	Lymphocryptovirus	10375	168	99.123	99.56	228	403.0	SIM_HIERARQUICA	A_MUITO_FORTE	OK	1	1	VALIDATED_SAME_CONTENT_7_TARGETS	A_MUITO_FORTE	Lymphocryptovirus callitrichinegamma3	OK
Lib2barcode71	INPUT_DEDUPLICATED	1743	389	1354	389	0	389	0	203	0.104317	203	77	0.0	0.0				Lib2	barcode71	71	7	montagem_LIB_3_HSV6;montagem_LIB_3_HSV7;montagens_Alouatta_macconnelli_cytomegalovirus;montagens_Alouatta_palliata_cytomegalovirus;montagens_CALHV3;montagens_Cebus_albifrons_lymphocryptovirus_1;montagens_consenso_H1	1	7	7	2006650	807989;809328;809593;810192;810848;811398;811949	1	0	Lib2	barcode71	5582	761	Lymphocryptovirus callitrichinegamma3	S	3050250	Lymphocryptovirus	10375	73	0	1062	49	4.61	766	197	569	FORTE	106331	callitrichine gammaherpesvirus 3	Lymphocryptovirus	10375	196	97.807	99.56	228	389.0	SIM_HIERARQUICA	A_MUITO_FORTE	OK	1	1	VALIDATED_SAME_CONTENT_7_TARGETS	A_MUITO_FORTE	Lymphocryptovirus callitrichinegamma3	OK
Lib2barcode72	OK	1303	316	987	316	0	316	0	0	0.0	0	0	0.0	0.0				Lib2	barcode72	72	7	montagem_LIB_3_HSV6;montagem_LIB_3_HSV7;montagens_Alouatta_macconnelli_cytomegalovirus;montagens_Alouatta_palliata_cytomegalovirus;montagens_CALHV3;montagens_Cebus_albifrons_lymphocryptovirus_1;montagens_consenso_H1	1	7	7	856112	452890;453078;453156;453202;453209;453301;453335	1	0	Lib2	barcode72	2540	484	Lymphocryptovirus callitrichinegamma3	S	3050250	Lymphocryptovirus	10375	66	0	660	53	8.03	475	161	314	FORTE	106331	callitrichine gammaherpesvirus 3	Lymphocryptovirus	10375	161	98.684	99.56	228	398.0	SIM_HIERARQUICA	A_MUITO_FORTE	OK	1	1	VALIDATED_SAME_CONTENT_7_TARGETS	A_MUITO_FORTE	Lymphocryptovirus callitrichinegamma3	OK
Lib2barcode73	OK	2452	408	2044	408	0	408	0	0	0.0	0	0	0.0	0.0				Lib2	barcode73	73	7	montagem_LIB_3_HSV6;montagem_LIB_3_HSV7;montagens_Alouatta_macconnelli_cytomegalovirus;montagens_Alouatta_palliata_cytomegalovirus;montagens_CALHV3;montagens_Cebus_albifrons_lymphocryptovirus_1;montagens_consenso_H1	1	7	7	1701887	935198;935343;935493;935524;935584;935593;935654	1	0	Lib2	barcode73	4203	581	Lymphocryptovirus callitrichinegamma3	S	3050250	Lymphocryptovirus	10375	279	0	2577	42	1.63	408	227	181	FORTE	106331	callitrichine gammaherpesvirus 3	Lymphocryptovirus	10375	226	97.826	100.44	230	389.0	SIM_HIERARQUICA	A_MUITO_FORTE	OK	1	1	VALIDATED_SAME_CONTENT_7_TARGETS	A_MUITO_FORTE	Lymphocryptovirus callitrichinegamma3	OK
Lib2barcode74	INPUT_DEDUPLICATED	2610	0	2610	0	0	0	0	16	0.006093	16	5						Lib2	barcode74	74	7	montagem_LIB_3_HSV6;montagem_LIB_3_HSV7;montagens_Alouatta_macconnelli_cytomegalovirus;montagens_Alouatta_palliata_cytomegalovirus;montagens_CALHV3;montagens_Cebus_albifrons_lymphocryptovirus_1;montagens_consenso_H1	1	7	7	1609895	966395;966554;967297;967458;967521;967891;968474	1	0	Lib2	barcode74	4364	0						0	0	0	0	0.00	0	0	0						0					NAO	SEM_EVIDENCIA	OK	1	1	VALIDATED_SAME_CONTENT_7_TARGETS	SEM_EVIDENCIA		OK
Lib2barcode75	INPUT_DEDUPLICATED	2575	192	2383	192	0	192	0	318	0.10992	318	96	0.0	0.0				Lib2	barcode75	75	7	montagem_LIB_3_HSV6;montagem_LIB_3_HSV7;montagens_Alouatta_macconnelli_cytomegalovirus;montagens_Alouatta_palliata_cytomegalovirus;montagens_CALHV3;montagens_Cebus_albifrons_lymphocryptovirus_1;montagens_consenso_H1	1	7	7	2662518	1045614;1047286;1047929;1048079;1048234;1049449;1050009	1	0	Lib2	barcode75	7815	662	Lymphocryptovirus callitrichinegamma3	S	3050250	Lymphocryptovirus	10375	215	0	2336	60	2.57	337	74	263	FORTE	106331	callitrichine gammaherpesvirus 3	Lymphocryptovirus	10375	68	98.261	100.44	230	390.0	SIM_HIERARQUICA	A_MUITO_FORTE	OK	1	1	VALIDATED_SAME_CONTENT_7_TARGETS	A_MUITO_FORTE	Lymphocryptovirus callitrichinegamma3	OK
Lib2barcode76	MULTITARGET_ALIGNMENT;TIED_BEST_AS;AMAC_APAL_REFERENCE_AMBIGUITY	749	60	689	23	37	57	3	0	0.0	0	0	0.61666667	0.05	1_HAPLOTIPO_DPOL_OBSERVADO_REFERENCIAS_AMBIGUAS	COMPATIVEL_COM_AMACCMV_E_APALCMV_SEM_RESOLUCAO_ENTRE_REFERENCIAS	EVIDENCIA_DE_DOIS_HAPLOTIPOS_NAO_DEMONSTRADA	Lib2	barcode76	76	7	montagem_LIB_3_HSV6;montagem_LIB_3_HSV7;montagens_Alouatta_macconnelli_cytomegalovirus;montagens_Alouatta_palliata_cytomegalovirus;montagens_CALHV3;montagens_Cebus_albifrons_lymphocryptovirus_1;montagens_consenso_H1	1	7	7	443305	289365;289373;289414;289451;289486;289657;289751	1	0	Lib2	barcode76	1151	41	Alouatta macconnelli cytomegalovirus	S	1881000	Cytomegalovirus	10358	35	35	225	9	4.00	69	0	69	DIVERGENTE	1881000	Alouatta macconnelli cytomegalovirus	Cytomegalovirus	10358	69	93.805	100.00	226	347.0	SIM_EXATO	C_DIVERGENTE_CONCORDANTE	OK	1	1	VALIDATED_SAME_CONTENT_7_TARGETS	C_DIVERGENTE_CONCORDANTE	Alouatta macconnelli cytomegalovirus	OK
Lib2barcode77	INPUT_DEDUPLICATED	2361	1	2360	1	0	1	0	28	0.01172	28	10	0.0	0.0				Lib2	barcode77	77	7	montagem_LIB_3_HSV6;montagem_LIB_3_HSV7;montagens_Alouatta_macconnelli_cytomegalovirus;montagens_Alouatta_palliata_cytomegalovirus;montagens_CALHV3;montagens_Cebus_albifrons_lymphocryptovirus_1;montagens_consenso_H1	1	7	7	1196908	794526;795136;795902;796066;796909;797156;797798	1	0	Lib2	barcode77	3682	5	Simplexvirus	G	10294	Simplexvirus	10294	2	2	28	28	100.00	1	1	0	FORTE	106331	callitrichine gammaherpesvirus 3	Lymphocryptovirus	10375	1	97.380	100.00	229	387.0	DIVERGENCIA_TAXONOMICA	REVISAR_TAXONOMIA	OK	1	1	VALIDATED_SAME_CONTENT_7_TARGETS	REVISAR_TAXONOMIA	Simplexvirus	OK
Lib2barcode78	INPUT_DEDUPLICATED	6485	0	6485	0	0	0	0	1842	0.221208	1842	701						Lib2	barcode78	78	7	montagem_LIB_3_HSV6;montagem_LIB_3_HSV7;montagens_Alouatta_macconnelli_cytomegalovirus;montagens_Alouatta_palliata_cytomegalovirus;montagens_CALHV3;montagens_Cebus_albifrons_lymphocryptovirus_1;montagens_consenso_H1	1	7	7	7082243	3398995;3400897;3401132;3402089;3402268;3402725;3403691	1	0	Lib2	barcode78	17353	1						0	0	0	0	0.00	0	0	0						0					NAO	SEM_EVIDENCIA	OK	1	1	VALIDATED_SAME_CONTENT_7_TARGETS	SEM_EVIDENCIA		OK
Lib2barcode79	OK	2369	328	2041	328	0	328	0	0	0.0	0	0	0.0	0.0				Lib2	barcode79	79	7	montagem_LIB_3_HSV6;montagem_LIB_3_HSV7;montagens_Alouatta_macconnelli_cytomegalovirus;montagens_Alouatta_palliata_cytomegalovirus;montagens_CALHV3;montagens_Cebus_albifrons_lymphocryptovirus_1;montagens_consenso_H1	1	7	7	1540058	1136638;1136788;1136850;1136996;1137117;1137160;1137572	1	0	Lib2	barcode79	3352	435	Lymphocryptovirus callitrichinegamma3	S	3050250	Lymphocryptovirus	10375	58	0	592	33	5.57	422	183	239	FORTE	106331	callitrichine gammaherpesvirus 3	Lymphocryptovirus	10375	183	98.246	99.56	228	394.0	SIM_HIERARQUICA	A_MUITO_FORTE	OK	1	1	VALIDATED_SAME_CONTENT_7_TARGETS	A_MUITO_FORTE	Lymphocryptovirus callitrichinegamma3	OK
Lib2barcode80	OK	392	0	392	0	0	0	0	0	0.0	0	0						Lib2	barcode80	80	7	montagem_LIB_3_HSV6;montagem_LIB_3_HSV7;montagens_Alouatta_macconnelli_cytomegalovirus;montagens_Alouatta_palliata_cytomegalovirus;montagens_CALHV3;montagens_Cebus_albifrons_lymphocryptovirus_1;montagens_consenso_H1	1	7	7	341706	230445;230466;230469;230486;230541;230554	1	0	Lib2	barcode80	631	3	Simplexvirus	G	10294	Simplexvirus	10294	2	2	45	36	80.00	0	0	0						0					KRAKEN_APENAS	KRAKEN_APENAS	OK	1	1	VALIDATED_SAME_CONTENT_7_TARGETS	KRAKEN_APENAS	Simplexvirus	OK
Lib2barcode81	INPUT_DEDUPLICATED	2655	630	2025	630	0	630	0	507	0.160342	507	197	0.0	0.0				Lib2	barcode81	81	8	montagem_LIB_3_HSV6;montagem_LIB_3_HSV7;montagem_LIB_3_Macaca_Fascicularis_Lymphocryptovirus;montagens_Alouatta_macconnelli_cytomegalovirus;montagens_Alouatta_palliata_cytomegalovirus;montagens_CALHV3;montagens_Cebus_albifrons_lymphocryptovirus_1;montagens_consenso_H1	1	8	8	3037953	1419020;1419536;1419922;1419980;1420211;1420411;1420558;3045844	1	0	Lib2	barcode81	8925	1129	Cebus albifrons lymphocryptovirus 1	S	209064	Lymphocryptovirus	10375	952	952	7993	20	0.25	942	208	734	FORTE	209064	Cebus albifrons lymphocryptovirus 1	Lymphocryptovirus	10375	208	98.598	100.00	214	370.0	SIM_EXATO	A_MUITO_FORTE	OK	1	1	VALIDATED_SAME_CONTENT_7_TARGETS	A_MUITO_FORTE	Cebus albifrons lymphocryptovirus 1	OK
Lib2barcode82	MULTITARGET_ALIGNMENT;TIED_BEST_AS;AMAC_APAL_REFERENCE_AMBIGUITY	1243	30	1213	15	15	26	4	0	0.0	0	0	0.5	0.13333333	1_HAPLOTIPO_DPOL_OBSERVADO_REFERENCIAS_AMBIGUAS	COMPATIVEL_COM_AMACCMV_E_APALCMV_SEM_RESOLUCAO_ENTRE_REFERENCIAS	EVIDENCIA_DE_DOIS_HAPLOTIPOS_NAO_DEMONSTRADA	Lib2	barcode82	82	7	montagem_LIB_3_HSV6;montagem_LIB_3_HSV7;montagens_Alouatta_macconnelli_cytomegalovirus;montagens_Alouatta_palliata_cytomegalovirus;montagens_CALHV3;montagens_Cebus_albifrons_lymphocryptovirus_1;montagens_consenso_H1	1	7	7	749342	456877;456894;456950;456991;457131;457150;457356	1	0	Lib2	barcode82	2115	26	Alouatta macconnelli cytomegalovirus	S	1881000	Cytomegalovirus	10358	19	19	131	9	6.87	35	0	35	DIVERGENTE	1881000	Alouatta macconnelli cytomegalovirus	Cytomegalovirus	10358	35	93.363	100.00	226	343.0	SIM_EXATO	C_DIVERGENTE_CONCORDANTE	OK	1	1	VALIDATED_SAME_CONTENT_7_TARGETS	C_DIVERGENTE_CONCORDANTE	Alouatta macconnelli cytomegalovirus	OK
Lib2barcode83	INPUT_DEDUPLICATED	1460	0	1460	0	0	0	0	4	0.002732	4	2						Lib2	barcode83	83	7	montagem_LIB_3_HSV6;montagem_LIB_3_HSV7;montagens_Alouatta_macconnelli_cytomegalovirus;montagens_Alouatta_palliata_cytomegalovirus;montagens_CALHV3;montagens_Cebus_albifrons_lymphocryptovirus_1;montagens_consenso_H1	1	7	7	1125594	722099;722447;722465;722470;722486;723022;723118	1	0	Lib2	barcode83	2649	1						0	0	0	0	0.00	0	0	0						0					NAO	SEM_EVIDENCIA	OK	1	1	VALIDATED_SAME_CONTENT_7_TARGETS	SEM_EVIDENCIA		OK
Lib2barcode84	OK	731	0	731	0	0	0	0	0	0.0	0	0						Lib2	barcode84	84	7	montagem_LIB_3_HSV6;montagem_LIB_3_HSV7;montagens_Alouatta_macconnelli_cytomegalovirus;montagens_Alouatta_palliata_cytomegalovirus;montagens_CALHV3;montagens_Cebus_albifrons_lymphocryptovirus_1;montagens_consenso_H1	1	7	7	600202	400323;400327;400461;400479;400544;400551;400600	1	0	Lib2	barcode84	1275	4	Lymphocryptovirus callitrichinegamma3	S	3050250	Lymphocryptovirus	10375	1	0	13	12	92.31	0	0	0						0					KRAKEN_APENAS	KRAKEN_APENAS	OK	1	1	VALIDATED_SAME_CONTENT_7_TARGETS	KRAKEN_APENAS	Lymphocryptovirus callitrichinegamma3	OK
Lib2barcode85	OK	719	127	592	127	0	127	0	0	0.0	0	0	0.0	0.0				Lib2	barcode85	85	7	montagem_LIB_3_HSV6;montagem_LIB_3_HSV7;montagens_Alouatta_macconnelli_cytomegalovirus;montagens_Alouatta_palliata_cytomegalovirus;montagens_CALHV3;montagens_Cebus_albifrons_lymphocryptovirus_1;montagens_consenso_H1	1	7	7	570772	305789;305810;305968;305982;305986;306043;306145	1	0	Lib2	barcode85	1339	235	Lymphocryptovirus callitrichinegamma3	S	3050250	Lymphocryptovirus	10375	30	0	227	28	12.33	144	59	85	FORTE	106331	callitrichine gammaherpesvirus 3	Lymphocryptovirus	10375	59	97.391	100.44	230	385.0	SIM_HIERARQUICA	A_MUITO_FORTE	OK	1	1	VALIDATED_SAME_CONTENT_7_TARGETS	A_MUITO_FORTE	Lymphocryptovirus callitrichinegamma3	OK
Lib2barcode86	OK	1248	230	1018	230	0	230	0	0	0.0	0	0	0.0	0.0				Lib2	barcode86	86	7	montagem_LIB_3_HSV6;montagem_LIB_3_HSV7;montagens_Alouatta_macconnelli_cytomegalovirus;montagens_Alouatta_palliata_cytomegalovirus;montagens_CALHV3;montagens_Cebus_albifrons_lymphocryptovirus_1;montagens_consenso_H1	1	7	7	1292713	677182;677265;677311;677363;677364;677554;677907	1	0	Lib2	barcode86	2562	443	Lymphocryptovirus callitrichinegamma3	S	3050250	Lymphocryptovirus	10375	82	0	768	30	3.91	325	141	184	FORTE	106331	callitrichine gammaherpesvirus 3	Lymphocryptovirus	10375	141	99.123	99.56	228	403.0	SIM_HIERARQUICA	A_MUITO_FORTE	OK	1	1	VALIDATED_SAME_CONTENT_7_TARGETS	A_MUITO_FORTE	Lymphocryptovirus callitrichinegamma3	OK
Lib2barcode87	OK	361	102	259	102	0	102	0	0	0.0	0	0	0.0	0.0				Lib2	barcode87	87	7	montagem_LIB_3_HSV6;montagem_LIB_3_HSV7;montagens_Alouatta_macconnelli_cytomegalovirus;montagens_Alouatta_palliata_cytomegalovirus;montagens_CALHV3;montagens_Cebus_albifrons_lymphocryptovirus_1;montagens_consenso_H1	1	7	7	498292	150441;150476;150480;150485;150502;150549;150585	1	0	Lib2	barcode87	1174	282	Lymphocryptovirus callitrichinegamma3	S	3050250	Lymphocryptovirus	10375	48	0	479	44	9.19	175	44	131	FORTE	106331	callitrichine gammaherpesvirus 3	Lymphocryptovirus	10375	44	98.230	99.12	226	390.0	SIM_HIERARQUICA	A_MUITO_FORTE	OK	1	1	VALIDATED_SAME_CONTENT_7_TARGETS	A_MUITO_FORTE	Lymphocryptovirus callitrichinegamma3	OK
Lib2barcode88	OK	884	0	884	0	0	0	0	0	0.0	0	0						Lib2	barcode88	88	7	montagem_LIB_3_HSV6;montagem_LIB_3_HSV7;montagens_Alouatta_macconnelli_cytomegalovirus;montagens_Alouatta_palliata_cytomegalovirus;montagens_CALHV3;montagens_Cebus_albifrons_lymphocryptovirus_1;montagens_consenso_H1	1	7	7	434562	235860;235909;235910;236049;236055;236351;236573	1	0	Lib2	barcode88	1541	1						0	0	0	0	0.00	0	0	0						0					NAO	SEM_EVIDENCIA	OK	1	1	VALIDATED_SAME_CONTENT_7_TARGETS	SEM_EVIDENCIA		OK
Lib2barcode89	OK	1494	534	960	534	0	534	0	0	0.0	0	0	0.0	0.0				Lib2	barcode89	89	7	montagem_LIB_3_HSV6;montagem_LIB_3_HSV7;montagens_Alouatta_macconnelli_cytomegalovirus;montagens_Alouatta_palliata_cytomegalovirus;montagens_CALHV3;montagens_Cebus_albifrons_lymphocryptovirus_1;montagens_consenso_H1	1	7	7	734607	389941;390069;390081;390085;390244;390338;390464	1	0	Lib2	barcode89	2698	695	Lymphocryptovirus callitrichinegamma3	S	3050250	Lymphocryptovirus	10375	82	0	926	49	5.29	617	302	315	FORTE	106331	callitrichine gammaherpesvirus 3	Lymphocryptovirus	10375	302	98.246	99.56	228	394.0	SIM_HIERARQUICA	A_MUITO_FORTE	OK	1	1	VALIDATED_SAME_CONTENT_7_TARGETS	A_MUITO_FORTE	Lymphocryptovirus callitrichinegamma3	OK
Lib2barcode90	OK	717	115	602	115	0	115	0	0	0.0	0	0	0.0	0.0				Lib2	barcode90	90	7	montagem_LIB_3_HSV6;montagem_LIB_3_HSV7;montagens_Alouatta_macconnelli_cytomegalovirus;montagens_Alouatta_palliata_cytomegalovirus;montagens_CALHV3;montagens_Cebus_albifrons_lymphocryptovirus_1;montagens_consenso_H1	1	7	7	649464	359921;359963;360043;360068;360075;360165;360188	1	0	Lib2	barcode90	1489	310	Lymphocryptovirus callitrichinegamma3	S	3050250	Lymphocryptovirus	10375	25	0	404	30	7.43	207	40	167	FORTE	106331	callitrichine gammaherpesvirus 3	Lymphocryptovirus	10375	40	98.246	99.56	228	394.0	SIM_HIERARQUICA	A_MUITO_FORTE	OK	1	1	VALIDATED_SAME_CONTENT_7_TARGETS	A_MUITO_FORTE	Lymphocryptovirus callitrichinegamma3	OK
Lib2barcode91	OK	1130	97	1033	97	0	97	0	0	0.0	0	0	0.0	0.0				Lib2	barcode91	91	7	montagem_LIB_3_HSV6;montagem_LIB_3_HSV7;montagens_Alouatta_macconnelli_cytomegalovirus;montagens_Alouatta_palliata_cytomegalovirus;montagens_CALHV3;montagens_Cebus_albifrons_lymphocryptovirus_1;montagens_consenso_H1	1	7	7	553688	274343;274443;274671;274757;274845;274864;275201	1	0	Lib2	barcode91	2105	251	Lymphocryptovirus callitrichinegamma3	S	3050250	Lymphocryptovirus	10375	12	0	201	29	14.43	106	47	59	FORTE	106331	callitrichine gammaherpesvirus 3	Lymphocryptovirus	10375	47	98.268	89.53	231	396.0	SIM_HIERARQUICA	A_MUITO_FORTE	OK	1	1	VALIDATED_SAME_CONTENT_7_TARGETS	A_MUITO_FORTE	Lymphocryptovirus callitrichinegamma3	OK
Lib2barcode92	OK	690	0	690	0	0	0	0	0	0.0	0	0						Lib2	barcode92	92	7	montagem_LIB_3_HSV6;montagem_LIB_3_HSV7;montagens_Alouatta_macconnelli_cytomegalovirus;montagens_Alouatta_palliata_cytomegalovirus;montagens_CALHV3;montagens_Cebus_albifrons_lymphocryptovirus_1;montagens_consenso_H1	1	7	7	486161	215023;215071;215126;215150;215322;215353;215372	1	0	Lib2	barcode92	1592	1						0	0	0	0	0.00	0	0	0						0					NAO	SEM_EVIDENCIA	OK	1	1	VALIDATED_SAME_CONTENT_7_TARGETS	SEM_EVIDENCIA		OK
Lib2barcode93	OK	709	0	709	0	0	0	0	0	0.0	0	0						Lib2	barcode93	93	7	montagem_LIB_3_HSV6;montagem_LIB_3_HSV7;montagens_Alouatta_macconnelli_cytomegalovirus;montagens_Alouatta_palliata_cytomegalovirus;montagens_CALHV3;montagens_Cebus_albifrons_lymphocryptovirus_1;montagens_consenso_H1	1	7	7	776905	447237;447375;447443;447653;447677;447680;447922	1	0	Lib2	barcode93	1419	1						0	0	0	0	0.00	0	0	0						0					NAO	SEM_EVIDENCIA	OK	1	1	VALIDATED_SAME_CONTENT_7_TARGETS	SEM_EVIDENCIA		OK
Lib2barcode94	OK	196	0	196	0	0	0	0	0	0.0	0	0						Lib2	barcode94	94	7	montagem_LIB_3_HSV6;montagem_LIB_3_HSV7;montagens_Alouatta_macconnelli_cytomegalovirus;montagens_Alouatta_palliata_cytomegalovirus;montagens_CALHV3;montagens_Cebus_albifrons_lymphocryptovirus_1;montagens_consenso_H1	1	7	7	169522	102155;102183;102189;102203;102220;102231;102300	1	0	Lib2	barcode94	340	2						0	0	0	0	0.00	0	0	0						0					NAO	SEM_EVIDENCIA	OK	1	1	VALIDATED_SAME_CONTENT_7_TARGETS	SEM_EVIDENCIA		OK
Lib2barcode95	INPUT_DEDUPLICATED	782	467	315	467	0	467	0	30	0.036946	30	4	0.0	0.0				Lib2	barcode95	95	7	montagem_LIB_3_HSV6;montagem_LIB_3_HSV7;montagens_Alouatta_macconnelli_cytomegalovirus;montagens_Alouatta_palliata_cytomegalovirus;montagens_CALHV3;montagens_Cebus_albifrons_lymphocryptovirus_1;montagens_consenso_H1	1	7	7	1108418	238171;239662;239924;241471;241484;241651;243390	1	0	Lib2	barcode95	3305	899	Roseolovirus humanbeta7	S	3050298	Roseolovirus	40272	56	0	1450	51	3.52	553	145	408	FORTE	32604	Human betaherpesvirus 6B	Roseolovirus	40272	138	97.285	96.51	221	372.0	SIM_MESMO_GENERO	A_FORTE_GENERO	OK	1	1	VALIDATED_SAME_CONTENT_7_TARGETS	A_FORTE_GENERO	Roseolovirus humanbeta7	OK
Lib2barcode96	OK	850	0	850	0	0	0	0	0	0.0	0	0						Lib2	barcode96	96	7	montagem_LIB_3_HSV6;montagem_LIB_3_HSV7;montagens_Alouatta_macconnelli_cytomegalovirus;montagens_Alouatta_palliata_cytomegalovirus;montagens_CALHV3;montagens_Cebus_albifrons_lymphocryptovirus_1;montagens_consenso_H1	1	7	7	249485	143250;143266;143283;143287;143293;143328;143373	1	0	Lib2	barcode96	1556	0						0	0	0	0	0.00	0	0	0						0					NAO	SEM_EVIDENCIA	OK	1	1	VALIDATED_SAME_CONTENT_7_TARGETS	SEM_EVIDENCIA		OK
Lib3barcode01	OK	4484	832	3652	832	0	832	0	0	0.0	0	0	0.0	0.0				Lib3	barcode01	1	7	montagem_LIB_3_HSV6;montagem_LIB_3_HSV7;montagens_Alouatta_macconnelli_cytomegalovirus;montagens_Alouatta_palliata_cytomegalovirus;montagens_CALHV3;montagens_Cebus_albifrons_lymphocryptovirus_1;montagens_consenso_H1	1	7	7	10272757	1703028;1703394;1703653;1704035;1704205;1704311;1704411	1	0	Lib3	barcode01	32998	4823	Lymphocryptovirus callitrichinegamma3	S	3050250	Lymphocryptovirus	10375	328	0	9166	83	0.91	6414	327	6087	FORTE	106331	callitrichine gammaherpesvirus 3	Lymphocryptovirus	10375	326	98.261	100.44	230	394.0	SIM_HIERARQUICA	A_MUITO_FORTE	OK	1	1	VALIDATED_SAME_CONTENT_7_TARGETS	A_MUITO_FORTE	Lymphocryptovirus callitrichinegamma3	OK
Lib3barcode02	OK	5090	1	5089	1	0	1	0	0	0.0	0	0	0.0	0.0				Lib3	barcode02	2	7	montagem_LIB_3_HSV6;montagem_LIB_3_HSV7;montagens_Alouatta_macconnelli_cytomegalovirus;montagens_Alouatta_palliata_cytomegalovirus;montagens_CALHV3;montagens_Cebus_albifrons_lymphocryptovirus_1;montagens_consenso_H1	1	7	7	5495225	2187966;2188847;2188895;2189067;2189457;2189988;2191675	1	0	Lib3	barcode02	13770	6	Lymphocryptovirus callitrichinegamma3	S	3050250	Lymphocryptovirus	10375	1	0	15	10	66.67	0	0	0						0					KRAKEN_APENAS	KRAKEN_APENAS	OK	1	1	VALIDATED_SAME_CONTENT_7_TARGETS	KRAKEN_APENAS	Lymphocryptovirus callitrichinegamma3	OK
Lib3barcode03	OK	1865	384	1481	384	0	384	0	0	0.0	0	0	0.0	0.0				Lib3	barcode03	3	7	montagem_LIB_3_HSV6;montagem_LIB_3_HSV7;montagens_Alouatta_macconnelli_cytomegalovirus;montagens_Alouatta_palliata_cytomegalovirus;montagens_CALHV3;montagens_Cebus_albifrons_lymphocryptovirus_1;montagens_consenso_H1	1	7	7	4167756	716953;716983;717121;717141;717313;717537;717678	1	0	Lib3	barcode03	12553	1639	Lymphocryptovirus callitrichinegamma3	S	3050250	Lymphocryptovirus	10375	100	0	3779	63	1.67	2645	160	2485	FORTE	106331	callitrichine gammaherpesvirus 3	Lymphocryptovirus	10375	160	98.684	99.56	228	398.0	SIM_HIERARQUICA	A_MUITO_FORTE	OK	1	1	VALIDATED_SAME_CONTENT_7_TARGETS	A_MUITO_FORTE	Lymphocryptovirus callitrichinegamma3	OK
Lib3barcode09	OK	3545	629	2916	629	0	629	0	0	0.0	0	0	0.0	0.0				Lib3	barcode09	9	7	montagem_LIB_3_HSV6;montagem_LIB_3_HSV7;montagens_Alouatta_macconnelli_cytomegalovirus;montagens_Alouatta_palliata_cytomegalovirus;montagens_CALHV3;montagens_Cebus_albifrons_lymphocryptovirus_1;montagens_consenso_H1	1	7	7	8454436	1598236;1599516;1599639;1599768;1599898;1599984;1599999	1	0	Lib3	barcode09	23958	2248	Lymphocryptovirus callitrichinegamma3	S	3050250	Lymphocryptovirus	10375	157	0	4680	60	1.28	4223	292	3931	FORTE	106331	callitrichine gammaherpesvirus 3	Lymphocryptovirus	10375	292	98.253	89.80	229	396.0	SIM_HIERARQUICA	A_MUITO_FORTE	OK	1	1	VALIDATED_SAME_CONTENT_7_TARGETS	A_MUITO_FORTE	Lymphocryptovirus callitrichinegamma3	OK
Lib3barcode10	OK	3464	784	2680	784	0	784	0	0	0.0	0	0	0.0	0.0				Lib3	barcode10	10	7	montagem_LIB_3_HSV6;montagem_LIB_3_HSV7;montagens_Alouatta_macconnelli_cytomegalovirus;montagens_Alouatta_palliata_cytomegalovirus;montagens_CALHV3;montagens_Cebus_albifrons_lymphocryptovirus_1;montagens_consenso_H1	1	7	7	10389291	1304825;1304986;1305053;1305162;1305226;1305531;1305543	1	0	Lib3	barcode10	31372	4189	Lymphocryptovirus callitrichinegamma3	S	3050250	Lymphocryptovirus	10375	363	0	7997	74	0.93	5270	336	4934	FORTE	106331	callitrichine gammaherpesvirus 3	Lymphocryptovirus	10375	334	98.261	100.44	230	394.0	SIM_HIERARQUICA	A_MUITO_FORTE	OK	1	1	VALIDATED_SAME_CONTENT_7_TARGETS	A_MUITO_FORTE	Lymphocryptovirus callitrichinegamma3	OK
Lib3barcode11	OK	4136	0	4136	0	0	0	0	0	0.0	0	0						Lib3	barcode11	11	7	montagem_LIB_3_HSV6;montagem_LIB_3_HSV7;montagens_Alouatta_macconnelli_cytomegalovirus;montagens_Alouatta_palliata_cytomegalovirus;montagens_CALHV3;montagens_Cebus_albifrons_lymphocryptovirus_1;montagens_consenso_H1	1	7	7	9500893	1873978;1874709;1875020;1875099;1875197;1875525;1875763	1	0	Lib3	barcode11	21021	7	Lymphocryptovirus	G	10375	Lymphocryptovirus	10375	1	1	43	32	74.42	0	0	0						0					KRAKEN_APENAS	KRAKEN_APENAS	OK	1	1	VALIDATED_SAME_CONTENT_7_TARGETS	KRAKEN_APENAS	Lymphocryptovirus	OK
Lib3barcode12	OK	2896	306	2590	306	0	306	0	0	0.0	0	0	0.0	0.0				Lib3	barcode12	12	7	montagem_LIB_3_HSV6;montagem_LIB_3_HSV7;montagens_Alouatta_macconnelli_cytomegalovirus;montagens_Alouatta_palliata_cytomegalovirus;montagens_CALHV3;montagens_Cebus_albifrons_lymphocryptovirus_1;montagens_consenso_H1	1	7	7	6546825	1212879;1212968;1212980;1213232;1213647;1213736;1214049	1	0	Lib3	barcode12	16845	1285	Lymphocryptovirus callitrichinegamma3	S	3050250	Lymphocryptovirus	10375	82	0	2256	54	2.39	2004	137	1867	FORTE	106331	callitrichine gammaherpesvirus 3	Lymphocryptovirus	10375	137	98.246	99.56	228	394.0	SIM_HIERARQUICA	A_MUITO_FORTE	OK	1	1	VALIDATED_SAME_CONTENT_7_TARGETS	A_MUITO_FORTE	Lymphocryptovirus callitrichinegamma3	OK
Lib3barcode13	OK	4085	1	4084	1	0	1	0	0	0.0	0	0	0.0	0.0				Lib3	barcode13	13	7	montagem_LIB_3_HSV6;montagem_LIB_3_HSV7;montagens_Alouatta_macconnelli_cytomegalovirus;montagens_Alouatta_palliata_cytomegalovirus;montagens_CALHV3;montagens_Cebus_albifrons_lymphocryptovirus_1;montagens_consenso_H1	1	7	7	10459043	1807072;1808055;1808222;1808273;1808360;1808466;1808630	1	0	Lib3	barcode13	21290	5						0	0	0	0	0.00	0	0	0						0					NAO	SEM_EVIDENCIA	OK	1	1	VALIDATED_SAME_CONTENT_7_TARGETS	SEM_EVIDENCIA		OK
Lib3barcode14	OK	5538	1	5537	1	0	1	0	0	0.0	0	0	0.0	0.0				Lib3	barcode14	14	7	montagem_LIB_3_HSV6;montagem_LIB_3_HSV7;montagens_Alouatta_macconnelli_cytomegalovirus;montagens_Alouatta_palliata_cytomegalovirus;montagens_CALHV3;montagens_Cebus_albifrons_lymphocryptovirus_1;montagens_consenso_H1	1	7	7	12796161	2521603;2521620;2521778;2521911;2522460;2522512;2523141	1	0	Lib3	barcode14	28287	8	Lymphocryptovirus	G	10375	Lymphocryptovirus	10375	4	3	113	58	51.33	0	0	0						0					KRAKEN_APENAS	KRAKEN_APENAS	OK	1	1	VALIDATED_SAME_CONTENT_7_TARGETS	KRAKEN_APENAS	Lymphocryptovirus	OK
Lib3barcode15	MULTITARGET_ALIGNMENT;TIED_BEST_AS;AMAC_APAL_REFERENCE_AMBIGUITY	2702	184	2518	92	92	179	5	0	0.0	0	0	0.5	0.02717391	1_HAPLOTIPO_DPOL_OBSERVADO_REFERENCIAS_AMBIGUAS	COMPATIVEL_COM_AMACCMV_E_APALCMV_SEM_RESOLUCAO_ENTRE_REFERENCIAS	EVIDENCIA_DE_DOIS_HAPLOTIPOS_NAO_DEMONSTRADA	Lib3	barcode15	15	7	montagem_LIB_3_HSV6;montagem_LIB_3_HSV7;montagens_Alouatta_macconnelli_cytomegalovirus;montagens_Alouatta_palliata_cytomegalovirus;montagens_CALHV3;montagens_Cebus_albifrons_lymphocryptovirus_1;montagens_consenso_H1	1	7	7	4080708	807017;807567;807594;807646;807719;807831;808115	1	0	Lib3	barcode15	14654	187	Alouatta macconnelli cytomegalovirus	S	1881000	Cytomegalovirus	10358	134	134	1236	16	1.29	215	0	215	DIVERGENTE	1881000	Alouatta macconnelli cytomegalovirus	Cytomegalovirus	10358	214	94.690	100.00	226	356.0	SIM_EXATO	C_DIVERGENTE_CONCORDANTE	OK	1	1	VALIDATED_SAME_CONTENT_7_TARGETS	C_DIVERGENTE_CONCORDANTE	Alouatta macconnelli cytomegalovirus	OK
Lib3barcode16	OK	1351	0	1351	0	0	0	0	0	0.0	0	0						Lib3	barcode16	16	7	montagem_LIB_3_HSV6;montagem_LIB_3_HSV7;montagens_Alouatta_macconnelli_cytomegalovirus;montagens_Alouatta_palliata_cytomegalovirus;montagens_CALHV3;montagens_Cebus_albifrons_lymphocryptovirus_1;montagens_consenso_H1	1	7	7	1918130	647317;647558;647631;647681;647759;647784;647937	1	0	Lib3	barcode16	4087	4	Lymphocryptovirus	G	10375	Lymphocryptovirus	10375	1	1	12	12	100.00	0	0	0						0					KRAKEN_APENAS	KRAKEN_APENAS	OK	1	1	VALIDATED_SAME_CONTENT_7_TARGETS	KRAKEN_APENAS	Lymphocryptovirus	OK
Lib3barcode17	OK	2846	831	2015	831	0	831	0	0	0.0	0	0	0.0	0.0				Lib3	barcode17	17	7	montagem_LIB_3_HSV6;montagem_LIB_3_HSV7;montagens_Alouatta_macconnelli_cytomegalovirus;montagens_Alouatta_palliata_cytomegalovirus;montagens_CALHV3;montagens_Cebus_albifrons_lymphocryptovirus_1;montagens_consenso_H1	1	7	7	8084833	894648;894655;894662;894870;894934;895882;895928	1	0	Lib3	barcode17	25780	3558	Lymphocryptovirus callitrichinegamma3	S	3050250	Lymphocryptovirus	10375	425	0	10123	108	1.07	6135	391	5744	FORTE	106331	callitrichine gammaherpesvirus 3	Lymphocryptovirus	10375	391	99.559	99.56	227	406.0	SIM_HIERARQUICA	A_MUITO_FORTE	OK	1	1	VALIDATED_SAME_CONTENT_7_TARGETS	A_MUITO_FORTE	Lymphocryptovirus callitrichinegamma3	OK
Lib3barcode18	OK	2871	1	2870	1	0	1	0	0	0.0	0	0	0.0	0.0				Lib3	barcode18	18	7	montagem_LIB_3_HSV6;montagem_LIB_3_HSV7;montagens_Alouatta_macconnelli_cytomegalovirus;montagens_Alouatta_palliata_cytomegalovirus;montagens_CALHV3;montagens_Cebus_albifrons_lymphocryptovirus_1;montagens_consenso_H1	1	7	7	6792265	1416133;1416216;1416277;1416382;1416395;1416515;1416837	1	0	Lib3	barcode18	13670	7	Lymphocryptovirus	G	10375	Lymphocryptovirus	10375	1	1	46	33	71.74	0	0	0						0					KRAKEN_APENAS	KRAKEN_APENAS	OK	1	1	VALIDATED_SAME_CONTENT_7_TARGETS	KRAKEN_APENAS	Lymphocryptovirus	OK
Lib3barcode19	OK	3476	1	3475	1	0	1	0	0	0.0	0	0	0.0	0.0				Lib3	barcode19	19	7	montagem_LIB_3_HSV6;montagem_LIB_3_HSV7;montagens_Alouatta_macconnelli_cytomegalovirus;montagens_Alouatta_palliata_cytomegalovirus;montagens_CALHV3;montagens_Cebus_albifrons_lymphocryptovirus_1;montagens_consenso_H1	1	7	7	7662276	1562268;1562334;1562554;1562866;1563029;1563413;1563428	1	0	Lib3	barcode19	16676	8						0	0	0	0	0.00	0	0	0						0					NAO	SEM_EVIDENCIA	OK	1	1	VALIDATED_SAME_CONTENT_7_TARGETS	SEM_EVIDENCIA		OK
Lib3barcode20	OK	2184	132	2052	132	0	132	0	0	0.0	0	0	0.0	0.0				Lib3	barcode20	20	7	montagem_LIB_3_HSV6;montagem_LIB_3_HSV7;montagens_Alouatta_macconnelli_cytomegalovirus;montagens_Alouatta_palliata_cytomegalovirus;montagens_CALHV3;montagens_Cebus_albifrons_lymphocryptovirus_1;montagens_consenso_H1	1	7	7	8951562	881335;881598;881717;881829;882079;882422;882713	1	0	Lib3	barcode20	30283	926	Lymphocryptovirus callitrichinegamma3	S	3050250	Lymphocryptovirus	10375	34	0	1544	54	3.50	967	36	931	FORTE	106331	callitrichine gammaherpesvirus 3	Lymphocryptovirus	10375	36	97.817	79.79	229	391.0	SIM_HIERARQUICA	A_MUITO_FORTE	OK	1	1	VALIDATED_SAME_CONTENT_7_TARGETS	A_MUITO_FORTE	Lymphocryptovirus callitrichinegamma3	OK
Lib3barcode21	OK	3251	196	3055	196	0	196	0	0	0.0	0	0	0.0	0.0				Lib3	barcode21	21	7	montagem_LIB_3_HSV6;montagem_LIB_3_HSV7;montagens_Alouatta_macconnelli_cytomegalovirus;montagens_Alouatta_palliata_cytomegalovirus;montagens_CALHV3;montagens_Cebus_albifrons_lymphocryptovirus_1;montagens_consenso_H1	1	7	7	7765314	1539248;1539459;1540115;1540207;1540884;1540981;1541030	1	0	Lib3	barcode21	17063	1007	Lymphocryptovirus callitrichinegamma3	S	3050250	Lymphocryptovirus	10375	97	0	2224	46	2.07	824	63	761	FORTE	106331	callitrichine gammaherpesvirus 3	Lymphocryptovirus	10375	63	99.127	100.00	229	405.0	SIM_HIERARQUICA	A_MUITO_FORTE	OK	1	1	VALIDATED_SAME_CONTENT_7_TARGETS	A_MUITO_FORTE	Lymphocryptovirus callitrichinegamma3	OK
Lib3barcode22	OK	5450	0	5450	0	0	0	0	0	0.0	0	0						Lib3	barcode22	22	7	montagem_LIB_3_HSV6;montagem_LIB_3_HSV7;montagens_Alouatta_macconnelli_cytomegalovirus;montagens_Alouatta_palliata_cytomegalovirus;montagens_CALHV3;montagens_Cebus_albifrons_lymphocryptovirus_1;montagens_consenso_H1	1	7	7	4973038	2065004;2065190;2065632;2066236;2066881;2066977;2067088	1	0	Lib3	barcode22	13661	8						0	0	0	0	0.00	0	0	0						0					NAO	SEM_EVIDENCIA	OK	1	1	VALIDATED_SAME_CONTENT_7_TARGETS	SEM_EVIDENCIA		OK
Lib3barcode23	OK	5255	0	5255	0	0	0	0	0	0.0	0	0						Lib3	barcode23	23	7	montagem_LIB_3_HSV6;montagem_LIB_3_HSV7;montagens_Alouatta_macconnelli_cytomegalovirus;montagens_Alouatta_palliata_cytomegalovirus;montagens_CALHV3;montagens_Cebus_albifrons_lymphocryptovirus_1;montagens_consenso_H1	1	7	7	10304229	2390009;2390791;2390941;2391126;2391258;2392140;2392640	1	0	Lib3	barcode23	21710	10	Lymphocryptovirus	G	10375	Lymphocryptovirus	10375	1	1	42	28	66.67	0	0	0						0					KRAKEN_APENAS	KRAKEN_APENAS	OK	1	1	VALIDATED_SAME_CONTENT_7_TARGETS	KRAKEN_APENAS	Lymphocryptovirus	OK
Lib3barcode24	OK	3249	0	3249	0	0	0	0	0	0.0	0	0						Lib3	barcode24	24	7	montagem_LIB_3_HSV6;montagem_LIB_3_HSV7;montagens_Alouatta_macconnelli_cytomegalovirus;montagens_Alouatta_palliata_cytomegalovirus;montagens_CALHV3;montagens_Cebus_albifrons_lymphocryptovirus_1;montagens_consenso_H1	1	7	7	7410808	1454879;1454886;1455474;1455496;1455667;1456006;1456235	1	0	Lib3	barcode24	16133	9	Lymphocryptovirus callitrichinegamma3	S	3050250	Lymphocryptovirus	10375	1	0	18	16	88.89	0	0	0						0					KRAKEN_APENAS	KRAKEN_APENAS	OK	1	1	VALIDATED_SAME_CONTENT_7_TARGETS	KRAKEN_APENAS	Lymphocryptovirus callitrichinegamma3	OK
Lib3barcode25	OK	3997	135	3862	135	0	135	0	0	0.0	0	0	0.0	0.0				Lib3	barcode25	25	7	montagem_LIB_3_HSV6;montagem_LIB_3_HSV7;montagens_Alouatta_macconnelli_cytomegalovirus;montagens_Alouatta_palliata_cytomegalovirus;montagens_CALHV3;montagens_Cebus_albifrons_lymphocryptovirus_1;montagens_consenso_H1	1	7	7	3593542	1312395;1312889;1313384;1313469;1313624;1313821;1314906	1	0	Lib3	barcode25	11465	465	Lymphocryptovirus callitrichinegamma3	S	3050250	Lymphocryptovirus	10375	35	0	772	44	5.70	675	57	618	FORTE	106331	callitrichine gammaherpesvirus 3	Lymphocryptovirus	10375	57	98.253	100.00	229	396.0	SIM_HIERARQUICA	A_MUITO_FORTE	OK	1	1	VALIDATED_SAME_CONTENT_7_TARGETS	A_MUITO_FORTE	Lymphocryptovirus callitrichinegamma3	OK
Lib3barcode26	OK	5149	481	4668	481	0	481	0	0	0.0	0	0	0.0	0.0				Lib3	barcode26	26	7	montagem_LIB_3_HSV6;montagem_LIB_3_HSV7;montagens_Alouatta_macconnelli_cytomegalovirus;montagens_Alouatta_palliata_cytomegalovirus;montagens_CALHV3;montagens_Cebus_albifrons_lymphocryptovirus_1;montagens_consenso_H1	1	7	7	7754127	2162687;2163167;2163692;2164038;2164144;2165428;2165651	1	0	Lib3	barcode26	22496	2706	Lymphocryptovirus callitrichinegamma3	S	3050250	Lymphocryptovirus	10375	211	0	4508	64	1.42	3210	210	3000	FORTE	106331	callitrichine gammaherpesvirus 3	Lymphocryptovirus	10375	209	98.261	100.44	230	394.0	SIM_HIERARQUICA	A_MUITO_FORTE	OK	1	1	VALIDATED_SAME_CONTENT_7_TARGETS	A_MUITO_FORTE	Lymphocryptovirus callitrichinegamma3	OK
Lib3barcode27	OK	3771	736	3035	736	0	736	0	0	0.0	0	0	0.0	0.0				Lib3	barcode27	27	7	montagem_LIB_3_HSV6;montagem_LIB_3_HSV7;montagens_Alouatta_macconnelli_cytomegalovirus;montagens_Alouatta_palliata_cytomegalovirus;montagens_CALHV3;montagens_Cebus_albifrons_lymphocryptovirus_1;montagens_consenso_H1	1	7	7	10851980	1488326;1488575;1488721;1488950;1489027;1489339;1489733	1	0	Lib3	barcode27	30084	3008	Lymphocryptovirus callitrichinegamma3	S	3050250	Lymphocryptovirus	10375	224	0	6206	73	1.18	5030	329	4701	FORTE	106331	callitrichine gammaherpesvirus 3	Lymphocryptovirus	10375	329	98.246	99.56	228	394.0	SIM_HIERARQUICA	A_MUITO_FORTE	OK	1	1	VALIDATED_SAME_CONTENT_7_TARGETS	A_MUITO_FORTE	Lymphocryptovirus callitrichinegamma3	OK
Lib3barcode28	OK	2549	0	2549	0	0	0	0	0	0.0	0	0						Lib3	barcode28	28	7	montagem_LIB_3_HSV6;montagem_LIB_3_HSV7;montagens_Alouatta_macconnelli_cytomegalovirus;montagens_Alouatta_palliata_cytomegalovirus;montagens_CALHV3;montagens_Cebus_albifrons_lymphocryptovirus_1;montagens_consenso_H1	1	7	7	5995105	1241490;1241529;1241763;1241851;1242065;1242385;1242477	1	0	Lib3	barcode28	12027	7	Roseolovirus humanbeta7	S	3050298	Roseolovirus	40272	1	0	27	27	100.00	0	0	0						0					KRAKEN_APENAS	KRAKEN_APENAS	OK	1	1	VALIDATED_SAME_CONTENT_7_TARGETS	KRAKEN_APENAS	Roseolovirus humanbeta7	OK
Lib3barcode29	OK	3368	3	3365	3	0	3	0	0	0.0	0	0	0.0	0.0				Lib3	barcode29	29	7	montagem_LIB_3_HSV6;montagem_LIB_3_HSV7;montagens_Alouatta_macconnelli_cytomegalovirus;montagens_Alouatta_palliata_cytomegalovirus;montagens_CALHV3;montagens_Cebus_albifrons_lymphocryptovirus_1;montagens_consenso_H1	1	7	7	6002640	1636425;1636950;1637040;1637193;1637237;1637539;1637700	1	0	Lib3	barcode29	13124	7						0	0	0	0	0.00	0	0	0						0					NAO	SEM_EVIDENCIA	OK	1	1	VALIDATED_SAME_CONTENT_7_TARGETS	SEM_EVIDENCIA		OK
Lib3barcode30	OK	3598	0	3598	0	0	0	0	0	0.0	0	0						Lib3	barcode30	30	7	montagem_LIB_3_HSV6;montagem_LIB_3_HSV7;montagens_Alouatta_macconnelli_cytomegalovirus;montagens_Alouatta_palliata_cytomegalovirus;montagens_CALHV3;montagens_Cebus_albifrons_lymphocryptovirus_1;montagens_consenso_H1	1	7	7	5225014	1255392;1255515;1255584;1255639;1256234;1256250;1256476	1	0	Lib3	barcode30	14177	6	Lymphocryptovirus	G	10375	Lymphocryptovirus	10375	2	2	50	28	56.00	0	0	0						0					KRAKEN_APENAS	KRAKEN_APENAS	OK	1	1	VALIDATED_SAME_CONTENT_7_TARGETS	KRAKEN_APENAS	Lymphocryptovirus	OK
Lib3barcode31	OK	1291	122	1169	122	0	122	0	0	0.0	0	0	0.0	0.0				Lib3	barcode31	31	7	montagem_LIB_3_HSV6;montagem_LIB_3_HSV7;montagens_Alouatta_macconnelli_cytomegalovirus;montagens_Alouatta_palliata_cytomegalovirus;montagens_CALHV3;montagens_Cebus_albifrons_lymphocryptovirus_1;montagens_consenso_H1	1	7	7	3337544	744008;744165;744241;744388;744398;744700;744949	1	0	Lib3	barcode31	7146	531	Lymphocryptovirus callitrichinegamma3	S	3050250	Lymphocryptovirus	10375	27	0	1182	57	4.82	719	42	677	FORTE	106331	callitrichine gammaherpesvirus 3	Lymphocryptovirus	10375	42	98.246	99.56	228	394.0	SIM_HIERARQUICA	A_MUITO_FORTE	OK	1	1	VALIDATED_SAME_CONTENT_7_TARGETS	A_MUITO_FORTE	Lymphocryptovirus callitrichinegamma3	OK
Lib3barcode32	OK	2371	237	2134	237	0	237	0	0	0.0	0	0	0.0	0.0				Lib3	barcode32	32	7	montagem_LIB_3_HSV6;montagem_LIB_3_HSV7;montagens_Alouatta_macconnelli_cytomegalovirus;montagens_Alouatta_palliata_cytomegalovirus;montagens_CALHV3;montagens_Cebus_albifrons_lymphocryptovirus_1;montagens_consenso_H1	1	7	7	4919316	1118027;1118266;1118304;1118333;1118786;1119008;1119149	1	0	Lib3	barcode32	12467	985	Lymphocryptovirus callitrichinegamma3	S	3050250	Lymphocryptovirus	10375	95	0	1968	61	3.10	1548	106	1442	FORTE	106331	callitrichine gammaherpesvirus 3	Lymphocryptovirus	10375	106	98.253	88.76	229	396.0	SIM_HIERARQUICA	A_MUITO_FORTE	OK	1	1	VALIDATED_SAME_CONTENT_7_TARGETS	A_MUITO_FORTE	Lymphocryptovirus callitrichinegamma3	OK
Lib3barcode33	OK	1734	453	1281	453	0	453	0	0	0.0	0	0	0.0	0.0				Lib3	barcode33	33	7	montagem_LIB_3_HSV6;montagem_LIB_3_HSV7;montagens_Alouatta_macconnelli_cytomegalovirus;montagens_Alouatta_palliata_cytomegalovirus;montagens_CALHV3;montagens_Cebus_albifrons_lymphocryptovirus_1;montagens_consenso_H1	1	7	7	7421949	690817;691033;691101;691109;691132;691179;691211	1	0	Lib3	barcode33	25294	2760	Lymphocryptovirus callitrichinegamma3	S	3050250	Lymphocryptovirus	10375	192	0	6103	131	2.15	5921	120	5801	FORTE	106331	callitrichine gammaherpesvirus 3	Lymphocryptovirus	10375	118	98.684	99.56	228	398.0	SIM_HIERARQUICA	A_MUITO_FORTE	OK	1	1	VALIDATED_SAME_CONTENT_7_TARGETS	A_MUITO_FORTE	Lymphocryptovirus callitrichinegamma3	OK
Lib3barcode34	OK	3311	395	2916	395	0	395	0	0	0.0	0	0	0.0	0.0				Lib3	barcode34	34	7	montagem_LIB_3_HSV6;montagem_LIB_3_HSV7;montagens_Alouatta_macconnelli_cytomegalovirus;montagens_Alouatta_palliata_cytomegalovirus;montagens_CALHV3;montagens_Cebus_albifrons_lymphocryptovirus_1;montagens_consenso_H1	1	7	7	7405779	1820702;1820741;1820794;1821222;1821381;1821538;1822230	1	0	Lib3	barcode34	20182	1831	Lymphocryptovirus callitrichinegamma3	S	3050250	Lymphocryptovirus	10375	130	0	4310	61	1.42	4142	123	4019	FORTE	106331	callitrichine gammaherpesvirus 3	Lymphocryptovirus	10375	123	98.246	100.00	228	394.0	SIM_HIERARQUICA	A_MUITO_FORTE	OK	1	1	VALIDATED_SAME_CONTENT_7_TARGETS	A_MUITO_FORTE	Lymphocryptovirus callitrichinegamma3	OK
Lib3barcode35	OK	4378	410	3968	410	0	410	0	0	0.0	0	0	0.0	0.0				Lib3	barcode35	35	7	montagem_LIB_3_HSV6;montagem_LIB_3_HSV7;montagens_Alouatta_macconnelli_cytomegalovirus;montagens_Alouatta_palliata_cytomegalovirus;montagens_CALHV3;montagens_Cebus_albifrons_lymphocryptovirus_1;montagens_consenso_H1	1	7	7	7309564	2378502;2378777;2378842;2379012;2379202;2379657;2379702	1	0	Lib3	barcode35	19518	1874	Lymphocryptovirus callitrichinegamma3	S	3050250	Lymphocryptovirus	10375	118	0	4004	57	1.42	3768	137	3631	FORTE	106331	callitrichine gammaherpesvirus 3	Lymphocryptovirus	10375	137	98.246	99.56	228	394.0	SIM_HIERARQUICA	A_MUITO_FORTE	OK	1	1	VALIDATED_SAME_CONTENT_7_TARGETS	A_MUITO_FORTE	Lymphocryptovirus callitrichinegamma3	OK
Lib3barcode36	OK	5522	466	5056	466	0	466	0	0	0.0	0	0	0.0	0.0				Lib3	barcode36	36	7	montagem_LIB_3_HSV6;montagem_LIB_3_HSV7;montagens_Alouatta_macconnelli_cytomegalovirus;montagens_Alouatta_palliata_cytomegalovirus;montagens_CALHV3;montagens_Cebus_albifrons_lymphocryptovirus_1;montagens_consenso_H1	1	7	7	9725830	2838178;2838611;2838896;2839029;2839040;2839152;2839184	1	0	Lib3	barcode36	24230	1709	Lymphocryptovirus callitrichinegamma3	S	3050250	Lymphocryptovirus	10375	157	0	3824	67	1.75	3509	217	3292	FORTE	106331	callitrichine gammaherpesvirus 3	Lymphocryptovirus	10375	217	98.684	99.56	228	398.0	SIM_HIERARQUICA	A_MUITO_FORTE	OK	1	1	VALIDATED_SAME_CONTENT_7_TARGETS	A_MUITO_FORTE	Lymphocryptovirus callitrichinegamma3	OK
Lib3barcode37	OK	4744	600	4144	600	0	600	0	0	0.0	0	0	0.0	0.0				Lib3	barcode37	37	7	montagem_LIB_3_HSV6;montagem_LIB_3_HSV7;montagens_Alouatta_macconnelli_cytomegalovirus;montagens_Alouatta_palliata_cytomegalovirus;montagens_CALHV3;montagens_Cebus_albifrons_lymphocryptovirus_1;montagens_consenso_H1	1	7	7	10035671	1818466;1818829;1819070;1819202;1819243;1819444;1819530	1	0	Lib3	barcode37	26825	2171	Lymphocryptovirus callitrichinegamma3	S	3050250	Lymphocryptovirus	10375	202	0	4772	61	1.28	3291	265	3026	FORTE	106331	callitrichine gammaherpesvirus 3	Lymphocryptovirus	10375	265	98.684	99.56	228	398.0	SIM_HIERARQUICA	A_MUITO_FORTE	OK	1	1	VALIDATED_SAME_CONTENT_7_TARGETS	A_MUITO_FORTE	Lymphocryptovirus callitrichinegamma3	OK
Lib3barcode38	OK	3240	0	3240	0	0	0	0	0	0.0	0	0						Lib3	barcode38	38	7	montagem_LIB_3_HSV6;montagem_LIB_3_HSV7;montagens_Alouatta_macconnelli_cytomegalovirus;montagens_Alouatta_palliata_cytomegalovirus;montagens_CALHV3;montagens_Cebus_albifrons_lymphocryptovirus_1;montagens_consenso_H1	1	7	7	5113222	1491092;1491749;1491808;1491920;1492414;1492618;1492894	1	0	Lib3	barcode38	11636	12						0	0	0	0	0.00	0	0	0						0					NAO	SEM_EVIDENCIA	OK	1	1	VALIDATED_SAME_CONTENT_7_TARGETS	SEM_EVIDENCIA		OK
Lib3barcode39	OK	2098	358	1740	358	0	358	0	0	0.0	0	0	0.0	0.0				Lib3	barcode39	39	7	montagem_LIB_3_HSV6;montagem_LIB_3_HSV7;montagens_Alouatta_macconnelli_cytomegalovirus;montagens_Alouatta_palliata_cytomegalovirus;montagens_CALHV3;montagens_Cebus_albifrons_lymphocryptovirus_1;montagens_consenso_H1	1	7	7	5865257	804010;804117;804157;804338;804684;804841;804860	1	0	Lib3	barcode39	17043	1456	Lymphocryptovirus callitrichinegamma3	S	3050250	Lymphocryptovirus	10375	130	0	3832	61	1.59	3529	133	3396	FORTE	106331	callitrichine gammaherpesvirus 3	Lymphocryptovirus	10375	133	98.684	99.56	228	398.0	SIM_HIERARQUICA	A_MUITO_FORTE	OK	1	1	VALIDATED_SAME_CONTENT_7_TARGETS	A_MUITO_FORTE	Lymphocryptovirus callitrichinegamma3	OK
Lib3barcode40	OK	2865	0	2865	0	0	0	0	0	0.0	0	0						Lib3	barcode40	40	7	montagem_LIB_3_HSV6;montagem_LIB_3_HSV7;montagens_Alouatta_macconnelli_cytomegalovirus;montagens_Alouatta_palliata_cytomegalovirus;montagens_CALHV3;montagens_Cebus_albifrons_lymphocryptovirus_1;montagens_consenso_H1	1	7	7	4379472	1453751;1453752;1453848;1454193;1454396;1454576;1454759	1	0	Lib3	barcode40	9562	7	Simplexvirus	G	10294	Simplexvirus	10294	1	1	34	32	94.12	0	0	0						0					KRAKEN_APENAS	KRAKEN_APENAS	OK	1	1	VALIDATED_SAME_CONTENT_7_TARGETS	KRAKEN_APENAS	Simplexvirus	OK
Lib3barcode41	OK	4110	1	4109	1	0	1	0	0	0.0	0	0	0.0	0.0				Lib3	barcode41	41	7	montagem_LIB_3_HSV6;montagem_LIB_3_HSV7;montagens_Alouatta_macconnelli_cytomegalovirus;montagens_Alouatta_palliata_cytomegalovirus;montagens_CALHV3;montagens_Cebus_albifrons_lymphocryptovirus_1;montagens_consenso_H1	1	7	7	4936263	1557241;1557478;1557523;1557542;1557601;1557943;1558024	1	0	Lib3	barcode41	13789	6	Lymphocryptovirus	G	10375	Lymphocryptovirus	10375	2	2	62	41	66.13	0	0	0						0					KRAKEN_APENAS	KRAKEN_APENAS	OK	1	1	VALIDATED_SAME_CONTENT_7_TARGETS	KRAKEN_APENAS	Lymphocryptovirus	OK
Lib3barcode42	OK	2463	0	2463	0	0	0	0	0	0.0	0	0						Lib3	barcode42	42	7	montagem_LIB_3_HSV6;montagem_LIB_3_HSV7;montagens_Alouatta_macconnelli_cytomegalovirus;montagens_Alouatta_palliata_cytomegalovirus;montagens_CALHV3;montagens_Cebus_albifrons_lymphocryptovirus_1;montagens_consenso_H1	1	7	7	6495910	965760;965967;966005;966048;966134;966495;966636	1	0	Lib3	barcode42	14191	1						0	0	0	0	0.00	0	0	0						0					NAO	SEM_EVIDENCIA	OK	1	1	VALIDATED_SAME_CONTENT_7_TARGETS	SEM_EVIDENCIA		OK
Lib3barcode43	OK	3164	1	3163	1	0	1	0	0	0.0	0	0	0.0	0.0				Lib3	barcode43	43	7	montagem_LIB_3_HSV6;montagem_LIB_3_HSV7;montagens_Alouatta_macconnelli_cytomegalovirus;montagens_Alouatta_palliata_cytomegalovirus;montagens_CALHV3;montagens_Cebus_albifrons_lymphocryptovirus_1;montagens_consenso_H1	1	7	7	5594650	1242507;1242972;1243029;1243139;1243194;1243230;1243471	1	0	Lib3	barcode43	13138	7						0	0	0	0	0.00	0	0	0						0					NAO	SEM_EVIDENCIA	OK	1	1	VALIDATED_SAME_CONTENT_7_TARGETS	SEM_EVIDENCIA		OK
Lib3barcode44	OK	1700	2	1698	2	0	2	0	0	0.0	0	0	0.0	0.0				Lib3	barcode44	44	7	montagem_LIB_3_HSV6;montagem_LIB_3_HSV7;montagens_Alouatta_macconnelli_cytomegalovirus;montagens_Alouatta_palliata_cytomegalovirus;montagens_CALHV3;montagens_Cebus_albifrons_lymphocryptovirus_1;montagens_consenso_H1	1	7	7	3433305	728716;729052;729111;729328;729505;729585;729604	1	0	Lib3	barcode44	7467	7	Cebus apella Lymphocryptovirus 1	S	1093778	Lymphocryptovirus	10375	1	1	12	6	50.00	1	0	1	DIVERGENTE	106331	callitrichine gammaherpesvirus 3	Lymphocryptovirus	10375	1	86.344	92.65	227	240.0	SIM_MESMO_GENERO	D_DIVERGENTE_UNICA	OK	1	1	VALIDATED_SAME_CONTENT_7_TARGETS	D_DIVERGENTE_UNICA	Cebus apella Lymphocryptovirus 1	OK
Lib3barcode45	OK	2948	716	2232	716	0	716	0	0	0.0	0	0	0.0	0.0				Lib3	barcode45	45	7	montagem_LIB_3_HSV6;montagem_LIB_3_HSV7;montagens_Alouatta_macconnelli_cytomegalovirus;montagens_Alouatta_palliata_cytomegalovirus;montagens_CALHV3;montagens_Cebus_albifrons_lymphocryptovirus_1;montagens_consenso_H1	1	7	7	7645486	1130105;1130551;1130807;1130820;1130875;1130942;1131140	1	0	Lib3	barcode45	23921	2953	Lymphocryptovirus callitrichinegamma3	S	3050250	Lymphocryptovirus	10375	205	0	6547	74	1.13	6565	287	6278	FORTE	106331	callitrichine gammaherpesvirus 3	Lymphocryptovirus	10375	286	98.246	99.56	228	394.0	SIM_HIERARQUICA	A_MUITO_FORTE	OK	1	1	VALIDATED_SAME_CONTENT_7_TARGETS	A_MUITO_FORTE	Lymphocryptovirus callitrichinegamma3	OK
Lib3barcode46	OK	4077	0	4077	0	0	0	0	0	0.0	0	0						Lib3	barcode46	46	7	montagem_LIB_3_HSV6;montagem_LIB_3_HSV7;montagens_Alouatta_macconnelli_cytomegalovirus;montagens_Alouatta_palliata_cytomegalovirus;montagens_CALHV3;montagens_Cebus_albifrons_lymphocryptovirus_1;montagens_consenso_H1	1	7	7	6387385	2000800;2001249;2001277;2001630;2001938;2002155;2002311	1	0	Lib3	barcode46	14071	7	Lymphocryptovirus	G	10375	Lymphocryptovirus	10375	1	1	56	36	64.29	0	0	0						0					KRAKEN_APENAS	KRAKEN_APENAS	OK	1	1	VALIDATED_SAME_CONTENT_7_TARGETS	KRAKEN_APENAS	Lymphocryptovirus	OK
Lib3barcode47	OK	2707	2	2705	2	0	2	0	0	0.0	0	0	0.0	0.0				Lib3	barcode47	47	7	montagem_LIB_3_HSV6;montagem_LIB_3_HSV7;montagens_Alouatta_macconnelli_cytomegalovirus;montagens_Alouatta_palliata_cytomegalovirus;montagens_CALHV3;montagens_Cebus_albifrons_lymphocryptovirus_1;montagens_consenso_H1	1	7	7	5340603	1192158;1192277;1192330;1192335;1192359;1192509;1193747	1	0	Lib3	barcode47	11461	12	Lymphocryptovirus	G	10375	Lymphocryptovirus	10375	2	1	81	56	69.14	0	0	0						0					KRAKEN_APENAS	KRAKEN_APENAS	OK	1	1	VALIDATED_SAME_CONTENT_7_TARGETS	KRAKEN_APENAS	Lymphocryptovirus	OK
Lib3barcode48	OK	3094	1	3093	1	0	1	0	0	0.0	0	0	0.0	0.0				Lib3	barcode48	48	7	montagem_LIB_3_HSV6;montagem_LIB_3_HSV7;montagens_Alouatta_macconnelli_cytomegalovirus;montagens_Alouatta_palliata_cytomegalovirus;montagens_CALHV3;montagens_Cebus_albifrons_lymphocryptovirus_1;montagens_consenso_H1	1	7	7	5043531	1403236;1403339;1403667;1403735;1404314;1404434;1404584	1	0	Lib3	barcode48	11441	10	Lymphocryptovirus	G	10375	Lymphocryptovirus	10375	3	3	95	38	40.00	5	0	5	DIVERGENTE	106331	callitrichine gammaherpesvirus 3	Lymphocryptovirus	10375	4	92.641	102.67	231	333.0	SIM_HIERARQUICA	C_DIVERGENTE_CONCORDANTE	OK	1	1	VALIDATED_SAME_CONTENT_7_TARGETS	C_DIVERGENTE_CONCORDANTE	Lymphocryptovirus	OK
Lib3barcode49	OK	2181	0	2181	0	0	0	0	0	0.0	0	0						Lib3	barcode49	49	7	montagem_LIB_3_HSV6;montagem_LIB_3_HSV7;montagens_Alouatta_macconnelli_cytomegalovirus;montagens_Alouatta_palliata_cytomegalovirus;montagens_CALHV3;montagens_Cebus_albifrons_lymphocryptovirus_1;montagens_consenso_H1	1	7	7	3926362	945463;945477;945536;945597;945638;945769;945930	1	0	Lib3	barcode49	9114	3						0	0	0	0	0.00	0	0	0						0					NAO	SEM_EVIDENCIA	OK	1	1	VALIDATED_SAME_CONTENT_7_TARGETS	SEM_EVIDENCIA		OK
Lib3barcode50	OK	1969	317	1652	317	0	317	0	0	0.0	0	0	0.0	0.0				Lib3	barcode50	50	7	montagem_LIB_3_HSV6;montagem_LIB_3_HSV7;montagens_Alouatta_macconnelli_cytomegalovirus;montagens_Alouatta_palliata_cytomegalovirus;montagens_CALHV3;montagens_Cebus_albifrons_lymphocryptovirus_1;montagens_consenso_H1	1	7	7	5824795	1023797;1024118;1024317;1024346;1024593;1024712;1024754	1	0	Lib3	barcode50	16471	1816	Lymphocryptovirus callitrichinegamma3	S	3050250	Lymphocryptovirus	10375	112	0	3800	63	1.66	3688	94	3594	FORTE	106331	callitrichine gammaherpesvirus 3	Lymphocryptovirus	10375	94	98.246	99.56	228	394.0	SIM_HIERARQUICA	A_MUITO_FORTE	OK	1	1	VALIDATED_SAME_CONTENT_7_TARGETS	A_MUITO_FORTE	Lymphocryptovirus callitrichinegamma3	OK
Lib3barcode51	OK	3365	1	3364	1	0	1	0	0	0.0	0	0	0.0	0.0				Lib3	barcode51	51	7	montagem_LIB_3_HSV6;montagem_LIB_3_HSV7;montagens_Alouatta_macconnelli_cytomegalovirus;montagens_Alouatta_palliata_cytomegalovirus;montagens_CALHV3;montagens_Cebus_albifrons_lymphocryptovirus_1;montagens_consenso_H1	1	7	7	5575182	1757319;1757389;1757668;1757847;1758082;1758177;1758502	1	0	Lib3	barcode51	11600	4	Lymphocryptovirus	G	10375	Lymphocryptovirus	10375	2	2	64	48	75.00	0	0	0						0					KRAKEN_APENAS	KRAKEN_APENAS	OK	1	1	VALIDATED_SAME_CONTENT_7_TARGETS	KRAKEN_APENAS	Lymphocryptovirus	OK
Lib3barcode52	OK	3863	1	3862	1	0	1	0	0	0.0	0	0	0.0	0.0				Lib3	barcode52	52	7	montagem_LIB_3_HSV6;montagem_LIB_3_HSV7;montagens_Alouatta_macconnelli_cytomegalovirus;montagens_Alouatta_palliata_cytomegalovirus;montagens_CALHV3;montagens_Cebus_albifrons_lymphocryptovirus_1;montagens_consenso_H1	1	7	7	5872709	1600684;1600712;1600740;1601141;1601612;1601867;1602240	1	0	Lib3	barcode52	14481	4						0	0	0	0	0.00	0	0	0						0					NAO	SEM_EVIDENCIA	OK	1	1	VALIDATED_SAME_CONTENT_7_TARGETS	SEM_EVIDENCIA		OK
Lib3barcode53	OK	3775	341	3434	341	0	341	0	0	0.0	0	0	0.0	0.0				Lib3	barcode53	53	7	montagem_LIB_3_HSV6;montagem_LIB_3_HSV7;montagens_Alouatta_macconnelli_cytomegalovirus;montagens_Alouatta_palliata_cytomegalovirus;montagens_CALHV3;montagens_Cebus_albifrons_lymphocryptovirus_1;montagens_consenso_H1	1	7	7	6302019	1681144;1681271;1681489;1681603;1681644;1681690;1682261	1	0	Lib3	barcode53	14955	903	Lymphocryptovirus callitrichinegamma3	S	3050250	Lymphocryptovirus	10375	96	0	2125	57	2.68	1264	190	1074	FORTE	106331	callitrichine gammaherpesvirus 3	Lymphocryptovirus	10375	190	98.684	99.56	228	398.0	SIM_HIERARQUICA	A_MUITO_FORTE	OK	1	1	VALIDATED_SAME_CONTENT_7_TARGETS	A_MUITO_FORTE	Lymphocryptovirus callitrichinegamma3	OK
Lib3barcode54	OK	3511	511	3000	511	0	511	0	0	0.0	0	0	0.0	0.0				Lib3	barcode54	54	7	montagem_LIB_3_HSV6;montagem_LIB_3_HSV7;montagens_Alouatta_macconnelli_cytomegalovirus;montagens_Alouatta_palliata_cytomegalovirus;montagens_CALHV3;montagens_Cebus_albifrons_lymphocryptovirus_1;montagens_consenso_H1	1	7	7	6183909	1440532;1440560;1440711;1441063;1441181;1441559;1441708	1	0	Lib3	barcode54	15784	1377	Lymphocryptovirus callitrichinegamma3	S	3050250	Lymphocryptovirus	10375	316	0	4003	50	1.25	2007	313	1694	FORTE	106331	callitrichine gammaherpesvirus 3	Lymphocryptovirus	10375	313	99.123	99.56	228	403.0	SIM_HIERARQUICA	A_MUITO_FORTE	OK	1	1	VALIDATED_SAME_CONTENT_7_TARGETS	A_MUITO_FORTE	Lymphocryptovirus callitrichinegamma3	OK
Lib3barcode55	OK	4642	1	4641	1	0	1	0	0	0.0	0	0	0.0	0.0				Lib3	barcode55	55	7	montagem_LIB_3_HSV6;montagem_LIB_3_HSV7;montagens_Alouatta_macconnelli_cytomegalovirus;montagens_Alouatta_palliata_cytomegalovirus;montagens_CALHV3;montagens_Cebus_albifrons_lymphocryptovirus_1;montagens_consenso_H1	1	7	7	4320126	2299593;2300220;2300482;2300696;2301091;2301187;2302038	1	0	Lib3	barcode55	9536	1						0	0	0	0	0.00	0	0	0						0					NAO	SEM_EVIDENCIA	OK	1	1	VALIDATED_SAME_CONTENT_7_TARGETS	SEM_EVIDENCIA		OK
Lib3barcode56	OK	2728	0	2728	0	0	0	0	0	0.0	0	0						Lib3	barcode56	56	7	montagem_LIB_3_HSV6;montagem_LIB_3_HSV7;montagens_Alouatta_macconnelli_cytomegalovirus;montagens_Alouatta_palliata_cytomegalovirus;montagens_CALHV3;montagens_Cebus_albifrons_lymphocryptovirus_1;montagens_consenso_H1	1	7	7	5591924	1269339;1269516;1269621;1269815;1269835;1269975;1270165	1	0	Lib3	barcode56	12079	9	Lymphocryptovirus	G	10375	Lymphocryptovirus	10375	2	2	102	50	49.02	0	0	0						0					KRAKEN_APENAS	KRAKEN_APENAS	OK	1	1	VALIDATED_SAME_CONTENT_7_TARGETS	KRAKEN_APENAS	Lymphocryptovirus	OK
Lib3barcode57	OK	6451	432	6019	432	0	432	0	0	0.0	0	0	0.0	0.0				Lib3	barcode57	57	7	montagem_LIB_3_HSV6;montagem_LIB_3_HSV7;montagens_Alouatta_macconnelli_cytomegalovirus;montagens_Alouatta_palliata_cytomegalovirus;montagens_CALHV3;montagens_Cebus_albifrons_lymphocryptovirus_1;montagens_consenso_H1	1	7	7	8670642	2885695;2885830;2886352;2886534;2886604;2886702;2887385	1	0	Lib3	barcode57	22681	1327	Lymphocryptovirus callitrichinegamma3	S	3050250	Lymphocryptovirus	10375	131	0	3106	61	1.96	1920	196	1724	FORTE	106331	callitrichine gammaherpesvirus 3	Lymphocryptovirus	10375	196	98.684	99.56	228	398.0	SIM_HIERARQUICA	A_MUITO_FORTE	OK	1	1	VALIDATED_SAME_CONTENT_7_TARGETS	A_MUITO_FORTE	Lymphocryptovirus callitrichinegamma3	OK
Lib3barcode58	OK	5442	562	4880	562	0	562	0	0	0.0	0	0	0.0	0.0				Lib3	barcode58	58	7	montagem_LIB_3_HSV6;montagem_LIB_3_HSV7;montagens_Alouatta_macconnelli_cytomegalovirus;montagens_Alouatta_palliata_cytomegalovirus;montagens_CALHV3;montagens_Cebus_albifrons_lymphocryptovirus_1;montagens_consenso_H1	1	7	7	9734709	2751511;2751717;2752232;2752619;2752731;2752813;2753374	1	0	Lib3	barcode58	26934	2197	Lymphocryptovirus callitrichinegamma3	S	3050250	Lymphocryptovirus	10375	163	0	5014	72	1.44	4760	237	4523	FORTE	106331	callitrichine gammaherpesvirus 3	Lymphocryptovirus	10375	237	98.684	99.56	228	398.0	SIM_HIERARQUICA	A_MUITO_FORTE	OK	1	1	VALIDATED_SAME_CONTENT_7_TARGETS	A_MUITO_FORTE	Lymphocryptovirus callitrichinegamma3	OK
Lib3barcode59	OK	3887	0	3887	0	0	0	0	0	0.0	0	0						Lib3	barcode59	59	7	montagem_LIB_3_HSV6;montagem_LIB_3_HSV7;montagens_Alouatta_macconnelli_cytomegalovirus;montagens_Alouatta_palliata_cytomegalovirus;montagens_CALHV3;montagens_Cebus_albifrons_lymphocryptovirus_1;montagens_consenso_H1	1	7	7	7578122	1959846;1960127;1960376;1960420;1960461;1960862;1962104	1	0	Lib3	barcode59	15703	11	Fisher herpesvirus	S	1045882			1	1	5	2	40.00	0	0	0						0					KRAKEN_APENAS	KRAKEN_APENAS	OK	1	1	VALIDATED_SAME_CONTENT_7_TARGETS	KRAKEN_APENAS	Fisher herpesvirus	OK
Lib3barcode60	OK	2363	398	1965	398	0	398	0	0	0.0	0	0	0.0	0.0				Lib3	barcode60	60	7	montagem_LIB_3_HSV6;montagem_LIB_3_HSV7;montagens_Alouatta_macconnelli_cytomegalovirus;montagens_Alouatta_palliata_cytomegalovirus;montagens_CALHV3;montagens_Cebus_albifrons_lymphocryptovirus_1;montagens_consenso_H1	1	7	7	4936308	944298;944526;944541;944693;944703;945038;945438	1	0	Lib3	barcode60	13666	1392	Lymphocryptovirus callitrichinegamma3	S	3050250	Lymphocryptovirus	10375	108	0	2941	65	2.21	2332	209	2123	FORTE	106331	callitrichine gammaherpesvirus 3	Lymphocryptovirus	10375	208	98.684	99.56	228	398.0	SIM_HIERARQUICA	A_MUITO_FORTE	OK	1	1	VALIDATED_SAME_CONTENT_7_TARGETS	A_MUITO_FORTE	Lymphocryptovirus callitrichinegamma3	OK
Lib3barcode61	OK	1878	251	1627	251	0	251	0	0	0.0	0	0	0.0	0.0				Lib3	barcode61	61	7	montagem_LIB_3_HSV6;montagem_LIB_3_HSV7;montagens_Alouatta_macconnelli_cytomegalovirus;montagens_Alouatta_palliata_cytomegalovirus;montagens_CALHV3;montagens_Cebus_albifrons_lymphocryptovirus_1;montagens_consenso_H1	1	7	7	4057787	756483;756597;756796;756854;756875;756907;756917	1	0	Lib3	barcode61	10645	829	Lymphocryptovirus callitrichinegamma3	S	3050250	Lymphocryptovirus	10375	75	0	1912	62	3.24	1663	105	1558	FORTE	106331	callitrichine gammaherpesvirus 3	Lymphocryptovirus	10375	104	98.246	99.56	228	394.0	SIM_HIERARQUICA	A_MUITO_FORTE	OK	1	1	VALIDATED_SAME_CONTENT_7_TARGETS	A_MUITO_FORTE	Lymphocryptovirus callitrichinegamma3	OK
Lib3barcode62	OK	2641	289	2352	289	0	289	0	0	0.0	0	0	0.0	0.0				Lib3	barcode62	62	7	montagem_LIB_3_HSV6;montagem_LIB_3_HSV7;montagens_Alouatta_macconnelli_cytomegalovirus;montagens_Alouatta_palliata_cytomegalovirus;montagens_CALHV3;montagens_Cebus_albifrons_lymphocryptovirus_1;montagens_consenso_H1	1	7	7	5165207	1032603;1032674;1032741;1032803;1032891;1032984;1033001	1	0	Lib3	barcode62	13317	938	Lymphocryptovirus callitrichinegamma3	S	3050250	Lymphocryptovirus	10375	101	0	1782	56	3.14	1324	162	1162	FORTE	106331	callitrichine gammaherpesvirus 3	Lymphocryptovirus	10375	162	98.684	99.56	228	398.0	SIM_HIERARQUICA	A_MUITO_FORTE	OK	1	1	VALIDATED_SAME_CONTENT_7_TARGETS	A_MUITO_FORTE	Lymphocryptovirus callitrichinegamma3	OK
Lib3barcode63	OK	2380	2	2378	2	0	2	0	0	0.0	0	0	0.0	0.0				Lib3	barcode63	63	7	montagem_LIB_3_HSV6;montagem_LIB_3_HSV7;montagens_Alouatta_macconnelli_cytomegalovirus;montagens_Alouatta_palliata_cytomegalovirus;montagens_CALHV3;montagens_Cebus_albifrons_lymphocryptovirus_1;montagens_consenso_H1	1	7	7	4973109	1175459;1175491;1175676;1175751;1175769;1176074;1176158	1	0	Lib3	barcode63	10421	10	Lymphocryptovirus	G	10375	Lymphocryptovirus	10375	3	3	83	41	49.40	0	0	0						0					KRAKEN_APENAS	KRAKEN_APENAS	OK	1	1	VALIDATED_SAME_CONTENT_7_TARGETS	KRAKEN_APENAS	Lymphocryptovirus	OK
Lib3barcode64	OK	2107	65	2042	65	0	65	0	0	0.0	0	0	0.0	0.0				Lib3	barcode64	64	7	montagem_LIB_3_HSV6;montagem_LIB_3_HSV7;montagens_Alouatta_macconnelli_cytomegalovirus;montagens_Alouatta_palliata_cytomegalovirus;montagens_CALHV3;montagens_Cebus_albifrons_lymphocryptovirus_1;montagens_consenso_H1	1	7	7	4385788	923465;923478;923627;923646;923800;923841;923896	1	0	Lib3	barcode64	10032	346	Lymphocryptovirus callitrichinegamma3	S	3050250	Lymphocryptovirus	10375	26	0	536	37	6.90	203	31	172	FORTE	106331	callitrichine gammaherpesvirus 3	Lymphocryptovirus	10375	31	97.826	100.44	230	389.0	SIM_HIERARQUICA	A_MUITO_FORTE	OK	1	1	VALIDATED_SAME_CONTENT_7_TARGETS	A_MUITO_FORTE	Lymphocryptovirus callitrichinegamma3	OK
Lib3barcode65	OK	5799	1	5798	1	0	1	0	0	0.0	0	0	0.0	0.0				Lib3	barcode65	65	7	montagem_LIB_3_HSV6;montagem_LIB_3_HSV7;montagens_Alouatta_macconnelli_cytomegalovirus;montagens_Alouatta_palliata_cytomegalovirus;montagens_CALHV3;montagens_Cebus_albifrons_lymphocryptovirus_1;montagens_consenso_H1	1	7	7	7206802	2629580;2630762;2630780;2631297;2631525;2631538;2631612	1	0	Lib3	barcode65	17196	11	Lymphocryptovirus	G	10375	Lymphocryptovirus	10375	1	1	50	36	72.00	0	0	0						0					KRAKEN_APENAS	KRAKEN_APENAS	OK	1	1	VALIDATED_SAME_CONTENT_7_TARGETS	KRAKEN_APENAS	Lymphocryptovirus	OK
Lib3barcode66	OK	5129	7	5122	7	0	7	0	0	0.0	0	0	0.0	0.0				Lib3	barcode66	66	7	montagem_LIB_3_HSV6;montagem_LIB_3_HSV7;montagens_Alouatta_macconnelli_cytomegalovirus;montagens_Alouatta_palliata_cytomegalovirus;montagens_CALHV3;montagens_Cebus_albifrons_lymphocryptovirus_1;montagens_consenso_H1	1	7	7	6430225	2520825;2521190;2521299;2521425;2521660;2521805;2522093	1	0	Lib3	barcode66	14510	22	Lymphocryptovirus callitrichinegamma3	S	3050250	Lymphocryptovirus	10375	1	0	40	18	45.00	12	3	9	FORTE	106331	callitrichine gammaherpesvirus 3	Lymphocryptovirus	10375	3	97.368	100.00	228	381.0	SIM_HIERARQUICA	A_MUITO_FORTE	OK	1	1	VALIDATED_SAME_CONTENT_7_TARGETS	A_MUITO_FORTE	Lymphocryptovirus callitrichinegamma3	OK
Lib3barcode67	OK	5556	215	5341	215	0	215	0	0	0.0	0	0	0.0	0.0				Lib3	barcode67	67	7	montagem_LIB_3_HSV6;montagem_LIB_3_HSV7;montagens_Alouatta_macconnelli_cytomegalovirus;montagens_Alouatta_palliata_cytomegalovirus;montagens_CALHV3;montagens_Cebus_albifrons_lymphocryptovirus_1;montagens_consenso_H1	1	7	7	7656051	2708870;2709043;2709399;2709403;2709720;2709777;2711411	1	0	Lib3	barcode67	17748	562	Lymphocryptovirus callitrichinegamma3	S	3050250	Lymphocryptovirus	10375	74	0	1268	52	4.10	728	101	627	FORTE	106331	callitrichine gammaherpesvirus 3	Lymphocryptovirus	10375	101	98.684	99.56	228	398.0	SIM_HIERARQUICA	A_MUITO_FORTE	OK	1	1	VALIDATED_SAME_CONTENT_7_TARGETS	A_MUITO_FORTE	Lymphocryptovirus callitrichinegamma3	OK
Lib3barcode68	OK	2263	0	2263	0	0	0	0	0	0.0	0	0						Lib3	barcode68	68	7	montagem_LIB_3_HSV6;montagem_LIB_3_HSV7;montagens_Alouatta_macconnelli_cytomegalovirus;montagens_Alouatta_palliata_cytomegalovirus;montagens_CALHV3;montagens_Cebus_albifrons_lymphocryptovirus_1;montagens_consenso_H1	1	7	7	3629020	988893;989038;989082;989165;989216;989560;989600	1	0	Lib3	barcode68	8579	5	Lymphocryptovirus	G	10375	Lymphocryptovirus	10375	1	1	31	27	87.10	0	0	0						0					KRAKEN_APENAS	KRAKEN_APENAS	OK	1	1	VALIDATED_SAME_CONTENT_7_TARGETS	KRAKEN_APENAS	Lymphocryptovirus	OK
Lib3barcode69	OK	621	0	621	0	0	0	0	0	0.0	0	0						Lib3	barcode69	69	7	montagem_LIB_3_HSV6;montagem_LIB_3_HSV7;montagens_Alouatta_macconnelli_cytomegalovirus;montagens_Alouatta_palliata_cytomegalovirus;montagens_CALHV3;montagens_Cebus_albifrons_lymphocryptovirus_1;montagens_consenso_H1	1	7	7	1212863	262858;262971;263019;263081;263094;263162	1	0	Lib3	barcode69	2876	5						0	0	0	0	0.00	0	0	0						0					NAO	SEM_EVIDENCIA	OK	1	1	VALIDATED_SAME_CONTENT_7_TARGETS	SEM_EVIDENCIA		OK
Lib3barcode70	OK	3333	294	3039	294	0	294	0	0	0.0	0	0	0.0	0.0				Lib3	barcode70	70	7	montagem_LIB_3_HSV6;montagem_LIB_3_HSV7;montagens_Alouatta_macconnelli_cytomegalovirus;montagens_Alouatta_palliata_cytomegalovirus;montagens_CALHV3;montagens_Cebus_albifrons_lymphocryptovirus_1;montagens_consenso_H1	1	7	7	4526486	1324086;1324251;1324292;1324375;1324601;1324697;1324727	1	0	Lib3	barcode70	11944	709	Lymphocryptovirus callitrichinegamma3	S	3050250	Lymphocryptovirus	10375	76	0	1600	44	2.75	971	157	814	FORTE	106331	callitrichine gammaherpesvirus 3	Lymphocryptovirus	10375	157	98.684	99.56	228	398.0	SIM_HIERARQUICA	A_MUITO_FORTE	OK	1	1	VALIDATED_SAME_CONTENT_7_TARGETS	A_MUITO_FORTE	Lymphocryptovirus callitrichinegamma3	OK
Lib3barcode71	OK	2405	263	2142	263	0	263	0	0	0.0	0	0	0.0	0.0				Lib3	barcode71	71	7	montagem_LIB_3_HSV6;montagem_LIB_3_HSV7;montagens_Alouatta_macconnelli_cytomegalovirus;montagens_Alouatta_palliata_cytomegalovirus;montagens_CALHV3;montagens_Cebus_albifrons_lymphocryptovirus_1;montagens_consenso_H1	1	7	7	5227721	1065852;1065953;1066067;1066210;1066233;1066608;1067327	1	0	Lib3	barcode71	12785	891	Lymphocryptovirus callitrichinegamma3	S	3050250	Lymphocryptovirus	10375	163	0	2974	53	1.78	1659	153	1506	FORTE	106331	callitrichine gammaherpesvirus 3	Lymphocryptovirus	10375	153	99.123	99.56	228	403.0	SIM_HIERARQUICA	A_MUITO_FORTE	OK	1	1	VALIDATED_SAME_CONTENT_7_TARGETS	A_MUITO_FORTE	Lymphocryptovirus callitrichinegamma3	OK
Lib3barcode72	OK	2842	397	2445	397	0	397	0	0	0.0	0	0	0.0	0.0				Lib3	barcode72	72	7	montagem_LIB_3_HSV6;montagem_LIB_3_HSV7;montagens_Alouatta_macconnelli_cytomegalovirus;montagens_Alouatta_palliata_cytomegalovirus;montagens_CALHV3;montagens_Cebus_albifrons_lymphocryptovirus_1;montagens_consenso_H1	1	7	7	5017056	1089198;1089513;1089519;1089647;1089725;1089843;1090185	1	0	Lib3	barcode72	15539	1781	Lymphocryptovirus callitrichinegamma3	S	3050250	Lymphocryptovirus	10375	128	0	3611	60	1.66	3362	155	3207	FORTE	106331	callitrichine gammaherpesvirus 3	Lymphocryptovirus	10375	154	99.111	99.56	225	398.0	SIM_HIERARQUICA	A_MUITO_FORTE	OK	1	1	VALIDATED_SAME_CONTENT_7_TARGETS	A_MUITO_FORTE	Lymphocryptovirus callitrichinegamma3	OK
Lib3barcode73	OK	3220	178	3042	178	0	178	0	0	0.0	0	0	0.0	0.0				Lib3	barcode73	73	7	montagem_LIB_3_HSV6;montagem_LIB_3_HSV7;montagens_Alouatta_macconnelli_cytomegalovirus;montagens_Alouatta_palliata_cytomegalovirus;montagens_CALHV3;montagens_Cebus_albifrons_lymphocryptovirus_1;montagens_consenso_H1	1	7	7	4518382	1645544;1645652;1646282;1646524;1646608;1646695;1647194	1	0	Lib3	barcode73	9972	427	Lymphocryptovirus callitrichinegamma3	S	3050250	Lymphocryptovirus	10375	73	0	1461	39	2.67	491	81	410	FORTE	106331	callitrichine gammaherpesvirus 3	Lymphocryptovirus	10375	81	99.123	99.56	228	403.0	SIM_HIERARQUICA	A_MUITO_FORTE	OK	1	1	VALIDATED_SAME_CONTENT_7_TARGETS	A_MUITO_FORTE	Lymphocryptovirus callitrichinegamma3	OK
Lib3barcode74	OK	1965	0	1965	0	0	0	0	0	0.0	0	0						Lib3	barcode74	74	7	montagem_LIB_3_HSV6;montagem_LIB_3_HSV7;montagens_Alouatta_macconnelli_cytomegalovirus;montagens_Alouatta_palliata_cytomegalovirus;montagens_CALHV3;montagens_Cebus_albifrons_lymphocryptovirus_1;montagens_consenso_H1	1	7	7	3046077	817441;817529;817544;817986;818095;818155;818231	1	0	Lib3	barcode74	7327	9						0	0	0	0	0.00	0	0	0						0					NAO	SEM_EVIDENCIA	OK	1	1	VALIDATED_SAME_CONTENT_7_TARGETS	SEM_EVIDENCIA		OK
Lib3barcode75	OK	3264	1	3263	1	0	1	0	0	0.0	0	0	0.0	0.0				Lib3	barcode75	75	7	montagem_LIB_3_HSV6;montagem_LIB_3_HSV7;montagens_Alouatta_macconnelli_cytomegalovirus;montagens_Alouatta_palliata_cytomegalovirus;montagens_CALHV3;montagens_Cebus_albifrons_lymphocryptovirus_1;montagens_consenso_H1	1	7	7	7154656	1409480;1409822;1410479;1410592;1410728;1410841;1411130	1	0	Lib3	barcode75	16483	10	Lymphocryptovirus	G	10375	Lymphocryptovirus	10375	2	2	39	32	82.05	0	0	0						0					KRAKEN_APENAS	KRAKEN_APENAS	OK	1	1	VALIDATED_SAME_CONTENT_7_TARGETS	KRAKEN_APENAS	Lymphocryptovirus	OK
Lib3barcode76	OK	1773	233	1540	233	0	233	0	0	0.0	0	0	0.0	0.0				Lib3	barcode76	76	7	montagem_LIB_3_HSV6;montagem_LIB_3_HSV7;montagens_Alouatta_macconnelli_cytomegalovirus;montagens_Alouatta_palliata_cytomegalovirus;montagens_CALHV3;montagens_Cebus_albifrons_lymphocryptovirus_1;montagens_consenso_H1	1	7	7	2328359	600136;600146;600193;600194;600219;600583;600623	1	0	Lib3	barcode76	6783	638	Lymphocryptovirus callitrichinegamma3	S	3050250	Lymphocryptovirus	10375	187	0	2504	45	1.80	521	123	398	FORTE	106331	callitrichine gammaherpesvirus 3	Lymphocryptovirus	10375	123	98.261	100.44	230	394.0	SIM_HIERARQUICA	A_MUITO_FORTE	OK	1	1	VALIDATED_SAME_CONTENT_7_TARGETS	A_MUITO_FORTE	Lymphocryptovirus callitrichinegamma3	OK
Lib3barcode77	OK	3732	0	3732	0	0	0	0	0	0.0	0	0						Lib3	barcode77	77	7	montagem_LIB_3_HSV6;montagem_LIB_3_HSV7;montagens_Alouatta_macconnelli_cytomegalovirus;montagens_Alouatta_palliata_cytomegalovirus;montagens_CALHV3;montagens_Cebus_albifrons_lymphocryptovirus_1;montagens_consenso_H1	1	7	7	7384334	1991992;1992329;1992473;1992640;1992792;1992997;1993707	1	0	Lib3	barcode77	15042	2	Lymphocryptovirus	G	10375	Lymphocryptovirus	10375	1	0	32	30	93.75	0	0	0						0					KRAKEN_APENAS	KRAKEN_APENAS	OK	1	1	VALIDATED_SAME_CONTENT_7_TARGETS	KRAKEN_APENAS	Lymphocryptovirus	OK
Lib3barcode78	OK	6053	1	6052	1	0	1	0	0	0.0	0	0	0.0	0.0				Lib3	barcode78	78	7	montagem_LIB_3_HSV6;montagem_LIB_3_HSV7;montagens_Alouatta_macconnelli_cytomegalovirus;montagens_Alouatta_palliata_cytomegalovirus;montagens_CALHV3;montagens_Cebus_albifrons_lymphocryptovirus_1;montagens_consenso_H1	1	7	7	6755815	2180461;2181692;2182142;2182247;2182509;2182601;2183170	1	0	Lib3	barcode78	18482	10	Lymphocryptovirus callitrichinegamma3	S	3050250	Lymphocryptovirus	10375	1	0	22	14	63.64	0	0	0						0					KRAKEN_APENAS	KRAKEN_APENAS	OK	1	1	VALIDATED_SAME_CONTENT_7_TARGETS	KRAKEN_APENAS	Lymphocryptovirus callitrichinegamma3	OK
Lib3barcode79	OK	1624	0	1624	0	0	0	0	0	0.0	0	0						Lib3	barcode79	79	7	montagem_LIB_3_HSV6;montagem_LIB_3_HSV7;montagens_Alouatta_macconnelli_cytomegalovirus;montagens_Alouatta_palliata_cytomegalovirus;montagens_CALHV3;montagens_Cebus_albifrons_lymphocryptovirus_1;montagens_consenso_H1	1	7	7	2050354	489126;489249;489390;489498;489609;489639;489818	1	0	Lib3	barcode79	6916	3						0	0	0	0	0.00	0	0	0						0					NAO	SEM_EVIDENCIA	OK	1	1	VALIDATED_SAME_CONTENT_7_TARGETS	SEM_EVIDENCIA		OK
Lib3barcode80	MULTITARGET_ALIGNMENT;TIED_BEST_AS;AMAC_APAL_REFERENCE_AMBIGUITY	1589	259	1330	100	159	249	10	0	0.0	0	0	0.61389961	0.03861004	1_HAPLOTIPO_DPOL_OBSERVADO_REFERENCIAS_AMBIGUAS	COMPATIVEL_COM_AMACCMV_E_APALCMV_SEM_RESOLUCAO_ENTRE_REFERENCIAS	EVIDENCIA_DE_DOIS_HAPLOTIPOS_NAO_DEMONSTRADA	Lib3	barcode80	80	7	montagem_LIB_3_HSV6;montagem_LIB_3_HSV7;montagens_Alouatta_macconnelli_cytomegalovirus;montagens_Alouatta_palliata_cytomegalovirus;montagens_CALHV3;montagens_Cebus_albifrons_lymphocryptovirus_1;montagens_consenso_H1	1	7	7	2362603	423022;423126;423132;423141;423170;423176;423209	1	0	Lib3	barcode80	8389	243	Alouatta macconnelli cytomegalovirus	S	1881000	Cytomegalovirus	10358	209	209	1596	15	0.94	269	0	269	DIVERGENTE	1881000	Alouatta macconnelli cytomegalovirus	Cytomegalovirus	10358	266	94.690	100.00	226	356.0	SIM_EXATO	C_DIVERGENTE_CONCORDANTE	OK	1	1	VALIDATED_SAME_CONTENT_7_TARGETS	C_DIVERGENTE_CONCORDANTE	Alouatta macconnelli cytomegalovirus	OK
Lib3barcode81	OK	2466	506	1960	506	0	506	0	0	0.0	0	0	0.0	0.0				Lib3	barcode81	81	8	montagem_LIB_3_HSV6;montagem_LIB_3_HSV7;montagem_LIB_3_Macaca_Fascicularis_Lymphocryptovirus;montagens_Alouatta_macconnelli_cytomegalovirus;montagens_Alouatta_palliata_cytomegalovirus;montagens_CALHV3;montagens_Cebus_albifrons_lymphocryptovirus_1;montagens_consenso_H1	1	8	8	5179435	957589;957746;957938;958044;958064;958223;958247;5189515	1	0	Lib3	barcode81	13305	1350	Cebus albifrons lymphocryptovirus 1	S	209064	Lymphocryptovirus	10375	278	278	4503	24	0.53	1042	31	1011	FORTE	209064	Cebus albifrons lymphocryptovirus 1	Lymphocryptovirus	10375	31	96.262	100.00	214	347.0	SIM_EXATO	A_MUITO_FORTE	OK	1	1	VALIDATED_SAME_CONTENT_7_TARGETS	A_MUITO_FORTE	Cebus albifrons lymphocryptovirus 1	OK
Lib3barcode82	OK	4485	1	4484	1	0	1	0	0	0.0	0	0	0.0	0.0				Lib3	barcode82	82	7	montagem_LIB_3_HSV6;montagem_LIB_3_HSV7;montagens_Alouatta_macconnelli_cytomegalovirus;montagens_Alouatta_palliata_cytomegalovirus;montagens_CALHV3;montagens_Cebus_albifrons_lymphocryptovirus_1;montagens_consenso_H1	1	7	7	4012095	1941327;1941350;1941624;1941777;1941809;1942209;1943029	1	0	Lib3	barcode82	10452	8	Roseolovirus humanbeta7	S	3050298	Roseolovirus	40272	1	0	13	13	100.00	0	0	0						0					KRAKEN_APENAS	KRAKEN_APENAS	OK	1	1	VALIDATED_SAME_CONTENT_7_TARGETS	KRAKEN_APENAS	Roseolovirus humanbeta7	OK
Lib3barcode83	OK	6123	0	6123	0	0	0	0	0	0.0	0	0						Lib3	barcode83	83	7	montagem_LIB_3_HSV6;montagem_LIB_3_HSV7;montagens_Alouatta_macconnelli_cytomegalovirus;montagens_Alouatta_palliata_cytomegalovirus;montagens_CALHV3;montagens_Cebus_albifrons_lymphocryptovirus_1;montagens_consenso_H1	1	7	7	6923199	3328466;3328896;3328921;3329473;3329500;3329589;3329593	1	0	Lib3	barcode83	15406	4	Lymphocryptovirus	G	10375	Lymphocryptovirus	10375	1	1	33	27	81.82	0	0	0						0					KRAKEN_APENAS	KRAKEN_APENAS	OK	1	1	VALIDATED_SAME_CONTENT_7_TARGETS	KRAKEN_APENAS	Lymphocryptovirus	OK
Lib3barcode84	OK	1335	198	1137	198	0	198	0	0	0.0	0	0	0.0	0.0				Lib3	barcode84	84	7	montagem_LIB_3_HSV6;montagem_LIB_3_HSV7;montagens_Alouatta_macconnelli_cytomegalovirus;montagens_Alouatta_palliata_cytomegalovirus;montagens_CALHV3;montagens_Cebus_albifrons_lymphocryptovirus_1;montagens_consenso_H1	1	7	7	2976863	612481;612551;612568;612637;612760;612764;612790	1	0	Lib3	barcode84	8598	981	Lymphocryptovirus callitrichinegamma3	S	3050250	Lymphocryptovirus	10375	65	0	2063	53	2.57	1766	75	1691	FORTE	106331	callitrichine gammaherpesvirus 3	Lymphocryptovirus	10375	75	98.230	99.56	226	390.0	SIM_HIERARQUICA	A_MUITO_FORTE	OK	1	1	VALIDATED_SAME_CONTENT_7_TARGETS	A_MUITO_FORTE	Lymphocryptovirus callitrichinegamma3	OK
Lib3barcode85	OK	2013	423	1590	423	0	423	0	0	0.0	0	0	0.0	0.0				Lib3	barcode85	85	7	montagem_LIB_3_HSV6;montagem_LIB_3_HSV7;montagens_Alouatta_macconnelli_cytomegalovirus;montagens_Alouatta_palliata_cytomegalovirus;montagens_CALHV3;montagens_Cebus_albifrons_lymphocryptovirus_1;montagens_consenso_H1	1	7	7	4058773	554595;554626;554723;554877;554909;555066;555116	1	0	Lib3	barcode85	12912	2109	Lymphocryptovirus callitrichinegamma3	S	3050250	Lymphocryptovirus	10375	121	0	3604	68	1.89	1821	173	1648	FORTE	106331	callitrichine gammaherpesvirus 3	Lymphocryptovirus	10375	170	98.261	100.44	230	394.0	SIM_HIERARQUICA	A_MUITO_FORTE	OK	1	1	VALIDATED_SAME_CONTENT_7_TARGETS	A_MUITO_FORTE	Lymphocryptovirus callitrichinegamma3	OK
Lib3barcode86	OK	1850	2	1848	2	0	2	0	0	0.0	0	0	0.0	0.0				Lib3	barcode86	86	7	montagem_LIB_3_HSV6;montagem_LIB_3_HSV7;montagens_Alouatta_macconnelli_cytomegalovirus;montagens_Alouatta_palliata_cytomegalovirus;montagens_CALHV3;montagens_Cebus_albifrons_lymphocryptovirus_1;montagens_consenso_H1	1	7	7	4058125	732579;732800;733095;733146;733210;733211;733266	1	0	Lib3	barcode86	14127	4						0	0	0	0	0.00	0	0	0						0					NAO	SEM_EVIDENCIA	OK	1	1	VALIDATED_SAME_CONTENT_7_TARGETS	SEM_EVIDENCIA		OK
Lib3barcode87	OK	2566	105	2461	105	0	105	0	0	0.0	0	0	0.0	0.0				Lib3	barcode87	87	7	montagem_LIB_3_HSV6;montagem_LIB_3_HSV7;montagens_Alouatta_macconnelli_cytomegalovirus;montagens_Alouatta_palliata_cytomegalovirus;montagens_CALHV3;montagens_Cebus_albifrons_lymphocryptovirus_1;montagens_consenso_H1	1	7	7	6113691	1268436;1268700;1269067;1269071;1269338;1269633;1269952	1	0	Lib3	barcode87	11703	237	Roseolovirus humanbeta7	S	3050298	Roseolovirus	40272	179	0	4375	52	1.19	102	8	94	FORTE	10298	Human alphaherpesvirus 1	Simplexvirus	10294	4	96.916	98.27	227	375.0	DIVERGENCIA_TAXONOMICA	REVISAR_TAXONOMIA	OK	1	1	VALIDATED_SAME_CONTENT_7_TARGETS	REVISAR_TAXONOMIA	Roseolovirus humanbeta7	OK
Lib3barcode88	OK	115	1	114	1	0	1	0	0	0.0	0	0	0.0	0.0				Lib3	barcode88	88	7	montagem_LIB_3_HSV6;montagem_LIB_3_HSV7;montagens_Alouatta_macconnelli_cytomegalovirus;montagens_Alouatta_palliata_cytomegalovirus;montagens_CALHV3;montagens_Cebus_albifrons_lymphocryptovirus_1;montagens_consenso_H1	1	7	7	547490	82872;82893;82901;82906;82911;82928;82940	1	0	Lib3	barcode88	844	8	Lymphocryptovirus callitrichinegamma3	S	3050250	Lymphocryptovirus	10375	1	0	18	12	66.67	0	0	0						0					KRAKEN_APENAS	KRAKEN_APENAS	OK	1	1	VALIDATED_SAME_CONTENT_7_TARGETS	KRAKEN_APENAS	Lymphocryptovirus callitrichinegamma3	OK
Lib3barcode89	OK	2140	0	2140	0	0	0	0	0	0.0	0	0						Lib3	barcode89	89	7	montagem_LIB_3_HSV6;montagem_LIB_3_HSV7;montagens_Alouatta_macconnelli_cytomegalovirus;montagens_Alouatta_palliata_cytomegalovirus;montagens_CALHV3;montagens_Cebus_albifrons_lymphocryptovirus_1;montagens_consenso_H1	1	7	7	4728139	931638;931813;931844;931860;931895;932061;932089	1	0	Lib3	barcode89	15242	3						0	0	0	0	0.00	0	0	0						0					NAO	SEM_EVIDENCIA	OK	1	1	VALIDATED_SAME_CONTENT_7_TARGETS	SEM_EVIDENCIA		OK
Lib3barcode90	OK	1369	246	1123	246	0	246	0	0	0.0	0	0	0.0	0.0				Lib3	barcode90	90	7	montagem_LIB_3_HSV6;montagem_LIB_3_HSV7;montagens_Alouatta_macconnelli_cytomegalovirus;montagens_Alouatta_palliata_cytomegalovirus;montagens_CALHV3;montagens_Cebus_albifrons_lymphocryptovirus_1;montagens_consenso_H1	1	7	7	3285283	600407;600412;600680;600701;600711;601012;601106	1	0	Lib3	barcode90	9332	1099	Lymphocryptovirus callitrichinegamma3	S	3050250	Lymphocryptovirus	10375	73	0	2095	51	2.43	1956	95	1861	FORTE	106331	callitrichine gammaherpesvirus 3	Lymphocryptovirus	10375	95	99.115	99.56	226	399.0	SIM_HIERARQUICA	A_MUITO_FORTE	OK	1	1	VALIDATED_SAME_CONTENT_7_TARGETS	A_MUITO_FORTE	Lymphocryptovirus callitrichinegamma3	OK
Lib3barcode91	OK	4367	0	4367	0	0	0	0	0	0.0	0	0						Lib3	barcode91	91	7	montagem_LIB_3_HSV6;montagem_LIB_3_HSV7;montagens_Alouatta_macconnelli_cytomegalovirus;montagens_Alouatta_palliata_cytomegalovirus;montagens_CALHV3;montagens_Cebus_albifrons_lymphocryptovirus_1;montagens_consenso_H1	1	7	7	5867325	2169032;2169162;2169322;2169813;2170183;2170236;2170557	1	0	Lib3	barcode91	12588	5						0	0	0	0	0.00	0	0	0						0					NAO	SEM_EVIDENCIA	OK	1	1	VALIDATED_SAME_CONTENT_7_TARGETS	SEM_EVIDENCIA		OK
Lib3barcode92	OK	2251	153	2098	153	0	153	0	0	0.0	0	0	0.0	0.0				Lib3	barcode92	92	7	montagem_LIB_3_HSV6;montagem_LIB_3_HSV7;montagens_Alouatta_macconnelli_cytomegalovirus;montagens_Alouatta_palliata_cytomegalovirus;montagens_CALHV3;montagens_Cebus_albifrons_lymphocryptovirus_1;montagens_consenso_H1	1	7	7	4489443	1352438;1352606;1352733;1352835;1352867;1353120;1353153	1	0	Lib3	barcode92	9666	743	Lymphocryptovirus callitrichinegamma3	S	3050250	Lymphocryptovirus	10375	38	0	1743	56	3.21	1095	59	1036	FORTE	106331	callitrichine gammaherpesvirus 3	Lymphocryptovirus	10375	59	97.807	99.56	228	389.0	SIM_HIERARQUICA	A_MUITO_FORTE	OK	1	1	VALIDATED_SAME_CONTENT_7_TARGETS	A_MUITO_FORTE	Lymphocryptovirus callitrichinegamma3	OK
Lib3barcode93	OK	1638	0	1638	0	0	0	0	0	0.0	0	0						Lib3	barcode93	93	7	montagem_LIB_3_HSV6;montagem_LIB_3_HSV7;montagens_Alouatta_macconnelli_cytomegalovirus;montagens_Alouatta_palliata_cytomegalovirus;montagens_CALHV3;montagens_Cebus_albifrons_lymphocryptovirus_1;montagens_consenso_H1	1	7	7	3708634	700988;701215;701461;701508;701528;701581;701974	1	0	Lib3	barcode93	10616	8	Lymphocryptovirus	G	10375	Lymphocryptovirus	10375	1	1	84	37	44.05	0	0	0						0					KRAKEN_APENAS	KRAKEN_APENAS	OK	1	1	VALIDATED_SAME_CONTENT_7_TARGETS	KRAKEN_APENAS	Lymphocryptovirus	OK
Lib3barcode94	OK	2110	0	2110	0	0	0	0	0	0.0	0	0						Lib3	barcode94	94	7	montagem_LIB_3_HSV6;montagem_LIB_3_HSV7;montagens_Alouatta_macconnelli_cytomegalovirus;montagens_Alouatta_palliata_cytomegalovirus;montagens_CALHV3;montagens_Cebus_albifrons_lymphocryptovirus_1;montagens_consenso_H1	1	7	7	3251905	892948;893173;893256;893369;893373;893579;893729	1	0	Lib3	barcode94	10718	4	Lymphocryptovirus callitrichinegamma3	S	3050250	Lymphocryptovirus	10375	1	0	6	6	100.00	0	0	0						0					KRAKEN_APENAS	KRAKEN_APENAS	OK	1	1	VALIDATED_SAME_CONTENT_7_TARGETS	KRAKEN_APENAS	Lymphocryptovirus callitrichinegamma3	OK
Lib3barcode95	OK	4589	0	4589	0	0	0	0	0	0.0	0	0						Lib3	barcode95	95	7	montagem_LIB_3_HSV6;montagem_LIB_3_HSV7;montagens_Alouatta_macconnelli_cytomegalovirus;montagens_Alouatta_palliata_cytomegalovirus;montagens_CALHV3;montagens_Cebus_albifrons_lymphocryptovirus_1;montagens_consenso_H1	1	7	7	6165889	3075840;3076076;3076435;3076610;3076852;3076958;3077434	1	0	Lib3	barcode95	10439	1						0	0	0	0	0.00	0	0	0						0					NAO	SEM_EVIDENCIA	OK	1	1	VALIDATED_SAME_CONTENT_7_TARGETS	SEM_EVIDENCIA		OK
Lib3barcode96	OK	2925	0	2925	0	0	0	0	0	0.0	0	0						Lib3	barcode96	96	7	montagem_LIB_3_HSV6;montagem_LIB_3_HSV7;montagens_Alouatta_macconnelli_cytomegalovirus;montagens_Alouatta_palliata_cytomegalovirus;montagens_CALHV3;montagens_Cebus_albifrons_lymphocryptovirus_1;montagens_consenso_H1	1	7	7	961798	415083;415108;415125;415381;415671;415765;416080	1	0	Lib3	barcode96	6737	5	Lymphocryptovirus	G	10375	Lymphocryptovirus	10375	1	1	33	26	78.79	2	0	2	DIVERGENTE	106331	callitrichine gammaherpesvirus 3	Lymphocryptovirus	10375	2	88.235	94.44	204	229.0	SIM_HIERARQUICA	C_DIVERGENTE_CONCORDANTE	OK	1	1	VALIDATED_SAME_CONTENT_7_TARGETS	C_DIVERGENTE_CONCORDANTE	Lymphocryptovirus	OK
